uid,namedLocation,domainID,siteID,plotID,trapID,setDate,collectDate,eventID,trappingDays,fieldSampleID,samplingProtocolVersion,trapCondition,toxicodendronPossible,remarks,measuredBy,recordedBy
"969dd34a-1875-45d3-a74a-6aa3b0e25a11","NIWO_063.basePlot.ltr","D13","NIWO","NIWO_063","NIWO_063_062","2017-11-20","2018-06-07","LTR.2018.NIWO.01",199,"NEON.LTR.NIWO063062.20180607","NEON.DOC.001710vE","OK - Litter collected - Trap in good shape, no issues",,,"szrillo@battelleecology.org","msligh@battelleecology.org"
"c54ec9cc-db2b-4a43-8f54-7c2dd0b186fb","NIWO_046.basePlot.ltr","D13","NIWO","NIWO_046","NIWO_046_155","2017-11-20","2018-06-07","LTR.2018.NIWO.01",199,,"NEON.DOC.001710vE","TB - Litter not collected - trap blocked",,"Snow covered","szrillo@battelleecology.org","msligh@battelleecology.org"
"e2315baa-6e2f-499c-b832-076e8ae456cf","NIWO_062.basePlot.ltr","D13","NIWO","NIWO_062","NIWO_062_050","2017-11-20","2018-06-07","LTR.2018.NIWO.01",199,"NEON.LTR.NIWO062050.20180607","NEON.DOC.001710vE","OK - Litter collected - Trap in good shape, no issues",,,"szrillo@battelleecology.org","szrillo@battelleecology.org"
"fed77435-5951-4fa3-b95c-a971844428da","NIWO_061.basePlot.ltr","D13","NIWO","NIWO_061","NIWO_061_169","2017-11-20","2018-06-07","LTR.2018.NIWO.01",199,"NEON.LTR.NIWO061169.20180607","NEON.DOC.001710vE","OK - Litter collected - Trap in good shape, no issues",,,"szrillo@battelleecology.org","msligh@battelleecology.org"
"f7ebdfe2-ee4f-4efa-b6c5-fd8263b1dfcd","NIWO_064.basePlot.ltr","D13","NIWO","NIWO_064","NIWO_064_103","2017-11-20","2018-06-07","LTR.2018.NIWO.01",199,"NEON.LTR.NIWO064103.20180607","NEON.DOC.001710vE","OK - Litter collected - Trap in good shape, no issues",,,"szrillo@battelleecology.org","msligh@battelleecology.org"
"5f1d06e8-e87c-4706-83d5-0e1bfdfa6e01","NIWO_057.basePlot.ltr","D13","NIWO","NIWO_057","NIWO_057_081","2017-11-20","2018-06-07","LTR.2018.NIWO.01",199,"NEON.LTR.NIWO057081.20180607","NEON.DOC.001710vE","OK - Litter collected - Trap in good shape, no issues",,,"szrillo@battelleecology.org","msligh@battelleecology.org"
"ca5923cd-89f9-4bd7-b272-036db00897ea","NIWO_067.basePlot.ltr","D13","NIWO","NIWO_067","NIWO_067_017","2017-11-20","2018-06-07","LTR.2018.NIWO.01",199,,"NEON.DOC.001710vE","TB - Litter not collected - trap blocked",,"Snow covered","szrillo@battelleecology.org","msligh@battelleecology.org"
"659ed192-b2bd-4d06-88a4-62db119a65ae","NIWO_040.basePlot.ltr","D13","NIWO","NIWO_040","NIWO_040_205","2017-11-20","2018-06-07","LTR.2018.NIWO.01",199,"NEON.LTR.NIWO040205.20180607","NEON.DOC.001710vE","OK - Litter collected - Trap in good shape, no issues",,,"szrillo@battelleecology.org","msligh@battelleecology.org"
"1e27d1d8-600d-4bec-8862-f948c99d77fc","NIWO_041.basePlot.ltr","D13","NIWO","NIWO_041","NIWO_041_059","2017-11-20","2018-06-07","LTR.2018.NIWO.01",199,,"NEON.DOC.001710vE","TB - Litter not collected - trap blocked",,"Trap buried in snow","szrillo@battelleecology.org","szrillo@battelleecology.org"
"355b4b19-fffa-4f55-9bde-c4fb6c66f3e5","NIWO_047.basePlot.ltr","D13","NIWO","NIWO_047","NIWO_047_197","2017-11-20","2018-06-07","LTR.2018.NIWO.01",199,"NEON.LTR.NIWO047197.20180607","NEON.DOC.001710vE","OK - Litter collected - Trap in good shape, no issues",,,"szrillo@battelleecology.org","szrillo@battelleecology.org"
"e1d2db99-6db7-44c6-a229-772fbf094bcc","NIWO_051.basePlot.ltr","D13","NIWO","NIWO_051","NIWO_051_045","2017-11-20","2018-06-07","LTR.2018.NIWO.01",199,,"NEON.DOC.001710vE","TB - Litter not collected - trap blocked",,"Trap buried in snow","szrillo@battelleecology.org","msligh@battelleecology.org"
"7bf94eb1-d209-42d9-9d3e-e0220bf253da","NIWO_058.basePlot.ltr","D13","NIWO","NIWO_058","NIWO_058_101","2017-11-20","2018-06-07","LTR.2018.NIWO.01",199,"NEON.LTR.NIWO058101.20180607","NEON.DOC.001710vE","OK - Litter collected - Trap in good shape, no issues",,,"szrillo@battelleecology.org","msligh@battelleecology.org"
