uid,namedLocation,domainID,siteID,plotID,trapID,setDate,collectDate,eventID,trappingDays,fieldSampleID,samplingProtocolVersion,trapCondition,toxicodendronPossible,remarks,measuredBy,recordedBy
"e4d06e01-ded2-44ef-9d97-b7a9dd18be8f","NIWO_067.basePlot.ltr","D13","NIWO","NIWO_067","NIWO_067_043","2017-10-12","2018-09-27","LTR.2018.NIWO.01",350,,"NEON.DOC.001710vE","TE - Litter not collected - trap empty",,,"vjiang@battelleecology.org","szrillo@battelleecology.org"
"290dd5cb-6fe1-4c8a-8225-fabe8c61842f","NIWO_046.basePlot.ltr","D13","NIWO","NIWO_046","NIWO_046_006","2017-10-12","2018-09-27","LTR.2018.NIWO.01",350,,"NEON.DOC.001710vE","TE - Litter not collected - trap empty",,,"kstyers@battelleecology.org","mhughes@battelleecology.org"
"132778ab-0bd8-460f-b161-6ee38a434183","NIWO_058.basePlot.ltr","D13","NIWO","NIWO_058","NIWO_058_121","2017-10-12","2018-09-27","LTR.2018.NIWO.01",350,,"NEON.DOC.001710vE","TE - Litter not collected - trap empty",,,"vjiang@battelleecology.org","szrillo@battelleecology.org"
"8bfcba6b-e4ed-4631-bd55-b89ab2bb567c","NIWO_062.basePlot.ltr","D13","NIWO","NIWO_062","NIWO_062_092","2017-10-12","2018-09-27","LTR.2018.NIWO.01",350,,"NEON.DOC.001710vE","TE - Litter not collected - trap empty",,,"vjiang@battelleecology.org","szrillo@battelleecology.org"
"73a649a0-a97c-4d47-8f9f-936441c76a6e","NIWO_047.basePlot.ltr","D13","NIWO","NIWO_047","NIWO_047_120","2017-10-12","2018-09-27","LTR.2018.NIWO.01",350,,"NEON.DOC.001710vE","TE - Litter not collected - trap empty",,,"vjiang@battelleecology.org","szrillo@battelleecology.org"
"eddc96b5-fbe6-48d4-9b94-35549281fda7","NIWO_061.basePlot.ltr","D13","NIWO","NIWO_061","NIWO_061_065","2017-10-12","2018-09-27","LTR.2018.NIWO.01",350,,"NEON.DOC.001710vE","TE - Litter not collected - trap empty",,,"kstyers@battelleecology.org","mhughes@battelleecology.org"
"6bfd35c4-7208-45de-89a2-7c270993e209","NIWO_040.basePlot.ltr","D13","NIWO","NIWO_040","NIWO_040_139","2017-10-12","2018-09-27","LTR.2018.NIWO.01",350,,"NEON.DOC.001710vE","TE - Litter not collected - trap empty",,,"kstyers@battelleecology.org","mhughes@battelleecology.org"
"7c71551a-819d-4e2d-a9b4-5c07df88e518","NIWO_064.basePlot.ltr","D13","NIWO","NIWO_064","NIWO_064_159","2017-10-12","2018-09-27","LTR.2018.NIWO.01",350,"NEON.LTR.NIWO064159.20180927","NEON.DOC.001710vE","OK - Litter collected - Trap in good shape, no issues",,,"kstyers@battelleecology.org","mhughes@battelleecology.org"
"bbad2af9-19b0-4c92-b472-aa9f0c8f5bb6","NIWO_041.basePlot.ltr","D13","NIWO","NIWO_041","NIWO_041_144","2017-10-12","2018-09-27","LTR.2018.NIWO.01",350,,"NEON.DOC.001710vE","TE - Litter not collected - trap empty",,,"vjiang@battelleecology.org","szrillo@battelleecology.org"
"95cf0f96-d75f-4fa7-b95d-af9ac3b29712","NIWO_057.basePlot.ltr","D13","NIWO","NIWO_057","NIWO_057_095","2017-10-12","2018-09-27","LTR.2018.NIWO.01",350,,"NEON.DOC.001710vE","TE - Litter not collected - trap empty",,,"kstyers@battelleecology.org","mhughes@battelleecology.org"
"4cea2c7a-053c-4e4d-9add-4d2ea4c524ee","NIWO_051.basePlot.ltr","D13","NIWO","NIWO_051","NIWO_051_103","2017-10-12","2018-09-27","LTR.2018.NIWO.01",350,,"NEON.DOC.001710vE","TE - Litter not collected - trap empty",,,"kstyers@battelleecology.org","mhughes@battelleecology.org"
"c4a0019f-ef8a-418c-9598-bb6e94d057af","NIWO_063.basePlot.ltr","D13","NIWO","NIWO_063","NIWO_063_210","2017-10-12","2018-09-27","LTR.2018.NIWO.01",350,,"NEON.DOC.001710vE","TE - Litter not collected - trap empty",,,"vjiang@battelleecology.org","szrillo@battelleecology.org"
"86b586a7-2efe-45c7-9209-e55257120552","NIWO_058.basePlot.ltr","D13","NIWO","NIWO_058","NIWO_058_101","2018-08-30","2018-09-27","LTR.2018.NIWO.05",28,"NEON.LTR.NIWO058101.20180927","NEON.DOC.001710vE","OK - Litter collected - Trap in good shape, no issues",,,"vjiang@battelleecology.org","szrillo@battelleecology.org"
"a57f70ef-99d2-4dd1-bffc-f63d1506dec0","NIWO_046.basePlot.ltr","D13","NIWO","NIWO_046","NIWO_046_155","2018-08-30","2018-09-27","LTR.2018.NIWO.05",28,"NEON.LTR.NIWO046155.20180927","NEON.DOC.001710vE","OK - Litter collected - Trap in good shape, no issues",,,"kstyers@battelleecology.org","mhughes@battelleecology.org"
"a26ad89e-e661-4f59-9837-61d8122f1976","NIWO_062.basePlot.ltr","D13","NIWO","NIWO_062","NIWO_062_050","2018-08-30","2018-09-27","LTR.2018.NIWO.05",28,"NEON.LTR.NIWO062050.20180927","NEON.DOC.001710vE","OK - Litter collected - Trap in good shape, no issues",,,"vjiang@battelleecology.org","szrillo@battelleecology.org"
"feae47c3-5c05-4f60-ac9f-ab111e3a16c0","NIWO_061.basePlot.ltr","D13","NIWO","NIWO_061","NIWO_061_169","2018-08-30","2018-09-27","LTR.2018.NIWO.05",28,"NEON.LTR.NIWO061169.20180927","NEON.DOC.001710vE","OK - Litter collected - Trap in good shape, no issues",,,"kstyers@battelleecology.org","mhughes@battelleecology.org"
"17fbdab7-25c8-4a4c-a461-fa2b527ae7fd","NIWO_064.basePlot.ltr","D13","NIWO","NIWO_064","NIWO_064_103","2018-08-30","2018-09-27","LTR.2018.NIWO.05",28,"NEON.LTR.NIWO064103.20180927","NEON.DOC.001710vE","OK - Litter collected - Trap in good shape, no issues",,,"kstyers@battelleecology.org","mhughes@battelleecology.org"
"b061f7b7-f9d5-4877-87c8-7dc8fbbb5496","NIWO_057.basePlot.ltr","D13","NIWO","NIWO_057","NIWO_057_081","2018-08-30","2018-09-27","LTR.2018.NIWO.05",28,"NEON.LTR.NIWO057081.20180927","NEON.DOC.001710vE","OK - Litter collected - Trap in good shape, no issues",,,"kstyers@battelleecology.org","mhughes@battelleecology.org"
"002759ed-5550-4184-aa28-5f10e79d9d18","NIWO_067.basePlot.ltr","D13","NIWO","NIWO_067","NIWO_067_017","2018-08-30","2018-09-27","LTR.2018.NIWO.05",28,"NEON.LTR.NIWO067017.20180927","NEON.DOC.001710vE","OK - Litter collected - Trap in good shape, no issues",,,"vjiang@battelleecology.org","szrillo@battelleecology.org"
"f9f89b25-693c-40ed-a5cd-9c6cab65c53b","NIWO_040.basePlot.ltr","D13","NIWO","NIWO_040","NIWO_040_205","2018-08-30","2018-09-27","LTR.2018.NIWO.05",28,"NEON.LTR.NIWO040205.20180927","NEON.DOC.001710vE","OK - Litter collected - Trap in good shape, no issues",,,"kstyers@battelleecology.org","mhughes@battelleecology.org"
"69cfd687-5971-48cf-bc5b-1e7326b61d7d","NIWO_041.basePlot.ltr","D13","NIWO","NIWO_041","NIWO_041_059","2018-08-30","2018-09-27","LTR.2018.NIWO.05",28,"NEON.LTR.NIWO041059.20180927","NEON.DOC.001710vE","OK - Litter collected - Trap in good shape, no issues",,,"vjiang@battelleecology.org","szrillo@battelleecology.org"
"0b4a206e-342f-4752-9bd1-d3e6418b7e25","NIWO_047.basePlot.ltr","D13","NIWO","NIWO_047","NIWO_047_197","2018-08-30","2018-09-27","LTR.2018.NIWO.05",28,"NEON.LTR.NIWO047197.20180927","NEON.DOC.001710vE","OK - Litter collected - Trap in good shape, no issues",,,"vjiang@battelleecology.org","szrillo@battelleecology.org"
"8808b3da-54e2-466d-862a-eb8061633a8e","NIWO_063.basePlot.ltr","D13","NIWO","NIWO_063","NIWO_063_062","2018-08-30","2018-09-27","LTR.2018.NIWO.05",28,"NEON.LTR.NIWO063062.20180927","NEON.DOC.001710vE","OK - Litter collected - Trap in good shape, no issues",,,"vjiang@battelleecology.org","szrillo@battelleecology.org"
"785e3a2e-92ff-4d6a-ae8f-076e4e62da83","NIWO_051.basePlot.ltr","D13","NIWO","NIWO_051","NIWO_051_045","2018-08-30","2018-09-27","LTR.2018.NIWO.05",28,"NEON.LTR.NIWO051045.20180927","NEON.DOC.001710vE","OK - Litter collected - Trap in good shape, no issues",,,"kstyers@battelleecology.org","mhughes@battelleecology.org"
