uid,namedLocation,domainID,siteID,plotID,trapID,setDate,collectDate,eventID,trappingDays,fieldSampleID,samplingProtocolVersion,trapCondition,toxicodendronPossible,remarks,measuredBy,recordedBy
"312b441f-7f3c-4f90-a5bd-74c7daff245e","NIWO_064.basePlot.ltr","D13","NIWO","NIWO_064","NIWO_064_103","2018-10-25","2018-11-21","LTR.2018.NIWO.07",27,"NEON.LTR.NIWO064103.20181121","NEON.DOC.001710vE","OK - Litter collected - Trap in good shape, no issues",,"additional bag 152",,
"faf687a2-9e79-4dfc-8748-946b2f16ffa5","NIWO_062.basePlot.ltr","D13","NIWO","NIWO_062","NIWO_062_050","2018-10-25","2018-11-21","LTR.2018.NIWO.07",27,,"NEON.DOC.001710vE","TB - Litter not collected - trap blocked",,"Snow buried",,
"8be4474e-f370-4201-b8a4-973d1dff4b1f","NIWO_040.basePlot.ltr","D13","NIWO","NIWO_040","NIWO_040_205","2018-10-25","2018-11-21","LTR.2018.NIWO.07",27,"NEON.LTR.NIWO040205.20181121","NEON.DOC.001710vE","OK - Litter collected - Trap in good shape, no issues",,"additional bags 164 153 160",,
"b54fa948-141b-46df-a68c-e14e4a8a6fc4","NIWO_041.basePlot.ltr","D13","NIWO","NIWO_041","NIWO_041_059","2018-10-25","2018-11-21","LTR.2018.NIWO.07",27,,"NEON.DOC.001710vE","TB - Litter not collected - trap blocked",,"Snow buried",,
"71801f69-0eb7-4751-894b-c9e8f3c0571f","NIWO_047.basePlot.ltr","D13","NIWO","NIWO_047","NIWO_047_197","2018-10-25","2018-11-21","LTR.2018.NIWO.07",27,,"NEON.DOC.001710vE","TB - Litter not collected - trap blocked",,"Snow buried",,
