uid,namedLocation,domainID,siteID,plotID,trapID,setDate,collectDate,eventID,trappingDays,fieldSampleID,samplingProtocolVersion,trapCondition,toxicodendronPossible,remarks,measuredBy,recordedBy
"592cd46c-58c5-4271-8ea5-df6c39a100aa","NIWO_047.basePlot.ltr","D13","NIWO","NIWO_047","NIWO_047_197","2016-11-03","2017-07-06","LTR.2017.NIWO.01",245,"NEON.LTR.NIWO047197.20170706","NEON.DOC.001710vE","OK - Litter collected - Trap in good shape, no issues",,"Legs bent","Nleder@battelleecology.org","jmorris@battelleecology.org"
"9bbdf87f-9b24-4998-b3f3-db757e1146ec","NIWO_062.basePlot.ltr","D13","NIWO","NIWO_062","NIWO_062_050","2016-11-03","2017-07-06","LTR.2017.NIWO.01",245,"NEON.LTR.NIWO062050.20170706","NEON.DOC.001710vE","OK - Litter collected - Trap in good shape, no issues",,"Legs bent","Nleder@battelleecology.org","jmorris@battelleecology.org"
"da5dae1f-0641-4cb3-bf7b-ef181a74e722","NIWO_041.basePlot.ltr","D13","NIWO","NIWO_041","NIWO_041_059","2016-11-03","2017-07-06","LTR.2017.NIWO.01",245,"NEON.LTR.NIWO041059.20170706","NEON.DOC.001710vE","OK - Litter collected - Trap in good shape, no issues",,"Legs bent","Nleder@battelleecology.org","jmorris@battelleecology.org"
"86d8705c-95c1-443f-ab27-6b40496746ff","NIWO_040.basePlot.ltr","D13","NIWO","NIWO_040","NIWO_040_205","2016-11-03","2017-07-06","LTR.2017.NIWO.01",245,"NEON.LTR.NIWO040205.20170706","NEON.DOC.001710vE","OK - Litter collected - Trap in good shape, no issues",,"Legs bent","Nleder@battelleecology.org","jmorris@battelleecology.org"
"9abf36ac-7846-4303-99f8-ab1fdd12a4bb","NIWO_064.basePlot.ltr","D13","NIWO","NIWO_064","NIWO_064_103","2016-11-03","2017-07-06","LTR.2017.NIWO.01",245,"NEON.LTR.NIWO064103.20170706","NEON.DOC.001710vE","OK - Litter collected - Trap in good shape, no issues",,,"Nleder@battelleecology.org","jmorris@battelleecology.org"
"73acefdf-1589-4f50-8cf5-d93a5f9a2ab7","NIWO_058.basePlot.ltr","D13","NIWO","NIWO_058","NIWO_058_101","2016-11-03","2017-07-07","LTR.2017.NIWO.01",246,"NEON.LTR.NIWO058101.20170707","NEON.DOC.001710vE","OK - Litter collected - Trap in good shape, no issues",,"Minor repairs","jmorris@battelleecology.org","adignan@battelleecology.org"
"d98b34ca-dc8e-4ba1-be12-f4fe35bf5a91","NIWO_057.basePlot.ltr","D13","NIWO","NIWO_057","NIWO_057_081","2016-11-03","2017-07-07","LTR.2017.NIWO.01",246,"NEON.LTR.NIWO057081.20170707","NEON.DOC.001710vE","OK - Litter collected - Trap in good shape, no issues",,,"Atworek@battelleecology.org","Csandbach@field-ops.org"
"5f6f97a0-7e63-45d2-b8ce-8f7756a62b90","NIWO_063.basePlot.ltr","D13","NIWO","NIWO_063","NIWO_063_062","2016-11-03","2017-07-07","LTR.2017.NIWO.01",246,"NEON.LTR.NIWO063062.20170707","NEON.DOC.001710vE","OK - Litter collected - Trap in good shape, no issues",,"Repaired","jmorris@battelleecology.org","adignan@battelleecology.org"
"221669e1-1678-4f87-8d3f-07a302c57979","NIWO_067.basePlot.ltr","D13","NIWO","NIWO_067","NIWO_067_017","2016-11-03","2017-07-07","LTR.2017.NIWO.01",246,"NEON.LTR.NIWO067017.20170707","NEON.DOC.001710vE","OK - Litter collected - Trap in good shape, no issues",,"Repaired","jmorris@battelleecology.org","adignan@battelleecology.org"
"9b30a6d0-1cf5-4d94-b614-c3fa2e83b2c0","NIWO_046.basePlot.ltr","D13","NIWO","NIWO_046","NIWO_046_155","2016-11-03","2017-07-07","LTR.2017.NIWO.01",246,"NEON.LTR.NIWO046155.20170707","NEON.DOC.001710vE","OK - Litter collected - Trap in good shape, no issues",,,"Atworek@battelleecology.org","Csandbach@field-ops.org"
"5e7ca1bf-159d-44e3-95ba-b8539ae0ed86","NIWO_061.basePlot.ltr","D13","NIWO","NIWO_061","NIWO_061_169","2016-11-03","2017-07-07","LTR.2017.NIWO.01",246,"NEON.LTR.NIWO061169.20170707","NEON.DOC.001710vE","OK - Litter collected - Trap in good shape, no issues",,,"Atworek@battelleecology.org","Csandbach@field-ops.org"
"2312b601-f30d-4405-901a-acfb4f73e39b","NIWO_051.basePlot.ltr","D13","NIWO","NIWO_051","NIWO_051_045","2016-11-03","2017-07-07","LTR.2017.NIWO.01",246,"NEON.LTR.NIWO051045.20170707","NEON.DOC.001710vE","OK - Litter collected - Trap in good shape, no issues",,,"Atworek@battelleecology.org","Csandbach@field-ops.org"
