uid,namedLocation,domainID,siteID,plotID,trapID,weighDate,setDate,collectDate,ovenStartDate,ovenEndDate,fieldSampleID,massSampleID,samplingProtocolVersion,functionalGroup,dryMass,qaDryMass,remarks,measuredBy
"afc38b13-9129-443b-b7f2-1c12e7c5682b","NIWO_063.basePlot.ltr","D13","NIWO","NIWO_063","NIWO_063_062","2017-11-27","2017-10-12","2017-11-20","2017-11-20T22:00Z","2017-11-27T15:00Z","NEON.LTR.NIWO063062.20171120","NEON.LTR.NIWO063062.20171120.TWI","NEON.DOC.001710vE","Twigs/branches",3.5200,"N",,"tdelpriore@battelleecology.org"
"c5c53af8-fe4f-4897-a55a-956098c5face","NIWO_063.basePlot.ltr","D13","NIWO","NIWO_063","NIWO_063_062","2017-11-27","2017-10-12","2017-11-20","2017-11-20T22:00Z","2017-11-27T15:00Z","NEON.LTR.NIWO063062.20171120","NEON.LTR.NIWO063062.20171120.NDL","NEON.DOC.001710vE","Needles",4.6700,"N",,"tdelpriore@battelleecology.org"
"ea1fd605-18ea-4836-8688-e286764af57e","NIWO_063.basePlot.ltr","D13","NIWO","NIWO_063","NIWO_063_062","2017-11-27","2017-10-12","2017-11-20","2017-11-20T22:00Z","2017-11-27T15:00Z","NEON.LTR.NIWO063062.20171120","NEON.LTR.NIWO063062.20171120.OTH","NEON.DOC.001710vE","Other",0.0000,"N",,"tdelpriore@battelleecology.org"
"1a0e3a85-b26c-4df5-9012-09c5a2ab0adf","NIWO_063.basePlot.ltr","D13","NIWO","NIWO_063","NIWO_063_062","2017-11-27","2017-10-12","2017-11-20","2017-11-20T22:00Z","2017-11-27T15:00Z","NEON.LTR.NIWO063062.20171120","NEON.LTR.NIWO063062.20171120.LVS","NEON.DOC.001710vE","Leaves",0.0000,"N",,"tdelpriore@battelleecology.org"
"6d1be5c9-4169-4b6c-be29-f44430a6ff5f","NIWO_063.basePlot.ltr","D13","NIWO","NIWO_063","NIWO_063_062","2017-11-27","2017-10-12","2017-11-20","2017-11-20T22:00Z","2017-11-27T15:00Z","NEON.LTR.NIWO063062.20171120","NEON.LTR.NIWO063062.20171120.FLR","NEON.DOC.001710vE","Flowers",0.2500,"N",,"tdelpriore@battelleecology.org"
"d8d44171-09b7-41d0-8753-364ca0692629","NIWO_063.basePlot.ltr","D13","NIWO","NIWO_063","NIWO_063_062","2017-11-27","2017-10-12","2017-11-20","2017-11-20T22:00Z","2017-11-27T15:00Z","NEON.LTR.NIWO063062.20171120","NEON.LTR.NIWO063062.20171120.SDS","NEON.DOC.001710vE","Seeds",0.0000,"N",,"tdelpriore@battelleecology.org"
"69c916ec-5033-4d15-a09b-decbbdb4485f","NIWO_063.basePlot.ltr","D13","NIWO","NIWO_063","NIWO_063_062","2017-11-27","2017-10-12","2017-11-20","2017-11-20T22:00Z","2017-11-27T15:00Z","NEON.LTR.NIWO063062.20171120","NEON.LTR.NIWO063062.20171120.WDY","NEON.DOC.001710vE","Woody material",0.0000,"N",,"tdelpriore@battelleecology.org"
