uid,namedLocation,domainID,siteID,plotID,trapID,setDate,collectDate,eventID,trappingDays,fieldSampleID,samplingProtocolVersion,trapCondition,toxicodendronPossible,remarks,measuredBy,recordedBy
"9d8b76c4-111a-490b-8c11-a4f54c38c09a","NIWO_047.basePlot.ltr","D13","NIWO","NIWO_047","NIWO_047_197","2017-10-12","2017-11-20","LTR.2017.NIWO.05",39,,"NEON.DOC.001710vE","TB - Litter not collected - trap blocked",,"Trap buried in snow","tdelpriore@battelleecology.org","Skremidas@battelleecology.org"
"86a5f142-a340-411f-8ddb-fe7975032f83","NIWO_058.basePlot.ltr","D13","NIWO","NIWO_058","NIWO_058_101","2017-10-12","2017-11-20","LTR.2017.NIWO.05",39,,"NEON.DOC.001710vE","TB - Litter not collected - trap blocked",,"Trap buried in snow","tdelpriore@battelleecology.org","Skremidas@battelleecology.org"
"47b575db-b90a-4a7b-9998-f68dc1f16a6e","NIWO_062.basePlot.ltr","D13","NIWO","NIWO_062","NIWO_062_050","2017-10-12","2017-11-20","LTR.2017.NIWO.05",39,,"NEON.DOC.001710vE","TB - Litter not collected - trap blocked",,"Trap buried in snow","tdelpriore@battelleecology.org","Skremidas@battelleecology.org"
"fd6df3c2-d778-43ac-9c39-37748246d066","NIWO_064.basePlot.ltr","D13","NIWO","NIWO_064","NIWO_064_103","2017-10-12","2017-11-20","LTR.2017.NIWO.05",39,,"NEON.DOC.001710vE","TB - Litter not collected - trap blocked",,"Trap buried in snow","tdelpriore@battelleecology.org","Skremidas@battelleecology.org"
"af7de1af-0f78-4c84-9aa4-549cc5904eac","NIWO_051.basePlot.ltr","D13","NIWO","NIWO_051","NIWO_051_045","2017-10-12","2017-11-20","LTR.2017.NIWO.05",39,,"NEON.DOC.001710vE","TB - Litter not collected - trap blocked",,"Trap buried in snow","tdelpriore@battelleecology.org","Skremidas@battelleecology.org"
"56dea791-eb82-4658-936f-107121c979e5","NIWO_057.basePlot.ltr","D13","NIWO","NIWO_057","NIWO_057_081","2017-10-12","2017-11-20","LTR.2017.NIWO.05",39,,"NEON.DOC.001710vE","TB - Litter not collected - trap blocked",,"Trap buried in snow","tdelpriore@battelleecology.org","Skremidas@battelleecology.org"
"72385f61-7e4e-440b-86d0-c663da72ad28","NIWO_063.basePlot.ltr","D13","NIWO","NIWO_063","NIWO_063_062","2017-10-12","2017-11-20","LTR.2017.NIWO.05",39,"NEON.LTR.NIWO063062.20171120","NEON.DOC.001710vE","OK - Litter collected - Trap in good shape, no issues",,,"tdelpriore@battelleecology.org","Skremidas@battelleecology.org"
"c2e31e3b-cc71-41dc-a2bf-9f9bdba319ff","NIWO_046.basePlot.ltr","D13","NIWO","NIWO_046","NIWO_046_155","2017-10-12","2017-11-20","LTR.2017.NIWO.05",39,,"NEON.DOC.001710vE","TB - Litter not collected - trap blocked",,"Trap buried in snow","tdelpriore@battelleecology.org","Skremidas@battelleecology.org"
"1925f488-6a77-496d-962d-1860f343b449","NIWO_067.basePlot.ltr","D13","NIWO","NIWO_067","NIWO_067_017","2017-10-12","2017-11-20","LTR.2017.NIWO.05",39,,"NEON.DOC.001710vE","TB - Litter not collected - trap blocked",,"Trap buried in snow","tdelpriore@battelleecology.org","Skremidas@battelleecology.org"
"537996fe-3210-4748-a4d5-6e2fb15bb1e7","NIWO_040.basePlot.ltr","D13","NIWO","NIWO_040","NIWO_040_205","2017-10-12","2017-11-20","LTR.2017.NIWO.05",39,,"NEON.DOC.001710vE","TB - Litter not collected - trap blocked",,"Trap buried in snow","tdelpriore@battelleecology.org","Skremidas@battelleecology.org"
"03ff9ebb-0459-4587-857e-9081333e4b61","NIWO_061.basePlot.ltr","D13","NIWO","NIWO_061","NIWO_061_169","2017-10-12","2017-11-20","LTR.2017.NIWO.05",39,,"NEON.DOC.001710vE","TB - Litter not collected - trap blocked",,"Trap buried in snow","tdelpriore@battelleecology.org","Skremidas@battelleecology.org"
"c8607bcd-123f-42fd-886d-34d323bfae4f","NIWO_041.basePlot.ltr","D13","NIWO","NIWO_041","NIWO_041_059","2017-10-12","2017-11-20","LTR.2017.NIWO.05",39,,"NEON.DOC.001710vE","TB - Litter not collected - trap blocked",,"Trap buried in snow","tdelpriore@battelleecology.org","Skremidas@battelleecology.org"
