uid,namedLocation,domainID,siteID,plotID,trapID,setDate,collectDate,eventID,trappingDays,fieldSampleID,samplingProtocolVersion,trapCondition,toxicodendronPossible,remarks,measuredBy,recordedBy
"0ff81658-e8bd-4342-83a7-e93f291da372","NIWO_058.basePlot.ltr","D13","NIWO","NIWO_058","NIWO_058_101","2016-06-16","2016-07-14","LTR.2016.NIWO.02",28,"NEON.LTR.NIWO058101.20160714","NEON.DOC.001710vE","OK - Litter collected - Trap in good shape, no issues",,"REPLACED MESH","arothchild@field-ops.org","szrillo@field-ops.org"
"e683176a-c6d5-4662-b623-2f9b304f2d7a","NIWO_047.basePlot.ltr","D13","NIWO","NIWO_047","NIWO_047_197","2016-06-16","2016-07-14","LTR.2016.NIWO.02",28,"NEON.LTR.NIWO047197.20160714","NEON.DOC.001710vE","OK - Litter collected - Trap in good shape, no issues",,"CORRECTED BENT TRAP LEGS","pzerbe@field-ops.org","aguy@field-ops.org"
"5a2c5d62-91a5-4de5-9b67-a6f60f403df7","NIWO_062.basePlot.ltr","D13","NIWO","NIWO_062","NIWO_062_050","2016-06-16","2016-07-14","LTR.2016.NIWO.02",28,"NEON.LTR.NIWO062050.20160714","NEON.DOC.001710vE","OK - Litter collected - Trap in good shape, no issues",,"CORRECTED BENT TRAP LEGS","pzerbe@field-ops.org","aguy@field-ops.org"
"7e00995f-e8f5-4bc8-a2e2-883fe930cc2c","NIWO_064.basePlot.ltr","D13","NIWO","NIWO_064","NIWO_064_103","2016-06-16","2016-07-14","LTR.2016.NIWO.02",28,,"NEON.DOC.001710vE","TT - Litter not collected - trap tilted",,"TRAP UPSIDE DOWN TRAP RESET AND MESH REPLACED","pzerbe@field-ops.org","aguy@field-ops.org"
"dafcdb0e-dc0e-4d9d-b557-a6a709194136","NIWO_067.basePlot.ltr","D13","NIWO","NIWO_067","NIWO_067_017","2016-06-16","2016-07-14","LTR.2016.NIWO.02",28,"NEON.LTR.NIWO067017.20160714","NEON.DOC.001710vE","OK - Litter collected - Trap in good shape, no issues",,"REPLACED ENTIRE TRAP LEGS SLIGHTLY BENT","arothchild@field-ops.org","szrillo@field-ops.org"
"aeaf6704-6a96-4534-8c79-18c7aab748a8","NIWO_051.basePlot.ltr","D13","NIWO","NIWO_051","NIWO_051_045","2016-06-16","2016-07-14","LTR.2016.NIWO.02",28,"NEON.LTR.NIWO051045.20160714","NEON.DOC.001710vE","OK - Litter collected - Trap in good shape, no issues",,"LEGS BENT BUT NOT REPLACED-REPLACED MESH","arothchild@field-ops.org","szrillo@field-ops.org"
"36a1228b-ba80-4960-b189-451e9ea62034","NIWO_063.basePlot.ltr","D13","NIWO","NIWO_063","NIWO_063_062","2016-06-16","2016-07-14","LTR.2016.NIWO.02",28,,"NEON.DOC.001710vE","TE - Litter not collected - trap empty",,"NO LITTER PRESENT TRAP TILTED AND NEEDS ROCK REPLACED MESH","arothchild@field-ops.org","szrillo@field-ops.org"
"21955134-b93e-4a61-bad2-11946174e451","NIWO_046.basePlot.ltr","D13","NIWO","NIWO_046","NIWO_046_155","2016-06-16","2016-07-14","LTR.2016.NIWO.02",28,"NEON.LTR.NIWO046155.20160714","NEON.DOC.001710vE","OK - Litter collected - Trap in good shape, no issues",,"ONE LEG SLIGHTLY BENT REPLACED MESH","arothchild@field-ops.org","szrillo@field-ops.org"
"64a6212e-96c1-4987-bee9-1234ea01483b","NIWO_041.basePlot.ltr","D13","NIWO","NIWO_041","NIWO_041_059","2016-06-16","2016-07-14","LTR.2016.NIWO.02",28,"NEON.LTR.NIWO041059.20160714","NEON.DOC.001710vE","OK - Litter collected - Trap in good shape, no issues",,"REPLACED MESH","arothchild@field-ops.org","szrillo@field-ops.org"
"7df8b76c-0990-4404-afd5-c3f62be55591","NIWO_061.basePlot.ltr","D13","NIWO","NIWO_061","NIWO_061_169","2016-06-16","2016-07-14","LTR.2016.NIWO.02",28,"NEON.LTR.NIWO061169.20160714","NEON.DOC.001710vE","OK - Litter collected - Trap in good shape, no issues",,"REPLACED MESH","pzerbe@field-ops.org","aguy@field-ops.org"
"d2b8a89a-4488-42dc-8eba-33443bc189c9","NIWO_040.basePlot.ltr","D13","NIWO","NIWO_040","NIWO_040_205","2016-06-16","2016-07-14","LTR.2016.NIWO.02",28,,"NEON.DOC.001710vE","RE - Litter not collected - trap broken, requires replacement",,"REPLACED TRAP","pzerbe@field-ops.org","aguy@field-ops.org"
"a6303a9d-db67-4d7d-a19a-61c954073882","NIWO_057.basePlot.ltr","D13","NIWO","NIWO_057","NIWO_057_081","2016-06-16","2016-07-14","LTR.2016.NIWO.02",28,,"NEON.DOC.001710vE","RE - Litter not collected - trap broken, requires replacement",,"REPLACED TRAP","pzerbe@field-ops.org","aguy@field-ops.org"
