uid,namedLocation,domainID,siteID,plotID,trapID,setDate,collectDate,eventID,trappingDays,fieldSampleID,samplingProtocolVersion,trapCondition,toxicodendronPossible,remarks,measuredBy,recordedBy
"76e34b52-2fe8-40ea-829f-789a5a59348d","NIWO_061.basePlot.ltr","D13","NIWO","NIWO_061","NIWO_061_065","2015-09-29","2016-11-03","LTR.2016.NIWO.06",401,,"NEON.DOC.001710vE","TE - Litter not collected - trap empty",,,"tdelpriore@neoninc.org","dstetson@neoninc.org"
"38723f6b-e790-4853-af17-f45e25622f9e","NIWO_051.basePlot.ltr","D13","NIWO","NIWO_051","NIWO_051_103","2015-09-29","2016-11-03","LTR.2016.NIWO.06",401,,"NEON.DOC.001710vE","TE - Litter not collected - trap empty",,,"tdelpriore@neoninc.org","dstetson@neoninc.org"
"7691e533-d1dc-47ff-b60f-f2161d538911","NIWO_058.basePlot.ltr","D13","NIWO","NIWO_058","NIWO_058_121","2015-09-29","2016-11-03","LTR.2016.NIWO.06",401,,"NEON.DOC.001710vE","TE - Litter not collected - trap empty",,,"tdelpriore@neoninc.org","dstetson@neoninc.org"
"44c2140b-aa50-4509-8511-513e44f73926","NIWO_046.basePlot.ltr","D13","NIWO","NIWO_046","NIWO_046_006","2015-09-29","2016-11-03","LTR.2016.NIWO.01",401,,"NEON.DOC.001710vE","TE - Litter not collected - trap empty",,,"tdelpriore@neoninc.org","dstetson@neoninc.org"
"ffa899af-24f5-4efb-8269-7a9fd82f03ac","NIWO_062.basePlot.ltr","D13","NIWO","NIWO_062","NIWO_062_092","2015-09-29","2016-11-03","LTR.2016.NIWO.06",401,,"NEON.DOC.001710vE","TE - Litter not collected - trap empty",,,"tdelpriore@neoninc.org","dstetson@neoninc.org"
"dd81c6f3-e980-4f75-b49c-217d34f0ed86","NIWO_040.basePlot.ltr","D13","NIWO","NIWO_040","NIWO_040_139","2015-09-29","2016-11-03","LTR.2016.NIWO.01",401,"NEON.LTR.NIWO040139.20161103","NEON.DOC.001710vE","OK - Litter collected - Trap in good shape, no issues",,"20cm of particle was outside of the trap. This section was removed.","tdelpriore@neoninc.org","dstetson@neoninc.org"
"a007391f-b342-45f5-b3e8-b790993d9dcd","NIWO_041.basePlot.ltr","D13","NIWO","NIWO_041","NIWO_041_144","2015-09-29","2016-11-03","LTR.2016.NIWO.01",401,,"NEON.DOC.001710vE","TE - Litter not collected - trap empty",,,"tdelpriore@neoninc.org","dstetson@neoninc.org"
"6c8c7c2a-86ef-439f-a214-ae4e1173e292","NIWO_063.basePlot.ltr","D13","NIWO","NIWO_063","NIWO_063_210","2015-09-29","2016-11-03","LTR.2016.NIWO.06",401,,"NEON.DOC.001710vE","TE - Litter not collected - trap empty",,,"tdelpriore@neoninc.org","dstetson@neoninc.org"
"7d67b71a-29f7-4fa9-aae1-c7a662afdfa3","NIWO_064.basePlot.ltr","D13","NIWO","NIWO_064","NIWO_064_159","2015-09-29","2016-11-03","LTR.2016.NIWO.06",401,,"NEON.DOC.001710vE","RE - Litter not collected - trap broken, requires replacement",,"Missing 2 corner stakes. Rope boundary missing.","tdelpriore@neoninc.org","dstetson@neoninc.org"
"3ac1781f-b677-4b56-8f38-9f14263c7047","NIWO_057.basePlot.ltr","D13","NIWO","NIWO_057","NIWO_057_095","2015-09-29","2016-11-03","LTR.2016.NIWO.06",401,,"NEON.DOC.001710vE","TE - Litter not collected - trap empty",,,"tdelpriore@neoninc.org","dstetson@neoninc.org"
"f9f33c6c-fcec-461e-88de-0fc317c21122","NIWO_067.basePlot.ltr","D13","NIWO","NIWO_067","NIWO_067_043","2015-09-29","2016-11-03","LTR.2016.NIWO.06",401,,"NEON.DOC.001710vE","TE - Litter not collected - trap empty",,,"tdelpriore@neoninc.org","dstetson@neoninc.org"
"abfaa234-7d8e-48b7-a88c-111a2b9b3882","NIWO_057.basePlot.ltr","D13","NIWO","NIWO_057","NIWO_057_081","2016-10-07","2016-11-03","LTR.2016.NIWO.06",27,"NEON.LTR.NIWO057081.20161103","NEON.DOC.001710vE","OK - Litter collected - Trap in good shape, no issues",,,"tdelpriore@neoninc.org","dstetson@neoninc.org"
"07986bff-0d04-4d63-89b7-dc9c26e7b560","NIWO_058.basePlot.ltr","D13","NIWO","NIWO_058","NIWO_058_101","2016-10-07","2016-11-03","LTR.2016.NIWO.06",27,"NEON.LTR.NIWO058101.20161103","NEON.DOC.001710vE","OK - Litter collected - Trap in good shape, no issues",,,"tdelpriore@neoninc.org","dstetson@neoninc.org"
"997431fe-f524-41b0-be85-2781ea0a6e69","NIWO_040.basePlot.ltr","D13","NIWO","NIWO_040","NIWO_040_205","2016-10-07","2016-11-03","LTR.2016.NIWO.06",27,"NEON.LTR.NIWO040205.20161103","NEON.DOC.001710vE","OK - Litter collected - Trap in good shape, no issues",,,"tdelpriore@neoninc.org","dstetson@neoninc.org"
"a6615833-134d-42ec-846c-8815659e000a","NIWO_046.basePlot.ltr","D13","NIWO","NIWO_046","NIWO_046_155","2016-10-07","2016-11-03","LTR.2016.NIWO.06",27,"NEON.LTR.NIWO046155.20161103","NEON.DOC.001710vE","OK - Litter collected - Trap in good shape, no issues",,,"tdelpriore@neoninc.org","dstetson@neoninc.org"
"e6b87d0d-bf40-400b-8543-fce1ae3b429c","NIWO_067.basePlot.ltr","D13","NIWO","NIWO_067","NIWO_067_017","2016-10-07","2016-11-03","LTR.2016.NIWO.06",27,"NEON.LTR.NIWO067017.20161103","NEON.DOC.001710vE","OK - Litter collected - Trap in good shape, no issues",,,"tdelpriore@neoninc.org","dstetson@neoninc.org"
"4df85453-1788-40c6-8768-abbaec5a8970","NIWO_063.basePlot.ltr","D13","NIWO","NIWO_063","NIWO_063_062","2016-10-07","2016-11-03","LTR.2016.NIWO.06",27,"NEON.LTR.NIWO063062.20161103","NEON.DOC.001710vE","OK - Litter collected - Trap in good shape, no issues",,,"tdelpriore@neoninc.org","dstetson@neoninc.org"
"d75eba6b-5aa8-43b0-afc1-2d45790b8415","NIWO_061.basePlot.ltr","D13","NIWO","NIWO_061","NIWO_061_169","2016-10-07","2016-11-03","LTR.2016.NIWO.06",27,"NEON.LTR.NIWO061169.20161103","NEON.DOC.001710vE","OK - Litter collected - Trap in good shape, no issues",,,"tdelpriore@neoninc.org","dstetson@neoninc.org"
"396d44e1-1116-4c24-9faf-0ef5e7521554","NIWO_047.basePlot.ltr","D13","NIWO","NIWO_047","NIWO_047_197","2016-10-07","2016-11-03","LTR.2016.NIWO.06",27,,"NEON.DOC.001710vE","TB - Litter not collected - trap blocked",,"buried in snow","tdelpriore@neoninc.org","dstetson@neoninc.org"
"8fad8e59-69c9-45b5-99cd-ebde57105d52","NIWO_041.basePlot.ltr","D13","NIWO","NIWO_041","NIWO_041_059","2016-10-07","2016-11-03","LTR.2016.NIWO.06",27,"NEON.LTR.NIWO041059.20161103","NEON.DOC.001710vE","OK - Litter collected - Trap in good shape, no issues",,,"tdelpriore@neoninc.org","dstetson@neoninc.org"
"a58b4751-a907-4d37-80fa-16a25014c29a","NIWO_051.basePlot.ltr","D13","NIWO","NIWO_051","NIWO_051_045","2016-10-07","2016-11-03","LTR.2016.NIWO.06",27,"NEON.LTR.NIWO051045.20161103","NEON.DOC.001710vE","OK - Litter collected - Trap in good shape, no issues",,,"tdelpriore@neoninc.org","dstetson@neoninc.org"
"1bd406e1-2f1b-432d-a47e-01882e65b6d6","NIWO_062.basePlot.ltr","D13","NIWO","NIWO_062","NIWO_062_050","2016-10-07","2016-11-03","LTR.2016.NIWO.06",27,"NEON.LTR.NIWO062050.20161103","NEON.DOC.001710vE","OK - Litter collected - Trap in good shape, no issues",,,"tdelpriore@neoninc.org","dstetson@neoninc.org"
"0d4bff2e-1f72-464d-b1ba-91e07c2a73b9","NIWO_064.basePlot.ltr","D13","NIWO","NIWO_064","NIWO_064_103","2016-10-07","2016-11-03","LTR.2016.NIWO.06",27,"NEON.LTR.NIWO064103.20161103","NEON.DOC.001710vE","OK - Litter collected - Trap in good shape, no issues",,,"tdelpriore@neoninc.org","dstetson@neoninc.org"
