uid,namedLocation,domainID,siteID,plotID,trapID,setDate,collectDate,eventID,trappingDays,fieldSampleID,samplingProtocolVersion,trapCondition,toxicodendronPossible,remarks,measuredBy,recordedBy
"34e9d6c8-2e33-484c-aa90-22720d73ea05","NIWO_067.basePlot.ltr","D13","NIWO","NIWO_067","NIWO_067_043","2016-11-03","2017-10-12","LTR.2017.NIWO.01",343,,"NEON.DOC.001710vE","TB - Litter not collected - trap blocked",,"Blocked due to snow cover","jlinden@battelleecology.org","nleder@battelleecology.org"
"d5fb82bd-36be-48c2-a473-c67f91363c1c","NIWO_046.basePlot.ltr","D13","NIWO","NIWO_046","NIWO_046_006","2016-11-03","2017-10-12","LTR.2017.NIWO.01",343,,"NEON.DOC.001710vE","TE - Litter not collected - trap empty",,"Trap empty. No qualifying litter collected","Sscherneck@battelleecology.org","arothchild@battelleecology.org"
"2ab40538-86c5-43e2-9d98-23149a5e3f16","NIWO_041.basePlot.ltr","D13","NIWO","NIWO_041","NIWO_041_144","2016-11-03","2017-10-12","LTR.2017.NIWO.01",343,,"NEON.DOC.001710vE","TE - Litter not collected - trap empty",,"No qualifying litter","sdixon@battelleecology.org","Atworek@battelleecology.org"
"44ee6e4e-1177-41a4-a44c-30e394897c43","NIWO_051.basePlot.ltr","D13","NIWO","NIWO_051","NIWO_051_103","2016-11-03","2017-10-12","LTR.2017.NIWO.01",343,,"NEON.DOC.001710vE","TE - Litter not collected - trap empty",,"Trap empty. No qualifying litter collected","Sscherneck@battelleecology.org","arothchild@battelleecology.org"
"08ee9013-686a-401c-8306-f09c0d878321","NIWO_047.basePlot.ltr","D13","NIWO","NIWO_047","NIWO_047_120","2016-11-03","2017-10-12","LTR.2017.NIWO.01",343,,"NEON.DOC.001710vE","TE - Litter not collected - trap empty",,"Covered in snow. Moved away and saw no qualifying litter","sdixon@battelleecology.org","Atworek@battelleecology.org"
"195f0baa-a07f-4734-82ef-37f683bd136b","NIWO_062.basePlot.ltr","D13","NIWO","NIWO_062","NIWO_062_092","2016-11-03","2017-10-12","LTR.2017.NIWO.01",343,,"NEON.DOC.001710vE","TB - Litter not collected - trap blocked",,"Completely covered in snow","sdixon@battelleecology.org","Atworek@battelleecology.org"
"eb5f35d3-3cfb-49ef-8b3f-0e08ed22dcce","NIWO_063.basePlot.ltr","D13","NIWO","NIWO_063","NIWO_063_210","2016-11-03","2017-10-12","LTR.2017.NIWO.01",343,,"NEON.DOC.001710vE","TE - Litter not collected - trap empty",,"No qualifying litter","jlinden@battelleecology.org","nleder@battelleecology.org"
"00e097e2-4f2d-43fd-8062-54681d04cdf4","NIWO_061.basePlot.ltr","D13","NIWO","NIWO_061","NIWO_061_065","2016-11-03","2017-10-12","LTR.2017.NIWO.01",343,,"NEON.DOC.001710vE","TE - Litter not collected - trap empty",,"Trap empty. No qualifying litter collected","Sscherneck@battelleecology.org","arothchild@battelleecology.org"
"8a277fcc-55da-46e3-bc66-4cc5951e59f2","NIWO_058.basePlot.ltr","D13","NIWO","NIWO_058","NIWO_058_121","2016-11-03","2017-10-12","LTR.2017.NIWO.01",343,,"NEON.DOC.001710vE","TB - Litter not collected - trap blocked",,"Blocked due to snow cover","jlinden@battelleecology.org","nleder@battelleecology.org"
"48289b5c-12d6-4c9b-9cb8-18d30f5f8724","NIWO_064.basePlot.ltr","D13","NIWO","NIWO_064","NIWO_064_159","2016-11-03","2017-10-12","LTR.2017.NIWO.01",343,,"NEON.DOC.001710vE","TE - Litter not collected - trap empty",,,"dbradley@battelleecology.org","Pjudge@battelleecology.org"
"b8dc8cde-0fab-4b08-940f-361d8b45a7eb","NIWO_057.basePlot.ltr","D13","NIWO","NIWO_057","NIWO_057_095","2016-11-03","2017-10-12","LTR.2017.NIWO.01",343,,"NEON.DOC.001710vE","TE - Litter not collected - trap empty",,,"dbradley@battelleecology.org","Pjudge@battelleecology.org"
"6dc14cd3-cc0f-4377-a72f-542aac0e4c7b","NIWO_040.basePlot.ltr","D13","NIWO","NIWO_040","NIWO_040_139","2016-11-03","2017-10-12","LTR.2017.NIWO.01",343,,"NEON.DOC.001710vE","TB - Litter not collected - trap blocked",,"Trap buried in snow","dbradley@battelleecology.org","Pjudge@battelleecology.org"
"17a1ac0a-1c49-4ba6-a309-911143e30ea9","NIWO_040.basePlot.ltr","D13","NIWO","NIWO_040","NIWO_040_205","2017-08-31","2017-10-12","LTR.2017.NIWO.04",42,"NEON.LTR.NIWO040205.20171012","NEON.DOC.001710vE","OK - Litter collected - Trap in good shape, no issues",,"Bags 54-62 73-82","dbradley@battelleecology.org","Pjudge@battelleecology.org"
"5c5c3617-bdc6-48dd-8915-185612b1e60c","NIWO_063.basePlot.ltr","D13","NIWO","NIWO_063","NIWO_063_062","2017-08-31","2017-10-12","LTR.2017.NIWO.04",42,"NEON.LTR.NIWO063062.20171012","NEON.DOC.001710vE","OK - Litter collected - Trap in good shape, no issues",,,"jlinden@battelleecology.org","nleder@battelleecology.org"
"ddc2d909-2b52-49c4-ada7-2651f983f52a","NIWO_061.basePlot.ltr","D13","NIWO","NIWO_061","NIWO_061_169","2017-08-31","2017-10-12","LTR.2017.NIWO.04",42,"NEON.LTR.NIWO061169.20171012","NEON.DOC.001710vE","OK - Litter collected - Trap in good shape, no issues",,,"Sscherneck@battelleecology.org","arothchild@battelleecology.org"
"dfb5c40c-4d05-4c42-bb34-2cbe02964f45","NIWO_064.basePlot.ltr","D13","NIWO","NIWO_064","NIWO_064_103","2017-08-31","2017-10-12","LTR.2017.NIWO.04",42,"NEON.LTR.NIWO064103.20171012","NEON.DOC.001710vE","OK - Litter collected - Trap in good shape, no issues",,"Bags 42-48","dbradley@battelleecology.org","Pjudge@battelleecology.org"
"e46d17eb-8a6e-49d7-b002-08fb75b1090b","NIWO_067.basePlot.ltr","D13","NIWO","NIWO_067","NIWO_067_017","2017-08-31","2017-10-12","LTR.2017.NIWO.04",42,"NEON.LTR.NIWO067017.20171012","NEON.DOC.001710vE","OK - Litter collected - Trap in good shape, no issues",,,"jlinden@battelleecology.org","nleder@battelleecology.org"
"f05dc89e-7e49-405e-a425-9ce40dbbf49f","NIWO_041.basePlot.ltr","D13","NIWO","NIWO_041","NIWO_041_059","2017-08-31","2017-10-12","LTR.2017.NIWO.04",42,"NEON.LTR.NIWO041059.20171012","NEON.DOC.001710vE","OK - Litter collected - Trap in good shape, no issues",,,"sdixon@battelleecology.org","Atworek@battelleecology.org"
"db4d40e9-d572-4be4-ad7d-f81e69801040","NIWO_047.basePlot.ltr","D13","NIWO","NIWO_047","NIWO_047_197","2017-08-31","2017-10-12","LTR.2017.NIWO.04",42,,"NEON.DOC.001710vE","TB - Litter not collected - trap blocked",,"Completely buried in snow","sdixon@battelleecology.org","Atworek@battelleecology.org"
"d2ebca3f-4802-46e5-9d45-c54046663c13","NIWO_051.basePlot.ltr","D13","NIWO","NIWO_051","NIWO_051_045","2017-08-31","2017-10-12","LTR.2017.NIWO.04",42,"NEON.LTR.NIWO051045.20171012","NEON.DOC.001710vE","OK - Litter collected - Trap in good shape, no issues",,,"Sscherneck@battelleecology.org","arothchild@battelleecology.org"
"4f15d297-3856-41aa-98e2-966bd2e3d80a","NIWO_057.basePlot.ltr","D13","NIWO","NIWO_057","NIWO_057_081","2017-08-31","2017-10-12","LTR.2017.NIWO.04",42,"NEON.LTR.NIWO057081.20171012","NEON.DOC.001710vE","OK - Litter collected - Trap in good shape, no issues",,"Bags 49-53","dbradley@battelleecology.org","Pjudge@battelleecology.org"
"671ade46-3033-48fe-afd3-3e6904af2ff1","NIWO_058.basePlot.ltr","D13","NIWO","NIWO_058","NIWO_058_101","2017-08-31","2017-10-12","LTR.2017.NIWO.04",42,"NEON.LTR.NIWO058101.20171012","NEON.DOC.001710vE","OK - Litter collected - Trap in good shape, no issues",,"5 bags - 66 67 69 70 71","jlinden@battelleecology.org","nleder@battelleecology.org"
"f49785f5-7257-430c-aabd-ec76476b989d","NIWO_062.basePlot.ltr","D13","NIWO","NIWO_062","NIWO_062_050","2017-08-31","2017-10-12","LTR.2017.NIWO.04",42,"NEON.LTR.NIWO062050.20171012","NEON.DOC.001710vE","OK - Litter collected - Trap in good shape, no issues",,"QC set date","sdixon@battelleecology.org","Atworek@battelleecology.org"
"b43e564e-df09-47a9-8e71-260479c8cc57","NIWO_046.basePlot.ltr","D13","NIWO","NIWO_046","NIWO_046_155","2017-08-31","2017-10-12","LTR.2017.NIWO.04",42,"NEON.LTR.NIWO046155.20171012","NEON.DOC.001710vE","OK - Litter collected - Trap in good shape, no issues",,,"Sscherneck@battelleecology.org","arothchild@battelleecology.org"
