uid,namedLocation,domainID,siteID,plotID,trapID,weighDate,setDate,collectDate,ovenStartDate,ovenEndDate,fieldSampleID,massSampleID,samplingProtocolVersion,functionalGroup,dryMass,qaDryMass,remarks,measuredBy
"abbffd14-82cc-45e9-8765-47a859cc60b7","NIWO_063.basePlot.ltr","D13","NIWO","NIWO_063","NIWO_063_062","2018-07-09","2018-06-07","2018-07-05","2018-07-05T22:45Z","2018-07-09T17:45Z","NEON.LTR.NIWO063062.20180705","NEON.LTR.NIWO063062.20180705.OTH","NEON.DOC.001710vE","Other",0.0000,"N",,"szrillo@battelleecology.org"
"cd360d6c-22d6-40ed-9bcc-3127ab08f377","NIWO_063.basePlot.ltr","D13","NIWO","NIWO_063","NIWO_063_062","2018-07-09","2018-06-07","2018-07-05","2018-07-05T22:45Z","2018-07-09T17:45Z","NEON.LTR.NIWO063062.20180705","NEON.LTR.NIWO063062.20180705.LVS","NEON.DOC.001710vE","Leaves",0.0000,"N",,"szrillo@battelleecology.org"
"81af683d-b4cd-45e6-8637-83d1a0e2d1d1","NIWO_063.basePlot.ltr","D13","NIWO","NIWO_063","NIWO_063_062","2018-07-09","2018-06-07","2018-07-05","2018-07-05T22:45Z","2018-07-09T17:45Z","NEON.LTR.NIWO063062.20180705","NEON.LTR.NIWO063062.20180705.TWI","NEON.DOC.001710vE","Twigs/branches",0.0000,"N",,"szrillo@battelleecology.org"
"596b2198-7233-4bfa-8c8a-4ccd3de889f3","NIWO_063.basePlot.ltr","D13","NIWO","NIWO_063","NIWO_063_062","2018-07-09","2018-06-07","2018-07-05","2018-07-05T22:45Z","2018-07-09T17:45Z","NEON.LTR.NIWO063062.20180705","NEON.LTR.NIWO063062.20180705.WDY","NEON.DOC.001710vE","Woody material",0.0050,"N",,"szrillo@battelleecology.org"
"444c9be2-3001-4fbd-912d-6d178de9ebc4","NIWO_063.basePlot.ltr","D13","NIWO","NIWO_063","NIWO_063_062","2018-07-09","2018-06-07","2018-07-05","2018-07-05T22:45Z","2018-07-09T17:45Z","NEON.LTR.NIWO063062.20180705","NEON.LTR.NIWO063062.20180705.NDL","NEON.DOC.001710vE","Needles",7.3400,"N",,"szrillo@battelleecology.org"
"226073d8-be7f-42dc-8d19-a6d3fc35f559","NIWO_063.basePlot.ltr","D13","NIWO","NIWO_063","NIWO_063_062","2018-07-09","2018-06-07","2018-07-05","2018-07-05T22:45Z","2018-07-09T17:45Z","NEON.LTR.NIWO063062.20180705","NEON.LTR.NIWO063062.20180705.FLR","NEON.DOC.001710vE","Flowers",0.0050,"N",,"szrillo@battelleecology.org"
"f21a03cb-4d09-47d9-af35-542940998337","NIWO_063.basePlot.ltr","D13","NIWO","NIWO_063","NIWO_063_062","2018-07-09","2018-06-07","2018-07-05","2018-07-05T22:45Z","2018-07-09T17:45Z","NEON.LTR.NIWO063062.20180705","NEON.LTR.NIWO063062.20180705.SDS","NEON.DOC.001710vE","Seeds",0.0000,"N",,"szrillo@battelleecology.org"
"6145abc2-bde6-498c-9864-43f180dbc465","NIWO_063.basePlot.ltr","D13","NIWO","NIWO_063","NIWO_063_062","2018-07-09","2018-06-07","2018-07-05","2018-07-05T22:45Z","2018-07-09T17:45Z","NEON.LTR.NIWO063062.20180705","NEON.LTR.NIWO063062.20180705.MXT","NEON.DOC.001710vE","Mixed",0.0050,"N",,"szrillo@battelleecology.org"
"cb4c04e0-bc40-42f5-963f-1096b3ab77db","NIWO_046.basePlot.ltr","D13","NIWO","NIWO_046","NIWO_046_155","2018-07-09","2018-06-07","2018-07-05","2018-07-05T22:45Z","2018-07-09T17:45Z","NEON.LTR.NIWO046155.20180705","NEON.LTR.NIWO046155.20180705.OTH","NEON.DOC.001710vE","Other",0.0100,"N",,"szrillo@battelleecology.org"
"dd175829-9a4b-4193-95be-e52825fbbf20","NIWO_046.basePlot.ltr","D13","NIWO","NIWO_046","NIWO_046_155","2018-07-09","2018-06-07","2018-07-05","2018-07-05T22:45Z","2018-07-09T17:45Z","NEON.LTR.NIWO046155.20180705","NEON.LTR.NIWO046155.20180705.NDL","NEON.DOC.001710vE","Needles",15.1000,"N",,"szrillo@battelleecology.org"
"d9e5dfe6-6ac3-4d5d-95e2-295b4596a316","NIWO_046.basePlot.ltr","D13","NIWO","NIWO_046","NIWO_046_155","2018-07-09","2018-06-07","2018-07-05","2018-07-05T22:45Z","2018-07-09T17:45Z","NEON.LTR.NIWO046155.20180705","NEON.LTR.NIWO046155.20180705.MXT","NEON.DOC.001710vE","Mixed",1.0500,"N",,"szrillo@battelleecology.org"
"b88e4e38-fb41-4a24-8ec4-696e4ce54794","NIWO_046.basePlot.ltr","D13","NIWO","NIWO_046","NIWO_046_155","2018-07-09","2018-06-07","2018-07-05","2018-07-05T22:45Z","2018-07-09T17:45Z","NEON.LTR.NIWO046155.20180705","NEON.LTR.NIWO046155.20180705.SDS","NEON.DOC.001710vE","Seeds",0.0300,"N",,"szrillo@battelleecology.org"
"55c7f2b2-bf9e-42ec-ab00-9a5c757c713b","NIWO_046.basePlot.ltr","D13","NIWO","NIWO_046","NIWO_046_155","2018-07-09","2018-06-07","2018-07-05","2018-07-05T22:45Z","2018-07-09T17:45Z","NEON.LTR.NIWO046155.20180705","NEON.LTR.NIWO046155.20180705.TWI","NEON.DOC.001710vE","Twigs/branches",3.3300,"N",,"szrillo@battelleecology.org"
"e1bc1305-9250-41fd-8eb8-5623a70be9d3","NIWO_046.basePlot.ltr","D13","NIWO","NIWO_046","NIWO_046_155","2018-07-09","2018-06-07","2018-07-05","2018-07-05T22:45Z","2018-07-09T17:45Z","NEON.LTR.NIWO046155.20180705","NEON.LTR.NIWO046155.20180705.MXT","NEON.DOC.001710vE","Mixed",1.0600,"Y",,"szrillo@battelleecology.org"
"8708e318-bb2a-4591-8b52-65bacd65697a","NIWO_046.basePlot.ltr","D13","NIWO","NIWO_046","NIWO_046_155","2018-07-09","2018-06-07","2018-07-05","2018-07-05T22:45Z","2018-07-09T17:45Z","NEON.LTR.NIWO046155.20180705","NEON.LTR.NIWO046155.20180705.WDY","NEON.DOC.001710vE","Woody material",0.7100,"Y",,"szrillo@battelleecology.org"
"2861c3ac-626b-4857-814b-42499913af07","NIWO_046.basePlot.ltr","D13","NIWO","NIWO_046","NIWO_046_155","2018-07-09","2018-06-07","2018-07-05","2018-07-05T22:45Z","2018-07-09T17:45Z","NEON.LTR.NIWO046155.20180705","NEON.LTR.NIWO046155.20180705.LVS","NEON.DOC.001710vE","Leaves",0.0050,"N",,"szrillo@battelleecology.org"
"740fd31e-4ba5-4594-8b25-004eb8d79dd5","NIWO_046.basePlot.ltr","D13","NIWO","NIWO_046","NIWO_046_155","2018-07-09","2018-06-07","2018-07-05","2018-07-05T22:45Z","2018-07-09T17:45Z","NEON.LTR.NIWO046155.20180705","NEON.LTR.NIWO046155.20180705.WDY","NEON.DOC.001710vE","Woody material",0.7100,"N",,"szrillo@battelleecology.org"
"56022fd4-fc77-42f5-98fb-44eee27b546a","NIWO_046.basePlot.ltr","D13","NIWO","NIWO_046","NIWO_046_155","2018-07-09","2018-06-07","2018-07-05","2018-07-05T22:45Z","2018-07-09T17:45Z","NEON.LTR.NIWO046155.20180705","NEON.LTR.NIWO046155.20180705.FLR","NEON.DOC.001710vE","Flowers",0.0050,"N",,"szrillo@battelleecology.org"
"31d11ac5-e565-4a74-ab1d-67f7189656d4","NIWO_062.basePlot.ltr","D13","NIWO","NIWO_062","NIWO_062_050","2018-07-09","2018-06-07","2018-07-05","2018-07-05T22:45Z","2018-07-09T17:45Z","NEON.LTR.NIWO062050.20180705","NEON.LTR.NIWO062050.20180705.OTH","NEON.DOC.001710vE","Other",0.0600,"N",,"szrillo@battelleecology.org"
"14e56f4c-40d5-459a-9da1-86d632c5757f","NIWO_062.basePlot.ltr","D13","NIWO","NIWO_062","NIWO_062_050","2018-07-09","2018-06-07","2018-07-05","2018-07-05T22:45Z","2018-07-09T17:45Z","NEON.LTR.NIWO062050.20180705","NEON.LTR.NIWO062050.20180705.LVS","NEON.DOC.001710vE","Leaves",0.0200,"N",,"szrillo@battelleecology.org"
"6639d20b-0e9c-4590-a2b3-c2600ee36bb1","NIWO_062.basePlot.ltr","D13","NIWO","NIWO_062","NIWO_062_050","2018-07-09","2018-06-07","2018-07-05","2018-07-05T22:45Z","2018-07-09T17:45Z","NEON.LTR.NIWO062050.20180705","NEON.LTR.NIWO062050.20180705.WDY","NEON.DOC.001710vE","Woody material",0.0050,"N",,"szrillo@battelleecology.org"
"18c0bdcf-d45f-4eea-a2d2-d48b2e441220","NIWO_062.basePlot.ltr","D13","NIWO","NIWO_062","NIWO_062_050","2018-07-09","2018-06-07","2018-07-05","2018-07-05T22:45Z","2018-07-09T17:45Z","NEON.LTR.NIWO062050.20180705","NEON.LTR.NIWO062050.20180705.TWI","NEON.DOC.001710vE","Twigs/branches",0.0050,"N",,"szrillo@battelleecology.org"
"f282e422-5476-43b5-9724-33838d741175","NIWO_062.basePlot.ltr","D13","NIWO","NIWO_062","NIWO_062_050","2018-07-09","2018-06-07","2018-07-05","2018-07-05T22:45Z","2018-07-09T17:45Z","NEON.LTR.NIWO062050.20180705","NEON.LTR.NIWO062050.20180705.NDL","NEON.DOC.001710vE","Needles",1.0600,"Y",,"szrillo@battelleecology.org"
"f3dfe358-4659-419f-a200-dd91850326f8","NIWO_062.basePlot.ltr","D13","NIWO","NIWO_062","NIWO_062_050","2018-07-09","2018-06-07","2018-07-05","2018-07-05T22:45Z","2018-07-09T17:45Z","NEON.LTR.NIWO062050.20180705","NEON.LTR.NIWO062050.20180705.SDS","NEON.DOC.001710vE","Seeds",0.0000,"N",,"szrillo@battelleecology.org"
"6e2e0e30-f414-4c4b-8bfd-b6366f832827","NIWO_062.basePlot.ltr","D13","NIWO","NIWO_062","NIWO_062_050","2018-07-09","2018-06-07","2018-07-05","2018-07-05T22:45Z","2018-07-09T17:45Z","NEON.LTR.NIWO062050.20180705","NEON.LTR.NIWO062050.20180705.FLR","NEON.DOC.001710vE","Flowers",0.0050,"N",,"szrillo@battelleecology.org"
"d3ade657-388a-445e-ac84-d189768e1d5b","NIWO_062.basePlot.ltr","D13","NIWO","NIWO_062","NIWO_062_050","2018-07-09","2018-06-07","2018-07-05","2018-07-05T22:45Z","2018-07-09T17:45Z","NEON.LTR.NIWO062050.20180705","NEON.LTR.NIWO062050.20180705.NDL","NEON.DOC.001710vE","Needles",1.0500,"N",,"szrillo@battelleecology.org"
"1311b6f0-e14b-4e44-be0f-4c79a0d98b42","NIWO_061.basePlot.ltr","D13","NIWO","NIWO_061","NIWO_061_169","2018-07-09","2018-06-07","2018-07-05","2018-07-05T22:45Z","2018-07-09T17:45Z","NEON.LTR.NIWO061169.20180705","NEON.LTR.NIWO061169.20180705.NDL","NEON.DOC.001710vE","Needles",2.4400,"N",,"szrillo@battelleecology.org"
"a69e8c6d-71bc-4cf7-8349-da070264c4c0","NIWO_061.basePlot.ltr","D13","NIWO","NIWO_061","NIWO_061_169","2018-07-09","2018-06-07","2018-07-05","2018-07-05T22:45Z","2018-07-09T17:45Z","NEON.LTR.NIWO061169.20180705","NEON.LTR.NIWO061169.20180705.WDY","NEON.DOC.001710vE","Woody material",0.0200,"N",,"szrillo@battelleecology.org"
"0ee5745b-f5de-4668-9fed-cf2a324919d2","NIWO_061.basePlot.ltr","D13","NIWO","NIWO_061","NIWO_061_169","2018-07-09","2018-06-07","2018-07-05","2018-07-05T22:45Z","2018-07-09T17:45Z","NEON.LTR.NIWO061169.20180705","NEON.LTR.NIWO061169.20180705.WDY","NEON.DOC.001710vE","Woody material",0.0300,"Y",,"szrillo@battelleecology.org"
"8bcc09e2-1dff-416a-bbc0-760231930c74","NIWO_061.basePlot.ltr","D13","NIWO","NIWO_061","NIWO_061_169","2018-07-09","2018-06-07","2018-07-05","2018-07-05T22:45Z","2018-07-09T17:45Z","NEON.LTR.NIWO061169.20180705","NEON.LTR.NIWO061169.20180705.SDS","NEON.DOC.001710vE","Seeds",0.0050,"N",,"szrillo@battelleecology.org"
"dd271b98-d4aa-4e9e-a1e2-ecb755c7d526","NIWO_061.basePlot.ltr","D13","NIWO","NIWO_061","NIWO_061_169","2018-07-09","2018-06-07","2018-07-05","2018-07-05T22:45Z","2018-07-09T17:45Z","NEON.LTR.NIWO061169.20180705","NEON.LTR.NIWO061169.20180705.LVS","NEON.DOC.001710vE","Leaves",0.0000,"N",,"szrillo@battelleecology.org"
"6101e3cc-c570-42b2-b190-d7e7700d785a","NIWO_061.basePlot.ltr","D13","NIWO","NIWO_061","NIWO_061_169","2018-07-09","2018-06-07","2018-07-05","2018-07-05T22:45Z","2018-07-09T17:45Z","NEON.LTR.NIWO061169.20180705","NEON.LTR.NIWO061169.20180705.FLR","NEON.DOC.001710vE","Flowers",0.0050,"N",,"szrillo@battelleecology.org"
"03bb08a7-6b70-4794-bb96-17a5101fb98d","NIWO_061.basePlot.ltr","D13","NIWO","NIWO_061","NIWO_061_169","2018-07-09","2018-06-07","2018-07-05","2018-07-05T22:45Z","2018-07-09T17:45Z","NEON.LTR.NIWO061169.20180705","NEON.LTR.NIWO061169.20180705.TWI","NEON.DOC.001710vE","Twigs/branches",0.0000,"N",,"szrillo@battelleecology.org"
"20238e8b-41e4-4b89-bf7b-2e6cce30fba9","NIWO_061.basePlot.ltr","D13","NIWO","NIWO_061","NIWO_061_169","2018-07-09","2018-06-07","2018-07-05","2018-07-05T22:45Z","2018-07-09T17:45Z","NEON.LTR.NIWO061169.20180705","NEON.LTR.NIWO061169.20180705.OTH","NEON.DOC.001710vE","Other",0.0000,"N",,"szrillo@battelleecology.org"
"cb2d5ba2-3290-445e-8cdb-bcc3b90a2824","NIWO_061.basePlot.ltr","D13","NIWO","NIWO_061","NIWO_061_169","2018-07-09","2018-06-07","2018-07-05","2018-07-05T22:45Z","2018-07-09T17:45Z","NEON.LTR.NIWO061169.20180705","NEON.LTR.NIWO061169.20180705.NDL","NEON.DOC.001710vE","Needles",2.4600,"Y",,"szrillo@battelleecology.org"
"222c931f-4080-4317-9f2d-d5590468f479","NIWO_057.basePlot.ltr","D13","NIWO","NIWO_057","NIWO_057_081","2018-07-09","2018-06-07","2018-07-05","2018-07-05T22:45Z","2018-07-09T17:45Z","NEON.LTR.NIWO057081.20180705","NEON.LTR.NIWO057081.20180705.LVS","NEON.DOC.001710vE","Leaves",0.0050,"N",,"szrillo@battelleecology.org"
"4ae96a30-57b7-430a-9493-531a8ada417a","NIWO_057.basePlot.ltr","D13","NIWO","NIWO_057","NIWO_057_081","2018-07-09","2018-06-07","2018-07-05","2018-07-05T22:45Z","2018-07-09T17:45Z","NEON.LTR.NIWO057081.20180705","NEON.LTR.NIWO057081.20180705.SDS","NEON.DOC.001710vE","Seeds",0.0050,"N",,"szrillo@battelleecology.org"
"943e012e-48d5-4ced-a912-ba9750aba357","NIWO_057.basePlot.ltr","D13","NIWO","NIWO_057","NIWO_057_081","2018-07-09","2018-06-07","2018-07-05","2018-07-05T22:45Z","2018-07-09T17:45Z","NEON.LTR.NIWO057081.20180705","NEON.LTR.NIWO057081.20180705.TWI","NEON.DOC.001710vE","Twigs/branches",0.0400,"N",,"szrillo@battelleecology.org"
"66502e31-5f5c-4a48-97bc-3448d2b88587","NIWO_057.basePlot.ltr","D13","NIWO","NIWO_057","NIWO_057_081","2018-07-09","2018-06-07","2018-07-05","2018-07-05T22:45Z","2018-07-09T17:45Z","NEON.LTR.NIWO057081.20180705","NEON.LTR.NIWO057081.20180705.NDL","NEON.DOC.001710vE","Needles",2.9700,"Y",,"szrillo@battelleecology.org"
"24ecd442-07fb-4ae6-bb2e-4450e6dce182","NIWO_057.basePlot.ltr","D13","NIWO","NIWO_057","NIWO_057_081","2018-07-09","2018-06-07","2018-07-05","2018-07-05T22:45Z","2018-07-09T17:45Z","NEON.LTR.NIWO057081.20180705","NEON.LTR.NIWO057081.20180705.WDY","NEON.DOC.001710vE","Woody material",2.5700,"N",,"szrillo@battelleecology.org"
"63fae6ef-7ce7-424c-89d5-c0f2524fa5dc","NIWO_057.basePlot.ltr","D13","NIWO","NIWO_057","NIWO_057_081","2018-07-09","2018-06-07","2018-07-05","2018-07-05T22:45Z","2018-07-09T17:45Z","NEON.LTR.NIWO057081.20180705","NEON.LTR.NIWO057081.20180705.FLR","NEON.DOC.001710vE","Flowers",0.0050,"N",,"szrillo@battelleecology.org"
"c8ddde6a-b553-4779-87a5-e6e7aca6f74f","NIWO_057.basePlot.ltr","D13","NIWO","NIWO_057","NIWO_057_081","2018-07-09","2018-06-07","2018-07-05","2018-07-05T22:45Z","2018-07-09T17:45Z","NEON.LTR.NIWO057081.20180705","NEON.LTR.NIWO057081.20180705.OTH","NEON.DOC.001710vE","Other",0.2700,"N",,"szrillo@battelleecology.org"
"4775577d-ab68-4fd2-adbf-d92fa6e05bf3","NIWO_057.basePlot.ltr","D13","NIWO","NIWO_057","NIWO_057_081","2018-07-09","2018-06-07","2018-07-05","2018-07-05T22:45Z","2018-07-09T17:45Z","NEON.LTR.NIWO057081.20180705","NEON.LTR.NIWO057081.20180705.NDL","NEON.DOC.001710vE","Needles",2.9600,"N",,"szrillo@battelleecology.org"
"76d6cb0c-7258-4865-886e-6cc8272f4c71","NIWO_067.basePlot.ltr","D13","NIWO","NIWO_067","NIWO_067_017","2018-07-09","2018-06-07","2018-07-05","2018-07-05T22:45Z","2018-07-09T17:45Z","NEON.LTR.NIWO067017.20180705","NEON.LTR.NIWO067017.20180705.FLR","NEON.DOC.001710vE","Flowers",0.0000,"N",,"szrillo@battelleecology.org"
"049a2cc7-b0a5-45f2-baef-f8e22e2b2687","NIWO_067.basePlot.ltr","D13","NIWO","NIWO_067","NIWO_067_017","2018-07-09","2018-06-07","2018-07-05","2018-07-05T22:45Z","2018-07-09T17:45Z","NEON.LTR.NIWO067017.20180705","NEON.LTR.NIWO067017.20180705.WDY","NEON.DOC.001710vE","Woody material",0.5800,"N",,"szrillo@battelleecology.org"
"004c2a2b-ee9f-4c28-aca8-5d63e33f9c8c","NIWO_067.basePlot.ltr","D13","NIWO","NIWO_067","NIWO_067_017","2018-07-09","2018-06-07","2018-07-05","2018-07-05T22:45Z","2018-07-09T17:45Z","NEON.LTR.NIWO067017.20180705","NEON.LTR.NIWO067017.20180705.SDS","NEON.DOC.001710vE","Seeds",0.0300,"N",,"szrillo@battelleecology.org"
"f736d405-ca4b-4c81-b05e-03f49b1c087b","NIWO_067.basePlot.ltr","D13","NIWO","NIWO_067","NIWO_067_017","2018-07-09","2018-06-07","2018-07-05","2018-07-05T22:45Z","2018-07-09T17:45Z","NEON.LTR.NIWO067017.20180705","NEON.LTR.NIWO067017.20180705.LVS","NEON.DOC.001710vE","Leaves",0.0200,"N",,"szrillo@battelleecology.org"
"26e7d65c-39e5-4cb8-8ad6-3bc5b00e650d","NIWO_067.basePlot.ltr","D13","NIWO","NIWO_067","NIWO_067_017","2018-07-09","2018-06-07","2018-07-05","2018-07-05T22:45Z","2018-07-09T17:45Z","NEON.LTR.NIWO067017.20180705","NEON.LTR.NIWO067017.20180705.NDL","NEON.DOC.001710vE","Needles",8.8800,"N",,"szrillo@battelleecology.org"
"f9bcdfe0-ea3e-4ecc-8f14-eb42649ab0c4","NIWO_067.basePlot.ltr","D13","NIWO","NIWO_067","NIWO_067_017","2018-07-09","2018-06-07","2018-07-05","2018-07-05T22:45Z","2018-07-09T17:45Z","NEON.LTR.NIWO067017.20180705","NEON.LTR.NIWO067017.20180705.MXT","NEON.DOC.001710vE","Mixed",1.7800,"N",,"szrillo@battelleecology.org"
"1e8e21d4-ba13-49dd-a3a5-0c5d5a10305e","NIWO_067.basePlot.ltr","D13","NIWO","NIWO_067","NIWO_067_017","2018-07-09","2018-06-07","2018-07-05","2018-07-05T22:45Z","2018-07-09T17:45Z","NEON.LTR.NIWO067017.20180705","NEON.LTR.NIWO067017.20180705.OTH","NEON.DOC.001710vE","Other",0.0000,"N",,"szrillo@battelleecology.org"
"528de48d-fad5-4b8b-8d59-fd51a3c6631e","NIWO_067.basePlot.ltr","D13","NIWO","NIWO_067","NIWO_067_017","2018-07-09","2018-06-07","2018-07-05","2018-07-05T22:45Z","2018-07-09T17:45Z","NEON.LTR.NIWO067017.20180705","NEON.LTR.NIWO067017.20180705.TWI","NEON.DOC.001710vE","Twigs/branches",0.7900,"N",,"szrillo@battelleecology.org"
"147c56d0-598b-48d4-8ee9-3c83710c3f1f","NIWO_040.basePlot.ltr","D13","NIWO","NIWO_040","NIWO_040_205","2018-07-09","2018-06-07","2018-07-05","2018-07-05T22:45Z","2018-07-09T17:45Z","NEON.LTR.NIWO040205.20180705","NEON.LTR.NIWO040205.20180705.LVS","NEON.DOC.001710vE","Leaves",0.0050,"N",,"szrillo@battelleecology.org"
"679ac637-f5e5-4883-8518-68bd2472302a","NIWO_040.basePlot.ltr","D13","NIWO","NIWO_040","NIWO_040_205","2018-07-09","2018-06-07","2018-07-05","2018-07-05T22:45Z","2018-07-09T17:45Z","NEON.LTR.NIWO040205.20180705","NEON.LTR.NIWO040205.20180705.FLR","NEON.DOC.001710vE","Flowers",0.0050,"N",,"szrillo@battelleecology.org"
"b643b0f3-3955-4543-bef3-3f398dd6676f","NIWO_040.basePlot.ltr","D13","NIWO","NIWO_040","NIWO_040_205","2018-07-09","2018-06-07","2018-07-05","2018-07-05T22:45Z","2018-07-09T17:45Z","NEON.LTR.NIWO040205.20180705","NEON.LTR.NIWO040205.20180705.OTH","NEON.DOC.001710vE","Other",0.0000,"N",,"szrillo@battelleecology.org"
"2b65b3fb-a40e-4b76-9ed1-71a4d6d4566a","NIWO_040.basePlot.ltr","D13","NIWO","NIWO_040","NIWO_040_205","2018-07-09","2018-06-07","2018-07-05","2018-07-05T22:45Z","2018-07-09T17:45Z","NEON.LTR.NIWO040205.20180705","NEON.LTR.NIWO040205.20180705.WDY","NEON.DOC.001710vE","Woody material",0.2400,"N",,"szrillo@battelleecology.org"
"333eecb5-1177-44f3-a6e2-afb690edef22","NIWO_040.basePlot.ltr","D13","NIWO","NIWO_040","NIWO_040_205","2018-07-09","2018-06-07","2018-07-05","2018-07-05T22:45Z","2018-07-09T17:45Z","NEON.LTR.NIWO040205.20180705","NEON.LTR.NIWO040205.20180705.SDS","NEON.DOC.001710vE","Seeds",0.0050,"N",,"szrillo@battelleecology.org"
"33a4a1c7-2eee-4fcb-98f2-02297642650c","NIWO_040.basePlot.ltr","D13","NIWO","NIWO_040","NIWO_040_205","2018-07-09","2018-06-07","2018-07-05","2018-07-05T22:45Z","2018-07-09T17:45Z","NEON.LTR.NIWO040205.20180705","NEON.LTR.NIWO040205.20180705.TWI","NEON.DOC.001710vE","Twigs/branches",0.0800,"N",,"szrillo@battelleecology.org"
"cb8a2bdd-4632-42b9-98b6-e44698dbd430","NIWO_040.basePlot.ltr","D13","NIWO","NIWO_040","NIWO_040_205","2018-07-09","2018-06-07","2018-07-05","2018-07-05T22:45Z","2018-07-09T17:45Z","NEON.LTR.NIWO040205.20180705","NEON.LTR.NIWO040205.20180705.NDL","NEON.DOC.001710vE","Needles",1.8100,"N",,"szrillo@battelleecology.org"
"71c5f94e-57ff-46b7-918a-6d75d7be8297","NIWO_040.basePlot.ltr","D13","NIWO","NIWO_040","NIWO_040_205","2018-07-09","2018-06-07","2018-07-05","2018-07-05T22:45Z","2018-07-09T17:45Z","NEON.LTR.NIWO040205.20180705","NEON.LTR.NIWO040205.20180705.MXT","NEON.DOC.001710vE","Mixed",0.3400,"N",,"szrillo@battelleecology.org"
"6c3960fa-6cba-4717-960f-43510ccfdf40","NIWO_041.basePlot.ltr","D13","NIWO","NIWO_041","NIWO_041_059","2018-07-09","2018-06-07","2018-07-05","2018-07-05T22:45Z","2018-07-09T17:45Z","NEON.LTR.NIWO041059.20180705","NEON.LTR.NIWO041059.20180705.FLR","NEON.DOC.001710vE","Flowers",0.0000,"N",,"szrillo@battelleecology.org"
"258b0ef9-37be-468e-8f7e-91ab2e7eca0b","NIWO_041.basePlot.ltr","D13","NIWO","NIWO_041","NIWO_041_059","2018-07-09","2018-06-07","2018-07-05","2018-07-05T22:45Z","2018-07-09T17:45Z","NEON.LTR.NIWO041059.20180705","NEON.LTR.NIWO041059.20180705.NDL","NEON.DOC.001710vE","Needles",25.3200,"N",,"szrillo@battelleecology.org"
"3c334dea-596a-4dfa-8f4d-cc0ea0713b11","NIWO_041.basePlot.ltr","D13","NIWO","NIWO_041","NIWO_041_059","2018-07-09","2018-06-07","2018-07-05","2018-07-05T22:45Z","2018-07-09T17:45Z","NEON.LTR.NIWO041059.20180705","NEON.LTR.NIWO041059.20180705.SDS","NEON.DOC.001710vE","Seeds",0.0200,"N",,"szrillo@battelleecology.org"
"b3095ce3-cfe5-46ba-8e9f-4e4241d3510c","NIWO_041.basePlot.ltr","D13","NIWO","NIWO_041","NIWO_041_059","2018-07-09","2018-06-07","2018-07-05","2018-07-05T22:45Z","2018-07-09T17:45Z","NEON.LTR.NIWO041059.20180705","NEON.LTR.NIWO041059.20180705.WDY","NEON.DOC.001710vE","Woody material",0.7300,"N",,"szrillo@battelleecology.org"
"d45e0ab6-2e06-4905-beec-f375ac2a6a28","NIWO_041.basePlot.ltr","D13","NIWO","NIWO_041","NIWO_041_059","2018-07-09","2018-06-07","2018-07-05","2018-07-05T22:45Z","2018-07-09T17:45Z","NEON.LTR.NIWO041059.20180705","NEON.LTR.NIWO041059.20180705.MXT","NEON.DOC.001710vE","Mixed",22.2400,"N",,"szrillo@battelleecology.org"
"26b32483-1277-43d7-aab5-c314d8181318","NIWO_041.basePlot.ltr","D13","NIWO","NIWO_041","NIWO_041_059","2018-07-09","2018-06-07","2018-07-05","2018-07-05T22:45Z","2018-07-09T17:45Z","NEON.LTR.NIWO041059.20180705","NEON.LTR.NIWO041059.20180705.MXT","NEON.DOC.001710vE","Mixed",22.3300,"Y",,"szrillo@battelleecology.org"
"d96466f3-b73b-4ca7-bbb6-9ee0eec1deb4","NIWO_041.basePlot.ltr","D13","NIWO","NIWO_041","NIWO_041_059","2018-07-09","2018-06-07","2018-07-05","2018-07-05T22:45Z","2018-07-09T17:45Z","NEON.LTR.NIWO041059.20180705","NEON.LTR.NIWO041059.20180705.LVS","NEON.DOC.001710vE","Leaves",0.1200,"N",,"szrillo@battelleecology.org"
"30e2fe9b-8811-458d-b5d3-19a48e9c4e96","NIWO_041.basePlot.ltr","D13","NIWO","NIWO_041","NIWO_041_059","2018-07-09","2018-06-07","2018-07-05","2018-07-05T22:45Z","2018-07-09T17:45Z","NEON.LTR.NIWO041059.20180705","NEON.LTR.NIWO041059.20180705.WDY","NEON.DOC.001710vE","Woody material",0.7300,"Y",,"szrillo@battelleecology.org"
"6a06ed6d-0180-4113-ae50-3cbf2e7afc65","NIWO_041.basePlot.ltr","D13","NIWO","NIWO_041","NIWO_041_059","2018-07-09","2018-06-07","2018-07-05","2018-07-05T22:45Z","2018-07-09T17:45Z","NEON.LTR.NIWO041059.20180705","NEON.LTR.NIWO041059.20180705.OTH","NEON.DOC.001710vE","Other",0.1000,"N",,"szrillo@battelleecology.org"
"9e9cab8a-5107-4c6e-ab6c-9e432b10e856","NIWO_041.basePlot.ltr","D13","NIWO","NIWO_041","NIWO_041_059","2018-07-09","2018-06-07","2018-07-05","2018-07-05T22:45Z","2018-07-09T17:45Z","NEON.LTR.NIWO041059.20180705","NEON.LTR.NIWO041059.20180705.TWI","NEON.DOC.001710vE","Twigs/branches",5.2100,"N",,"szrillo@battelleecology.org"
"9cd33c9c-44fc-4b53-85c2-d6f827fb4a51","NIWO_047.basePlot.ltr","D13","NIWO","NIWO_047","NIWO_047_197","2018-07-09","2018-06-07","2018-07-05","2018-07-05T22:45Z","2018-07-09T17:45Z","NEON.LTR.NIWO047197.20180705","NEON.LTR.NIWO047197.20180705.FLR","NEON.DOC.001710vE","Flowers",0.0000,"N",,"szrillo@battelleecology.org"
"627a32a5-9928-405f-80bf-1a93caeb2bd9","NIWO_047.basePlot.ltr","D13","NIWO","NIWO_047","NIWO_047_197","2018-07-09","2018-06-07","2018-07-05","2018-07-05T22:45Z","2018-07-09T17:45Z","NEON.LTR.NIWO047197.20180705","NEON.LTR.NIWO047197.20180705.LVS","NEON.DOC.001710vE","Leaves",0.0050,"N",,"szrillo@battelleecology.org"
"ae67101d-00fe-4223-bf91-6a57153e8083","NIWO_047.basePlot.ltr","D13","NIWO","NIWO_047","NIWO_047_197","2018-07-09","2018-06-07","2018-07-05","2018-07-05T22:45Z","2018-07-09T17:45Z","NEON.LTR.NIWO047197.20180705","NEON.LTR.NIWO047197.20180705.SDS","NEON.DOC.001710vE","Seeds",0.0000,"N",,"szrillo@battelleecology.org"
"0a62064c-ba02-479c-be4f-fe4710178d2d","NIWO_047.basePlot.ltr","D13","NIWO","NIWO_047","NIWO_047_197","2018-07-09","2018-06-07","2018-07-05","2018-07-05T22:45Z","2018-07-09T17:45Z","NEON.LTR.NIWO047197.20180705","NEON.LTR.NIWO047197.20180705.NDL","NEON.DOC.001710vE","Needles",0.3500,"N",,"szrillo@battelleecology.org"
"10e337bd-7070-45b9-9135-d49f1b0002f9","NIWO_047.basePlot.ltr","D13","NIWO","NIWO_047","NIWO_047_197","2018-07-09","2018-06-07","2018-07-05","2018-07-05T22:45Z","2018-07-09T17:45Z","NEON.LTR.NIWO047197.20180705","NEON.LTR.NIWO047197.20180705.WDY","NEON.DOC.001710vE","Woody material",0.0000,"N",,"szrillo@battelleecology.org"
"078aea46-143a-4407-93e6-9d38b9890dee","NIWO_047.basePlot.ltr","D13","NIWO","NIWO_047","NIWO_047_197","2018-07-09","2018-06-07","2018-07-05","2018-07-05T22:45Z","2018-07-09T17:45Z","NEON.LTR.NIWO047197.20180705","NEON.LTR.NIWO047197.20180705.TWI","NEON.DOC.001710vE","Twigs/branches",0.0050,"N",,"szrillo@battelleecology.org"
"74add92c-dc34-4a45-9d74-7344ee29d1e0","NIWO_047.basePlot.ltr","D13","NIWO","NIWO_047","NIWO_047_197","2018-07-09","2018-06-07","2018-07-05","2018-07-05T22:45Z","2018-07-09T17:45Z","NEON.LTR.NIWO047197.20180705","NEON.LTR.NIWO047197.20180705.OTH","NEON.DOC.001710vE","Other",0.0050,"N",,"szrillo@battelleecology.org"
"586d5154-15e1-4aea-abb2-81ef153f895a","NIWO_051.basePlot.ltr","D13","NIWO","NIWO_051","NIWO_051_045","2018-07-09","2018-06-07","2018-07-05","2018-07-05T22:45Z","2018-07-09T17:45Z","NEON.LTR.NIWO051045.20180705","NEON.LTR.NIWO051045.20180705.LVS","NEON.DOC.001710vE","Leaves",0.0050,"N",,"szrillo@battelleecology.org"
"3e47e8d1-5355-40e3-85c1-0a6e7bfdac1a","NIWO_051.basePlot.ltr","D13","NIWO","NIWO_051","NIWO_051_045","2018-07-09","2018-06-07","2018-07-05","2018-07-05T22:45Z","2018-07-09T17:45Z","NEON.LTR.NIWO051045.20180705","NEON.LTR.NIWO051045.20180705.MXT","NEON.DOC.001710vE","Mixed",2.0700,"N",,"szrillo@battelleecology.org"
"31177e45-0117-4640-a325-09385ca602c6","NIWO_051.basePlot.ltr","D13","NIWO","NIWO_051","NIWO_051_045","2018-07-09","2018-06-07","2018-07-05","2018-07-05T22:45Z","2018-07-09T17:45Z","NEON.LTR.NIWO051045.20180705","NEON.LTR.NIWO051045.20180705.OTH","NEON.DOC.001710vE","Other",0.0800,"N",,"szrillo@battelleecology.org"
"31ae5c80-0ec6-43d7-9322-cf55d7d38859","NIWO_051.basePlot.ltr","D13","NIWO","NIWO_051","NIWO_051_045","2018-07-09","2018-06-07","2018-07-05","2018-07-05T22:45Z","2018-07-09T17:45Z","NEON.LTR.NIWO051045.20180705","NEON.LTR.NIWO051045.20180705.SDS","NEON.DOC.001710vE","Seeds",0.0400,"N",,"szrillo@battelleecology.org"
"43e1c667-4795-46dd-8937-ceecb5c0600d","NIWO_051.basePlot.ltr","D13","NIWO","NIWO_051","NIWO_051_045","2018-07-09","2018-06-07","2018-07-05","2018-07-05T22:45Z","2018-07-09T17:45Z","NEON.LTR.NIWO051045.20180705","NEON.LTR.NIWO051045.20180705.WDY","NEON.DOC.001710vE","Woody material",0.1600,"N",,"szrillo@battelleecology.org"
"e9e639e7-40c1-4b68-82c4-cbcbb3e94317","NIWO_051.basePlot.ltr","D13","NIWO","NIWO_051","NIWO_051_045","2018-07-09","2018-06-07","2018-07-05","2018-07-05T22:45Z","2018-07-09T17:45Z","NEON.LTR.NIWO051045.20180705","NEON.LTR.NIWO051045.20180705.NDL","NEON.DOC.001710vE","Needles",22.8600,"N",,"szrillo@battelleecology.org"
"6e246e16-932c-42f5-93bc-5a8925d31a7c","NIWO_051.basePlot.ltr","D13","NIWO","NIWO_051","NIWO_051_045","2018-07-09","2018-06-07","2018-07-05","2018-07-05T22:45Z","2018-07-09T17:45Z","NEON.LTR.NIWO051045.20180705","NEON.LTR.NIWO051045.20180705.TWI","NEON.DOC.001710vE","Twigs/branches",0.7300,"N",,"szrillo@battelleecology.org"
"0c44d5c7-08dd-4a16-b448-1b10084a4671","NIWO_051.basePlot.ltr","D13","NIWO","NIWO_051","NIWO_051_045","2018-07-09","2018-06-07","2018-07-05","2018-07-05T22:45Z","2018-07-09T17:45Z","NEON.LTR.NIWO051045.20180705","NEON.LTR.NIWO051045.20180705.MXT","NEON.DOC.001710vE","Mixed",2.0900,"Y",,"szrillo@battelleecology.org"
"68a4bed9-0ced-40f7-9bed-3e4ea2b2ca57","NIWO_051.basePlot.ltr","D13","NIWO","NIWO_051","NIWO_051_045","2018-07-09","2018-06-07","2018-07-05","2018-07-05T22:45Z","2018-07-09T17:45Z","NEON.LTR.NIWO051045.20180705","NEON.LTR.NIWO051045.20180705.FLR","NEON.DOC.001710vE","Flowers",0.0050,"N",,"szrillo@battelleecology.org"
"419c6e86-4da8-4c82-ba0d-21327032d6c6","NIWO_058.basePlot.ltr","D13","NIWO","NIWO_058","NIWO_058_101","2018-07-09","2018-06-07","2018-07-05","2018-07-05T22:45Z","2018-07-09T17:45Z","NEON.LTR.NIWO058101.20180705","NEON.LTR.NIWO058101.20180705.OTH","NEON.DOC.001710vE","Other",0.0050,"N",,"szrillo@battelleecology.org"
"4d86fc8a-7216-4a2d-9a9b-b602b3a0c093","NIWO_058.basePlot.ltr","D13","NIWO","NIWO_058","NIWO_058_101","2018-07-09","2018-06-07","2018-07-05","2018-07-05T22:45Z","2018-07-09T17:45Z","NEON.LTR.NIWO058101.20180705","NEON.LTR.NIWO058101.20180705.FLR","NEON.DOC.001710vE","Flowers",0.0000,"N",,"szrillo@battelleecology.org"
"5ec1defa-8fa6-4600-adf4-97b4eb4bd679","NIWO_058.basePlot.ltr","D13","NIWO","NIWO_058","NIWO_058_101","2018-07-09","2018-06-07","2018-07-05","2018-07-05T22:45Z","2018-07-09T17:45Z","NEON.LTR.NIWO058101.20180705","NEON.LTR.NIWO058101.20180705.WDY","NEON.DOC.001710vE","Woody material",0.0000,"N",,"szrillo@battelleecology.org"
"170141c7-3762-40ac-8c01-6a85b8be3da0","NIWO_058.basePlot.ltr","D13","NIWO","NIWO_058","NIWO_058_101","2018-07-09","2018-06-07","2018-07-05","2018-07-05T22:45Z","2018-07-09T17:45Z","NEON.LTR.NIWO058101.20180705","NEON.LTR.NIWO058101.20180705.TWI","NEON.DOC.001710vE","Twigs/branches",0.0000,"N",,"szrillo@battelleecology.org"
"cc8c1047-4d3f-43d1-b66c-a7454d7d759e","NIWO_058.basePlot.ltr","D13","NIWO","NIWO_058","NIWO_058_101","2018-07-09","2018-06-07","2018-07-05","2018-07-05T22:45Z","2018-07-09T17:45Z","NEON.LTR.NIWO058101.20180705","NEON.LTR.NIWO058101.20180705.SDS","NEON.DOC.001710vE","Seeds",0.0000,"N",,"szrillo@battelleecology.org"
"733addf1-c8d6-40d8-9900-de8c0f7b2190","NIWO_058.basePlot.ltr","D13","NIWO","NIWO_058","NIWO_058_101","2018-07-09","2018-06-07","2018-07-05","2018-07-05T22:45Z","2018-07-09T17:45Z","NEON.LTR.NIWO058101.20180705","NEON.LTR.NIWO058101.20180705.LVS","NEON.DOC.001710vE","Leaves",0.0000,"N",,"szrillo@battelleecology.org"
"c1dea2b0-579d-41f8-b40d-1f0e2b63c7da","NIWO_058.basePlot.ltr","D13","NIWO","NIWO_058","NIWO_058_101","2018-07-09","2018-06-07","2018-07-05","2018-07-05T22:45Z","2018-07-09T17:45Z","NEON.LTR.NIWO058101.20180705","NEON.LTR.NIWO058101.20180705.NDL","NEON.DOC.001710vE","Needles",1.5200,"N",,"szrillo@battelleecology.org"
