uid,namedLocation,domainID,siteID,plotID,trapID,setDate,collectDate,eventID,trappingDays,fieldSampleID,samplingProtocolVersion,trapCondition,toxicodendronPossible,remarks,measuredBy,recordedBy
"6c7bd5a5-5dc3-45d9-8342-7b3d646cc4dc","NIWO_061.basePlot.ltr","D13","NIWO","NIWO_061","NIWO_061_169","2018-06-07","2018-07-05","LTR.2018.NIWO.02",28,"NEON.LTR.NIWO061169.20180705","NEON.DOC.001710vE","OK - Litter collected - Trap in good shape, no issues",,,"szrillo@battelleecology.org","msligh@battelleecology.org"
"000a3283-8b5e-400e-b23c-f5121e816860","NIWO_064.basePlot.ltr","D13","NIWO","NIWO_064","NIWO_064_103","2018-06-07","2018-07-05","LTR.2018.NIWO.02",28,,"NEON.DOC.001710vE","TT - Litter not collected - trap tilted",,"Trap upsided down and disassembled","szrillo@battelleecology.org","msligh@battelleecology.org"
"82df5fc7-7104-4b40-959e-2ab09e6ee6f4","NIWO_058.basePlot.ltr","D13","NIWO","NIWO_058","NIWO_058_101","2018-06-07","2018-07-05","LTR.2018.NIWO.02",28,"NEON.LTR.NIWO058101.20180705","NEON.DOC.001710vE","OK - Litter collected - Trap in good shape, no issues",,,"szrillo@battelleecology.org","msligh@battelleecology.org"
"fe84e13e-64be-4794-8d0e-269210928d3b","NIWO_067.basePlot.ltr","D13","NIWO","NIWO_067","NIWO_067_017","2018-06-07","2018-07-05","LTR.2018.NIWO.02",28,"NEON.LTR.NIWO067017.20180705","NEON.DOC.001710vE","OK - Litter collected - Trap in good shape, no issues",,"Trap lifted realignment Sample OK","dbradley@battelleecology.org","dbradley@battelleecology.org"
"6f0e71b7-73ab-4f3a-b5b7-d61f1279a9a1","NIWO_063.basePlot.ltr","D13","NIWO","NIWO_063","NIWO_063_062","2018-06-07","2018-07-05","LTR.2018.NIWO.02",28,"NEON.LTR.NIWO063062.20180705","NEON.DOC.001710vE","OK - Litter collected - Trap in good shape, no issues",,"Trap lifted realignment Sample OK","dbradley@battelleecology.org","dbradley@battelleecology.org"
"048eff7b-bf03-479d-8eb6-114bd2f3e286","NIWO_057.basePlot.ltr","D13","NIWO","NIWO_057","NIWO_057_081","2018-06-07","2018-07-05","LTR.2018.NIWO.02",28,"NEON.LTR.NIWO057081.20180705","NEON.DOC.001710vE","OK - Litter collected - Trap in good shape, no issues",,,"szrillo@battelleecology.org","msligh@battelleecology.org"
"ff1ed81d-fb0c-465d-ba7e-b4148e224fac","NIWO_062.basePlot.ltr","D13","NIWO","NIWO_062","NIWO_062_050","2018-06-07","2018-07-05","LTR.2018.NIWO.02",28,"NEON.LTR.NIWO062050.20180705","NEON.DOC.001710vE","OK - Litter collected - Trap in good shape, no issues",,,"dbradley@battelleecology.org","dbradley@battelleecology.org"
"ce5c1617-7e64-4522-ba79-78c0737a58e5","NIWO_040.basePlot.ltr","D13","NIWO","NIWO_040","NIWO_040_205","2018-06-07","2018-07-05","LTR.2018.NIWO.02",28,"NEON.LTR.NIWO040205.20180705","NEON.DOC.001710vE","OK - Litter collected - Trap in good shape, no issues",,,"szrillo@battelleecology.org","msligh@battelleecology.org"
"971397c9-b414-4133-99e3-23e48ad24b82","NIWO_041.basePlot.ltr","D13","NIWO","NIWO_041","NIWO_041_059","2018-06-07","2018-07-05","LTR.2018.NIWO.02",28,"NEON.LTR.NIWO041059.20180705","NEON.DOC.001710vE","OK - Litter collected - Trap in good shape, no issues",,"Trap lifted realignment Sample OK","dbradley@battelleecology.org","dbradley@battelleecology.org"
"494bb545-65c1-409b-a5cc-22e008b77bf6","NIWO_047.basePlot.ltr","D13","NIWO","NIWO_047","NIWO_047_197","2018-06-07","2018-07-05","LTR.2018.NIWO.02",28,"NEON.LTR.NIWO047197.20180705","NEON.DOC.001710vE","OK - Litter collected - Trap in good shape, no issues",,,"dbradley@battelleecology.org","dbradley@battelleecology.org"
"f0ef0349-c07e-41c2-b550-213164b05806","NIWO_051.basePlot.ltr","D13","NIWO","NIWO_051","NIWO_051_045","2018-06-07","2018-07-05","LTR.2018.NIWO.02",28,"NEON.LTR.NIWO051045.20180705","NEON.DOC.001710vE","OK - Litter collected - Trap in good shape, no issues",,"Trap lifted realignment Sample OK","dbradley@battelleecology.org","dbradley@battelleecology.org"
"7e52bfcb-55dd-4585-89a3-60c99cdc30bf","NIWO_046.basePlot.ltr","D13","NIWO","NIWO_046","NIWO_046_155","2018-06-07","2018-07-05","LTR.2018.NIWO.02",28,"NEON.LTR.NIWO046155.20180705","NEON.DOC.001710vE","OK - Litter collected - Trap in good shape, no issues",,"Sample OK. Legs bent.","szrillo@battelleecology.org","msligh@battelleecology.org"
