uid,namedLocation,domainID,siteID,plotID,trapID,weighDate,setDate,collectDate,ovenStartDate,ovenEndDate,fieldSampleID,massSampleID,samplingProtocolVersion,functionalGroup,dryMass,qaDryMass,remarks,measuredBy
"bbb36aef-4e20-4abd-b458-8246fa280acd","NIWO_040.basePlot.ltr","D13","NIWO","NIWO_040","NIWO_040_205","2017-08-08","2017-07-06","2017-08-03","2017-08-04T23:55Z","2017-08-08T19:05Z","NEON.LTR.NIWO040205.20170803","NEON.LTR.NIWO040205.20170803.NDL","NEON.DOC.001710vE","Needles",2.5500,"Y",,"Sscherneck@battelleecology.org"
"679c761f-6c35-4386-8bd0-963db34c7844","NIWO_040.basePlot.ltr","D13","NIWO","NIWO_040","NIWO_040_205","2017-08-08","2017-07-06","2017-08-03","2017-08-04T23:55Z","2017-08-08T19:05Z","NEON.LTR.NIWO040205.20170803","NEON.LTR.NIWO040205.20170803.WDY","NEON.DOC.001710vE","Woody material",0.0050,"N",,"Sscherneck@battelleecology.org"
"d9ddbbaf-1c2b-42d6-9bea-bd1a119485a5","NIWO_040.basePlot.ltr","D13","NIWO","NIWO_040","NIWO_040_205","2017-08-08","2017-07-06","2017-08-03","2017-08-04T23:55Z","2017-08-08T19:05Z","NEON.LTR.NIWO040205.20170803","NEON.LTR.NIWO040205.20170803.OTH","NEON.DOC.001710vE","Other",0.0050,"N",,"Sscherneck@battelleecology.org"
"fb1a839b-185b-4d94-a5c2-53c76fba8af7","NIWO_040.basePlot.ltr","D13","NIWO","NIWO_040","NIWO_040_205","2017-08-08","2017-07-06","2017-08-03","2017-08-04T23:55Z","2017-08-08T19:05Z","NEON.LTR.NIWO040205.20170803","NEON.LTR.NIWO040205.20170803.FLR","NEON.DOC.001710vE","Flowers",0.0400,"Y",,"Sscherneck@battelleecology.org"
"e51ad4ed-916b-42d1-ade8-57b0d2ee7e87","NIWO_064.basePlot.ltr","D13","NIWO","NIWO_064","NIWO_064_103","2017-08-08","2017-07-06","2017-08-03","2017-08-04T23:55Z","2017-08-08T19:05Z","NEON.LTR.NIWO064103.20170803","NEON.LTR.NIWO064103.20170803.NDL","NEON.DOC.001710vE","Needles",0.8200,"Y",,"Sscherneck@battelleecology.org"
"cfba0007-85f4-4aea-b52b-5f106c0e6e21","NIWO_064.basePlot.ltr","D13","NIWO","NIWO_064","NIWO_064_103","2017-08-08","2017-07-06","2017-08-03","2017-08-04T23:55Z","2017-08-08T19:05Z","NEON.LTR.NIWO064103.20170803","NEON.LTR.NIWO064103.20170803.OTH","NEON.DOC.001710vE","Other",0.1500,"N",,"Sscherneck@battelleecology.org"
"de47d679-9f00-4dd6-9583-01c7d57adaa1","NIWO_062.basePlot.ltr","D13","NIWO","NIWO_062","NIWO_062_050","2017-08-08","2017-07-06","2017-08-03","2017-08-03T20:10Z","2017-08-08T18:30Z","NEON.LTR.NIWO062050.20170803","NEON.LTR.NIWO062050.20170803.WDY","NEON.DOC.001710vE","Woody material",0.0050,"N",,"jmorris@battelleecology.org"
"40a95a4d-bebd-40a0-843e-669739c4903b","NIWO_062.basePlot.ltr","D13","NIWO","NIWO_062","NIWO_062_050","2017-08-08","2017-07-06","2017-08-03","2017-08-03T20:10Z","2017-08-08T18:30Z","NEON.LTR.NIWO062050.20170803","NEON.LTR.NIWO062050.20170803.NDL","NEON.DOC.001710vE","Needles",0.0400,"N",,"jmorris@battelleecology.org"
"a6448214-bf06-4212-bf24-f150a0f5d4d2","NIWO_062.basePlot.ltr","D13","NIWO","NIWO_062","NIWO_062_050","2017-08-08","2017-07-06","2017-08-03","2017-08-03T20:10Z","2017-08-08T18:30Z","NEON.LTR.NIWO062050.20170803","NEON.LTR.NIWO062050.20170803.SDS","NEON.DOC.001710vE","Seeds",0.0000,"N",,"jmorris@battelleecology.org"
"97dfbc56-6dff-4bc4-a3ca-86287a4fe0ab","NIWO_047.basePlot.ltr","D13","NIWO","NIWO_047","NIWO_047_197","2017-08-08","2017-07-06","2017-08-03","2017-08-03T20:10Z","2017-08-08T18:30Z","NEON.LTR.NIWO047197.20170803","NEON.LTR.NIWO047197.20170803.FLR","NEON.DOC.001710vE","Flowers",0.0000,"N",,"jmorris@battelleecology.org"
"7b73c67d-23c8-4afc-bf71-bdd76d32355c","NIWO_062.basePlot.ltr","D13","NIWO","NIWO_062","NIWO_062_050","2017-08-08","2017-07-06","2017-08-03","2017-08-03T20:10Z","2017-08-08T18:30Z","NEON.LTR.NIWO062050.20170803","NEON.LTR.NIWO062050.20170803.OTH","NEON.DOC.001710vE","Other",0.0050,"N",,"jmorris@battelleecology.org"
"e7f4f0d6-2fb9-4ef6-b43e-cb4ae2385fb9","NIWO_041.basePlot.ltr","D13","NIWO","NIWO_041","NIWO_041_059","2017-08-08","2017-07-06","2017-08-03","2017-08-03T20:10Z","2017-08-08T18:30Z","NEON.LTR.NIWO041059.20170803","NEON.LTR.NIWO041059.20170803.TWI","NEON.DOC.001710vE","Twigs/branches",0.0050,"Y",,"jmorris@battelleecology.org"
"54309f1d-8ce3-44fb-b80b-d5f9c30e1775","NIWO_041.basePlot.ltr","D13","NIWO","NIWO_041","NIWO_041_059","2017-08-08","2017-07-06","2017-08-03","2017-08-03T20:10Z","2017-08-08T18:30Z","NEON.LTR.NIWO041059.20170803","NEON.LTR.NIWO041059.20170803.FLR","NEON.DOC.001710vE","Flowers",0.0000,"N",,"jmorris@battelleecology.org"
"c541b730-e356-4422-9ded-20711254ae4d","NIWO_041.basePlot.ltr","D13","NIWO","NIWO_041","NIWO_041_059","2017-08-08","2017-07-06","2017-08-03","2017-08-03T20:10Z","2017-08-08T18:30Z","NEON.LTR.NIWO041059.20170803","NEON.LTR.NIWO041059.20170803.SDS","NEON.DOC.001710vE","Seeds",0.0000,"N",,"jmorris@battelleecology.org"
"61bcd593-612d-4dc6-8efd-1404cb226347","NIWO_047.basePlot.ltr","D13","NIWO","NIWO_047","NIWO_047_197","2017-08-08","2017-07-06","2017-08-03","2017-08-03T20:10Z","2017-08-08T18:30Z","NEON.LTR.NIWO047197.20170803","NEON.LTR.NIWO047197.20170803.SDS","NEON.DOC.001710vE","Seeds",0.0000,"N",,"jmorris@battelleecology.org"
"7d51451f-3b02-49ed-9f81-30c664f6bd6f","NIWO_047.basePlot.ltr","D13","NIWO","NIWO_047","NIWO_047_197","2017-08-08","2017-07-06","2017-08-03","2017-08-03T20:10Z","2017-08-08T18:30Z","NEON.LTR.NIWO047197.20170803","NEON.LTR.NIWO047197.20170803.NDL","NEON.DOC.001710vE","Needles",0.0050,"N",,"jmorris@battelleecology.org"
"ea0a206e-3653-4716-bd8e-8c7d1dbc25e6","NIWO_047.basePlot.ltr","D13","NIWO","NIWO_047","NIWO_047_197","2017-08-08","2017-07-06","2017-08-03","2017-08-03T20:10Z","2017-08-08T18:30Z","NEON.LTR.NIWO047197.20170803","NEON.LTR.NIWO047197.20170803.LVS","NEON.DOC.001710vE","Leaves",0.0050,"N",,"jmorris@battelleecology.org"
"449b81a2-5655-4687-bd7a-071270997f26","NIWO_041.basePlot.ltr","D13","NIWO","NIWO_041","NIWO_041_059","2017-08-08","2017-07-06","2017-08-03","2017-08-03T20:10Z","2017-08-08T18:30Z","NEON.LTR.NIWO041059.20170803","NEON.LTR.NIWO041059.20170803.NDL","NEON.DOC.001710vE","Needles",0.9700,"Y",,"jmorris@battelleecology.org"
"9c996346-377d-4fd0-84fd-879166f576c7","NIWO_047.basePlot.ltr","D13","NIWO","NIWO_047","NIWO_047_197","2017-08-08","2017-07-06","2017-08-03","2017-08-03T20:10Z","2017-08-08T18:30Z","NEON.LTR.NIWO047197.20170803","NEON.LTR.NIWO047197.20170803.TWI","NEON.DOC.001710vE","Twigs/branches",0.0000,"N",,"jmorris@battelleecology.org"
"16f8f404-7d86-4f54-9836-9a2d986e6c17","NIWO_041.basePlot.ltr","D13","NIWO","NIWO_041","NIWO_041_059","2017-08-08","2017-07-06","2017-08-03","2017-08-03T20:10Z","2017-08-08T18:30Z","NEON.LTR.NIWO041059.20170803","NEON.LTR.NIWO041059.20170803.LVS","NEON.DOC.001710vE","Leaves",0.0050,"N",,"jmorris@battelleecology.org"
"ba3e6013-46aa-4573-9bb9-5322ee5b6007","NIWO_064.basePlot.ltr","D13","NIWO","NIWO_064","NIWO_064_103","2017-08-08","2017-07-06","2017-08-03","2017-08-04T23:55Z","2017-08-08T19:05Z","NEON.LTR.NIWO064103.20170803","NEON.LTR.NIWO064103.20170803.TWI","NEON.DOC.001710vE","Twigs/branches",0.0000,"N",,"Sscherneck@battelleecology.org"
"186cabfd-ed1b-4612-8df1-4f4a77a09d9f","NIWO_062.basePlot.ltr","D13","NIWO","NIWO_062","NIWO_062_050","2017-08-08","2017-07-06","2017-08-03","2017-08-03T20:10Z","2017-08-08T18:30Z","NEON.LTR.NIWO062050.20170803","NEON.LTR.NIWO062050.20170803.LVS","NEON.DOC.001710vE","Leaves",0.0050,"N",,"jmorris@battelleecology.org"
"33fe4fad-c2ff-4afd-aa35-735b3876db8d","NIWO_064.basePlot.ltr","D13","NIWO","NIWO_064","NIWO_064_103","2017-08-08","2017-07-06","2017-08-03","2017-08-04T23:55Z","2017-08-08T19:05Z","NEON.LTR.NIWO064103.20170803","NEON.LTR.NIWO064103.20170803.LVS","NEON.DOC.001710vE","Leaves",0.0050,"N",,"Sscherneck@battelleecology.org"
"f4c90ec0-1710-4552-bfd9-c4e9b6b6ecc6","NIWO_040.basePlot.ltr","D13","NIWO","NIWO_040","NIWO_040_205","2017-08-08","2017-07-06","2017-08-03","2017-08-04T23:55Z","2017-08-08T19:05Z","NEON.LTR.NIWO040205.20170803","NEON.LTR.NIWO040205.20170803.MXT","NEON.DOC.001710vE","Mixed",0.9500,"N",,"Sscherneck@battelleecology.org"
"bd312259-c63a-46b1-bbd5-9f86dd36533c","NIWO_040.basePlot.ltr","D13","NIWO","NIWO_040","NIWO_040_205","2017-08-08","2017-07-06","2017-08-03","2017-08-04T23:55Z","2017-08-08T19:05Z","NEON.LTR.NIWO040205.20170803","NEON.LTR.NIWO040205.20170803.SDS","NEON.DOC.001710vE","Seeds",0.0000,"N",,"Sscherneck@battelleecology.org"
"fb2238ab-aaf9-4bdb-b9c8-2736d9b44ee2","NIWO_062.basePlot.ltr","D13","NIWO","NIWO_062","NIWO_062_050","2017-08-08","2017-07-06","2017-08-03","2017-08-03T20:10Z","2017-08-08T18:30Z","NEON.LTR.NIWO062050.20170803","NEON.LTR.NIWO062050.20170803.TWI","NEON.DOC.001710vE","Twigs/branches",0.0000,"N",,"jmorris@battelleecology.org"
"28314d6b-945b-40cc-9019-75f46f16eb09","NIWO_064.basePlot.ltr","D13","NIWO","NIWO_064","NIWO_064_103","2017-08-08","2017-07-06","2017-08-03","2017-08-04T23:55Z","2017-08-08T19:05Z","NEON.LTR.NIWO064103.20170803","NEON.LTR.NIWO064103.20170803.SDS","NEON.DOC.001710vE","Seeds",0.0050,"Y",,"Sscherneck@battelleecology.org"
"a3fd5d2d-483a-4027-985f-c753b86fa2f5","NIWO_040.basePlot.ltr","D13","NIWO","NIWO_040","NIWO_040_205","2017-08-08","2017-07-06","2017-08-03","2017-08-04T23:55Z","2017-08-08T19:05Z","NEON.LTR.NIWO040205.20170803","NEON.LTR.NIWO040205.20170803.TWI","NEON.DOC.001710vE","Twigs/branches",0.0000,"N",,"Sscherneck@battelleecology.org"
"9d64a50f-6f74-4ccd-aa3d-62f838c9f675","NIWO_041.basePlot.ltr","D13","NIWO","NIWO_041","NIWO_041_059","2017-08-08","2017-07-06","2017-08-03","2017-08-03T20:10Z","2017-08-08T18:30Z","NEON.LTR.NIWO041059.20170803","NEON.LTR.NIWO041059.20170803.WDY","NEON.DOC.001710vE","Woody material",0.0050,"N",,"jmorris@battelleecology.org"
"3eb0ed94-3921-4230-a0db-7d412461cc34","NIWO_062.basePlot.ltr","D13","NIWO","NIWO_062","NIWO_062_050","2017-08-08","2017-07-06","2017-08-03","2017-08-03T20:10Z","2017-08-08T18:30Z","NEON.LTR.NIWO062050.20170803","NEON.LTR.NIWO062050.20170803.FLR","NEON.DOC.001710vE","Flowers",0.0050,"N",,"jmorris@battelleecology.org"
"a6febc27-ade4-4f28-a271-e4b589c9607b","NIWO_047.basePlot.ltr","D13","NIWO","NIWO_047","NIWO_047_197","2017-08-08","2017-07-06","2017-08-03","2017-08-03T20:10Z","2017-08-08T18:30Z","NEON.LTR.NIWO047197.20170803","NEON.LTR.NIWO047197.20170803.WDY","NEON.DOC.001710vE","Woody material",0.0000,"N",,"jmorris@battelleecology.org"
"05b9aa75-5cd4-460d-bbb4-f21f4e957305","NIWO_047.basePlot.ltr","D13","NIWO","NIWO_047","NIWO_047_197","2017-08-08","2017-07-06","2017-08-03","2017-08-03T20:10Z","2017-08-08T18:30Z","NEON.LTR.NIWO047197.20170803","NEON.LTR.NIWO047197.20170803.OTH","NEON.DOC.001710vE","Other",0.0050,"N",,"jmorris@battelleecology.org"
"991da97d-dc88-4da0-8cce-61512b5280a2","NIWO_064.basePlot.ltr","D13","NIWO","NIWO_064","NIWO_064_103","2017-08-08","2017-07-06","2017-08-03","2017-08-04T23:55Z","2017-08-08T19:05Z","NEON.LTR.NIWO064103.20170803","NEON.LTR.NIWO064103.20170803.FLR","NEON.DOC.001710vE","Flowers",0.0200,"N",,"Sscherneck@battelleecology.org"
"4268780a-0d67-4841-90d0-04ebc89cfe41","NIWO_040.basePlot.ltr","D13","NIWO","NIWO_040","NIWO_040_205","2017-08-08","2017-07-06","2017-08-03","2017-08-04T23:55Z","2017-08-08T19:05Z","NEON.LTR.NIWO040205.20170803","NEON.LTR.NIWO040205.20170803.LVS","NEON.DOC.001710vE","Leaves",0.0000,"N",,"Sscherneck@battelleecology.org"
"7aa5b89c-9076-47b8-b60d-39b4c8ae45f8","NIWO_064.basePlot.ltr","D13","NIWO","NIWO_064","NIWO_064_103","2017-08-08","2017-07-06","2017-08-03","2017-08-04T23:55Z","2017-08-08T19:05Z","NEON.LTR.NIWO064103.20170803","NEON.LTR.NIWO064103.20170803.WDY","NEON.DOC.001710vE","Woody material",0.0000,"N",,"Sscherneck@battelleecology.org"
"11c70405-38b5-40c8-8e18-1138c7b779c3","NIWO_041.basePlot.ltr","D13","NIWO","NIWO_041","NIWO_041_059","2017-08-08","2017-07-06","2017-08-03","2017-08-03T20:10Z","2017-08-08T18:30Z","NEON.LTR.NIWO041059.20170803","NEON.LTR.NIWO041059.20170803.OTH","NEON.DOC.001710vE","Other",0.0050,"N",,"jmorris@battelleecology.org"
"9537525a-596c-4772-afbe-f3b35783d750","NIWO_063.basePlot.ltr","D13","NIWO","NIWO_063","NIWO_063_062","2017-08-08","2017-07-07","2017-08-03","2017-08-04T23:55Z","2017-08-08T19:05Z","NEON.LTR.NIWO063062.20170803","NEON.LTR.NIWO063062.20170803.LVS","NEON.DOC.001710vE","Leaves",0.0000,"N",,"Sscherneck@battelleecology.org"
"ed557311-9605-4023-9346-595789a4068b","NIWO_063.basePlot.ltr","D13","NIWO","NIWO_063","NIWO_063_062","2017-08-08","2017-07-07","2017-08-03","2017-08-04T23:55Z","2017-08-08T19:05Z","NEON.LTR.NIWO063062.20170803","NEON.LTR.NIWO063062.20170803.TWI","NEON.DOC.001710vE","Twigs/branches",0.0000,"N",,"Sscherneck@battelleecology.org"
"84091f7c-2b10-474d-9f71-366425a910a2","NIWO_046.basePlot.ltr","D13","NIWO","NIWO_046","NIWO_046_155","2017-08-08","2017-07-07","2017-08-03","2017-08-03T20:10Z","2017-08-08T18:30Z","NEON.LTR.NIWO046155.20170803","NEON.LTR.NIWO046155.20170803.SDS","NEON.DOC.001710vE","Seeds",0.0050,"Y",,"jmorris@battelleecology.org"
"cc74d871-a9bf-4285-b5d4-554966b33ecf","NIWO_061.basePlot.ltr","D13","NIWO","NIWO_061","NIWO_061_169","2017-08-08","2017-07-07","2017-08-03","2017-08-04T23:55Z","2017-08-08T19:05Z","NEON.LTR.NIWO061169.20170803","NEON.LTR.NIWO061169.20170803.FLR","NEON.DOC.001710vE","Flowers",0.0600,"N",,"Sscherneck@battelleecology.org"
"6e84efbc-e846-4041-978c-1ab96130b9bd","NIWO_061.basePlot.ltr","D13","NIWO","NIWO_061","NIWO_061_169","2017-08-08","2017-07-07","2017-08-03","2017-08-04T23:55Z","2017-08-08T19:05Z","NEON.LTR.NIWO061169.20170803","NEON.LTR.NIWO061169.20170803.OTH","NEON.DOC.001710vE","Other",0.0050,"N",,"Sscherneck@battelleecology.org"
"a0b6945d-eceb-441c-9097-6957c2f976d1","NIWO_057.basePlot.ltr","D13","NIWO","NIWO_057","NIWO_057_081","2017-08-08","2017-07-07","2017-08-03","2017-08-04T23:55Z","2017-08-08T19:05Z","NEON.LTR.NIWO057081.20170803","NEON.LTR.NIWO057081.20170803.NDL","NEON.DOC.001710vE","Needles",2.6900,"Y",,"Sscherneck@battelleecology.org"
"7ad6cee9-a755-4657-a8ac-1c30362bc3b7","NIWO_057.basePlot.ltr","D13","NIWO","NIWO_057","NIWO_057_081","2017-08-08","2017-07-07","2017-08-03","2017-08-04T23:55Z","2017-08-08T19:05Z","NEON.LTR.NIWO057081.20170803","NEON.LTR.NIWO057081.20170803.SDS","NEON.DOC.001710vE","Seeds",0.0000,"N",,"Sscherneck@battelleecology.org"
"b5249d7c-6e95-4021-8282-a6e99084507a","NIWO_067.basePlot.ltr","D13","NIWO","NIWO_067","NIWO_067_017","2017-08-08","2017-07-07","2017-08-03","2017-08-04T23:55Z","2017-08-08T19:05Z","NEON.LTR.NIWO067017.20170803","NEON.LTR.NIWO067017.20170803.NDL","NEON.DOC.001710vE","Needles",14.0700,"Y",,"Sscherneck@battelleecology.org"
"3549ba0b-b957-470f-b006-f193e86f1517","NIWO_067.basePlot.ltr","D13","NIWO","NIWO_067","NIWO_067_017","2017-08-08","2017-07-07","2017-08-03","2017-08-04T23:55Z","2017-08-08T19:05Z","NEON.LTR.NIWO067017.20170803","NEON.LTR.NIWO067017.20170803.WDY","NEON.DOC.001710vE","Woody material",0.0050,"N",,"Sscherneck@battelleecology.org"
"c36f008c-9c72-4e8e-be3c-6be93f5229c1","NIWO_058.basePlot.ltr","D13","NIWO","NIWO_058","NIWO_058_101","2017-08-08","2017-07-07","2017-08-03","2017-08-03T20:10Z","2017-08-08T18:30Z","NEON.LTR.NIWO058101.20170803","NEON.LTR.NIWO058101.20170803.LVS","NEON.DOC.001710vE","Leaves",0.0050,"N",,"jmorris@battelleecology.org"
"65e5ed13-4135-4ede-a4c6-10af8212e206","NIWO_058.basePlot.ltr","D13","NIWO","NIWO_058","NIWO_058_101","2017-08-08","2017-07-07","2017-08-03","2017-08-03T20:10Z","2017-08-08T18:30Z","NEON.LTR.NIWO058101.20170803","NEON.LTR.NIWO058101.20170803.WDY","NEON.DOC.001710vE","Woody material",0.0000,"N",,"jmorris@battelleecology.org"
"96a37b41-6afc-4a95-8ff3-e7f7b1b81f5c","NIWO_058.basePlot.ltr","D13","NIWO","NIWO_058","NIWO_058_101","2017-08-08","2017-07-07","2017-08-03","2017-08-03T20:10Z","2017-08-08T18:30Z","NEON.LTR.NIWO058101.20170803","NEON.LTR.NIWO058101.20170803.FLR","NEON.DOC.001710vE","Flowers",0.0000,"N",,"jmorris@battelleecology.org"
"3148d0c4-94ab-4f04-928d-2dd02de5b8e8","NIWO_063.basePlot.ltr","D13","NIWO","NIWO_063","NIWO_063_062","2017-08-08","2017-07-07","2017-08-03","2017-08-04T23:55Z","2017-08-08T19:05Z","NEON.LTR.NIWO063062.20170803","NEON.LTR.NIWO063062.20170803.NDL","NEON.DOC.001710vE","Needles",0.4800,"Y",,"Sscherneck@battelleecology.org"
"3de64048-6936-45ff-8bd1-fbb4b03762bc","NIWO_058.basePlot.ltr","D13","NIWO","NIWO_058","NIWO_058_101","2017-08-08","2017-07-07","2017-08-03","2017-08-03T20:10Z","2017-08-08T18:30Z","NEON.LTR.NIWO058101.20170803","NEON.LTR.NIWO058101.20170803.TWI","NEON.DOC.001710vE","Twigs/branches",0.0000,"N",,"jmorris@battelleecology.org"
"cd438e47-b339-4c4f-b0b5-9034048c6b8d","NIWO_058.basePlot.ltr","D13","NIWO","NIWO_058","NIWO_058_101","2017-08-08","2017-07-07","2017-08-03","2017-08-03T20:10Z","2017-08-08T18:30Z","NEON.LTR.NIWO058101.20170803","NEON.LTR.NIWO058101.20170803.NDL","NEON.DOC.001710vE","Needles",0.3700,"N",,"jmorris@battelleecology.org"
"a583afc3-3136-4b98-8645-1eeba8525e8e","NIWO_051.basePlot.ltr","D13","NIWO","NIWO_051","NIWO_051_045","2017-08-08","2017-07-07","2017-08-03","2017-08-03T20:10Z","2017-08-08T18:30Z","NEON.LTR.NIWO051045.20170803","NEON.LTR.NIWO051045.20170803.FLR","NEON.DOC.001710vE","Flowers",0.0050,"N",,"jmorris@battelleecology.org"
"c0808c8e-b922-4973-9380-e5c0713b1437","NIWO_051.basePlot.ltr","D13","NIWO","NIWO_051","NIWO_051_045","2017-08-08","2017-07-07","2017-08-03","2017-08-03T20:10Z","2017-08-08T18:30Z","NEON.LTR.NIWO051045.20170803","NEON.LTR.NIWO051045.20170803.OTH","NEON.DOC.001710vE","Other",0.0000,"N",,"jmorris@battelleecology.org"
"ae1536e5-7ca0-4e3b-b9b4-948af23ed4e4","NIWO_051.basePlot.ltr","D13","NIWO","NIWO_051","NIWO_051_045","2017-08-08","2017-07-07","2017-08-03","2017-08-03T20:10Z","2017-08-08T18:30Z","NEON.LTR.NIWO051045.20170803","NEON.LTR.NIWO051045.20170803.TWI","NEON.DOC.001710vE","Twigs/branches",0.0050,"N",,"jmorris@battelleecology.org"
"e980ece7-75e8-43ef-b75d-f2a94e206169","NIWO_051.basePlot.ltr","D13","NIWO","NIWO_051","NIWO_051_045","2017-08-08","2017-07-07","2017-08-03","2017-08-03T20:10Z","2017-08-08T18:30Z","NEON.LTR.NIWO051045.20170803","NEON.LTR.NIWO051045.20170803.WDY","NEON.DOC.001710vE","Woody material",0.0000,"N",,"jmorris@battelleecology.org"
"2ab9bd3e-e973-4ba1-8d84-bb2e8fd1a905","NIWO_051.basePlot.ltr","D13","NIWO","NIWO_051","NIWO_051_045","2017-08-08","2017-07-07","2017-08-03","2017-08-03T20:10Z","2017-08-08T18:30Z","NEON.LTR.NIWO051045.20170803","NEON.LTR.NIWO051045.20170803.NDL","NEON.DOC.001710vE","Needles",0.1900,"N",,"jmorris@battelleecology.org"
"9db2976c-1db7-4dc8-acab-40275cc84903","NIWO_067.basePlot.ltr","D13","NIWO","NIWO_067","NIWO_067_017","2017-08-08","2017-07-07","2017-08-03","2017-08-04T23:55Z","2017-08-08T19:05Z","NEON.LTR.NIWO067017.20170803","NEON.LTR.NIWO067017.20170803.SDS","NEON.DOC.001710vE","Seeds",0.0000,"N",,"Sscherneck@battelleecology.org"
"2019462d-f94f-439f-86a1-f4f4b44042f4","NIWO_067.basePlot.ltr","D13","NIWO","NIWO_067","NIWO_067_017","2017-08-08","2017-07-07","2017-08-03","2017-08-04T23:55Z","2017-08-08T19:05Z","NEON.LTR.NIWO067017.20170803","NEON.LTR.NIWO067017.20170803.LVS","NEON.DOC.001710vE","Leaves",0.0050,"N",,"Sscherneck@battelleecology.org"
"4dbe2b2d-a0d7-4ad3-aac7-db49d673d413","NIWO_057.basePlot.ltr","D13","NIWO","NIWO_057","NIWO_057_081","2017-08-08","2017-07-07","2017-08-03","2017-08-04T23:55Z","2017-08-08T19:05Z","NEON.LTR.NIWO057081.20170803","NEON.LTR.NIWO057081.20170803.OTH","NEON.DOC.001710vE","Other",0.2800,"N",,"Sscherneck@battelleecology.org"
"5ec15bc1-f819-4a69-9932-734193f86668","NIWO_057.basePlot.ltr","D13","NIWO","NIWO_057","NIWO_057_081","2017-08-08","2017-07-07","2017-08-03","2017-08-04T23:55Z","2017-08-08T19:05Z","NEON.LTR.NIWO057081.20170803","NEON.LTR.NIWO057081.20170803.TWI","NEON.DOC.001710vE","Twigs/branches",0.0000,"N",,"Sscherneck@battelleecology.org"
"b8297342-c172-473b-ac98-ac64abfd231d","NIWO_057.basePlot.ltr","D13","NIWO","NIWO_057","NIWO_057_081","2017-08-08","2017-07-07","2017-08-03","2017-08-04T23:55Z","2017-08-08T19:05Z","NEON.LTR.NIWO057081.20170803","NEON.LTR.NIWO057081.20170803.WDY","NEON.DOC.001710vE","Woody material",0.1700,"N",,"Sscherneck@battelleecology.org"
"c8a9c1db-c2a2-4645-8511-d1890ef715cb","NIWO_061.basePlot.ltr","D13","NIWO","NIWO_061","NIWO_061_169","2017-08-08","2017-07-07","2017-08-03","2017-08-04T23:55Z","2017-08-08T19:05Z","NEON.LTR.NIWO061169.20170803","NEON.LTR.NIWO061169.20170803.NDL","NEON.DOC.001710vE","Needles",0.9200,"Y",,"Sscherneck@battelleecology.org"
"734bf2ea-a318-4c54-a600-253e8e52de29","NIWO_061.basePlot.ltr","D13","NIWO","NIWO_061","NIWO_061_169","2017-08-08","2017-07-07","2017-08-03","2017-08-04T23:55Z","2017-08-08T19:05Z","NEON.LTR.NIWO061169.20170803","NEON.LTR.NIWO061169.20170803.SDS","NEON.DOC.001710vE","Seeds",0.0000,"N",,"Sscherneck@battelleecology.org"
"72d5aa0d-880e-4413-898a-27d77d1df743","NIWO_058.basePlot.ltr","D13","NIWO","NIWO_058","NIWO_058_101","2017-08-08","2017-07-07","2017-08-03","2017-08-03T20:10Z","2017-08-08T18:30Z","NEON.LTR.NIWO058101.20170803","NEON.LTR.NIWO058101.20170803.OTH","NEON.DOC.001710vE","Other",0.0050,"N",,"jmorris@battelleecology.org"
"0bb33c17-f09e-4477-af08-7fbd2b313213","NIWO_063.basePlot.ltr","D13","NIWO","NIWO_063","NIWO_063_062","2017-08-08","2017-07-07","2017-08-03","2017-08-04T23:55Z","2017-08-08T19:05Z","NEON.LTR.NIWO063062.20170803","NEON.LTR.NIWO063062.20170803.SDS","NEON.DOC.001710vE","Seeds",0.0000,"N",,"Sscherneck@battelleecology.org"
"fe8fe42e-61ad-4625-9c9f-86b02bbf606c","NIWO_046.basePlot.ltr","D13","NIWO","NIWO_046","NIWO_046_155","2017-08-08","2017-07-07","2017-08-03","2017-08-03T20:10Z","2017-08-08T18:30Z","NEON.LTR.NIWO046155.20170803","NEON.LTR.NIWO046155.20170803.TWI","NEON.DOC.001710vE","Twigs/branches",0.0000,"N",,"jmorris@battelleecology.org"
"fdc92b27-dcce-4121-bfe8-d00a4d0f1e24","NIWO_046.basePlot.ltr","D13","NIWO","NIWO_046","NIWO_046_155","2017-08-08","2017-07-07","2017-08-03","2017-08-03T20:10Z","2017-08-08T18:30Z","NEON.LTR.NIWO046155.20170803","NEON.LTR.NIWO046155.20170803.OTH","NEON.DOC.001710vE","Other",0.0050,"N",,"jmorris@battelleecology.org"
"8cfa682a-4c9e-48ed-ac7f-b6ac420f0e31","NIWO_046.basePlot.ltr","D13","NIWO","NIWO_046","NIWO_046_155","2017-08-08","2017-07-07","2017-08-03","2017-08-03T20:10Z","2017-08-08T18:30Z","NEON.LTR.NIWO046155.20170803","NEON.LTR.NIWO046155.20170803.FLR","NEON.DOC.001710vE","Flowers",0.0050,"N",,"jmorris@battelleecology.org"
"c2349bab-6f03-4c99-b164-37409b6293d0","NIWO_046.basePlot.ltr","D13","NIWO","NIWO_046","NIWO_046_155","2017-08-08","2017-07-07","2017-08-03","2017-08-03T20:10Z","2017-08-08T18:30Z","NEON.LTR.NIWO046155.20170803","NEON.LTR.NIWO046155.20170803.NDL","NEON.DOC.001710vE","Needles",0.4300,"N",,"jmorris@battelleecology.org"
"28eceaa3-0820-48c1-99c4-ad364251f130","NIWO_046.basePlot.ltr","D13","NIWO","NIWO_046","NIWO_046_155","2017-08-08","2017-07-07","2017-08-03","2017-08-03T20:10Z","2017-08-08T18:30Z","NEON.LTR.NIWO046155.20170803","NEON.LTR.NIWO046155.20170803.LVS","NEON.DOC.001710vE","Leaves",0.0050,"N",,"jmorris@battelleecology.org"
"daaf67d7-9e43-4ef9-878d-8fb4acd5f30f","NIWO_061.basePlot.ltr","D13","NIWO","NIWO_061","NIWO_061_169","2017-08-08","2017-07-07","2017-08-03","2017-08-04T23:55Z","2017-08-08T19:05Z","NEON.LTR.NIWO061169.20170803","NEON.LTR.NIWO061169.20170803.WDY","NEON.DOC.001710vE","Woody material",0.0200,"N",,"Sscherneck@battelleecology.org"
"ad1e179b-1099-46ce-b7eb-8ec5b1e008c1","NIWO_063.basePlot.ltr","D13","NIWO","NIWO_063","NIWO_063_062","2017-08-08","2017-07-07","2017-08-03","2017-08-04T23:55Z","2017-08-08T19:05Z","NEON.LTR.NIWO063062.20170803","NEON.LTR.NIWO063062.20170803.FLR","NEON.DOC.001710vE","Flowers",0.0050,"N",,"Sscherneck@battelleecology.org"
"37a7a721-b708-4acb-9fac-17a518e70b06","NIWO_061.basePlot.ltr","D13","NIWO","NIWO_061","NIWO_061_169","2017-08-08","2017-07-07","2017-08-03","2017-08-04T23:55Z","2017-08-08T19:05Z","NEON.LTR.NIWO061169.20170803","NEON.LTR.NIWO061169.20170803.TWI","NEON.DOC.001710vE","Twigs/branches",0.0000,"N",,"Sscherneck@battelleecology.org"
"f3e756d4-771b-4bf6-8cdf-000212117add","NIWO_058.basePlot.ltr","D13","NIWO","NIWO_058","NIWO_058_101","2017-08-08","2017-07-07","2017-08-03","2017-08-03T20:10Z","2017-08-08T18:30Z","NEON.LTR.NIWO058101.20170803","NEON.LTR.NIWO058101.20170803.SDS","NEON.DOC.001710vE","Seeds",0.0050,"N",,"jmorris@battelleecology.org"
"7e22b1c0-e966-46cb-a42a-b8a2c2700b02","NIWO_067.basePlot.ltr","D13","NIWO","NIWO_067","NIWO_067_017","2017-08-08","2017-07-07","2017-08-03","2017-08-04T23:55Z","2017-08-08T19:05Z","NEON.LTR.NIWO067017.20170803","NEON.LTR.NIWO067017.20170803.TWI","NEON.DOC.001710vE","Twigs/branches",0.3300,"N",,"Sscherneck@battelleecology.org"
"c169b275-5685-4471-8adb-2f07a553ae91","NIWO_051.basePlot.ltr","D13","NIWO","NIWO_051","NIWO_051_045","2017-08-08","2017-07-07","2017-08-03","2017-08-03T20:10Z","2017-08-08T18:30Z","NEON.LTR.NIWO051045.20170803","NEON.LTR.NIWO051045.20170803.LVS","NEON.DOC.001710vE","Leaves",0.0050,"N",,"jmorris@battelleecology.org"
"0c9ca546-1a07-4336-b449-d028988e1bde","NIWO_067.basePlot.ltr","D13","NIWO","NIWO_067","NIWO_067_017","2017-08-08","2017-07-07","2017-08-03","2017-08-04T23:55Z","2017-08-08T19:05Z","NEON.LTR.NIWO067017.20170803","NEON.LTR.NIWO067017.20170803.OTH","NEON.DOC.001710vE","Other",0.0050,"N",,"Sscherneck@battelleecology.org"
"1c3aec5e-533e-4a93-8296-11364f0de1f0","NIWO_057.basePlot.ltr","D13","NIWO","NIWO_057","NIWO_057_081","2017-08-08","2017-07-07","2017-08-03","2017-08-04T23:55Z","2017-08-08T19:05Z","NEON.LTR.NIWO057081.20170803","NEON.LTR.NIWO057081.20170803.FLR","NEON.DOC.001710vE","Flowers",0.1500,"N",,"Sscherneck@battelleecology.org"
"e27661d7-8fc0-4b27-9e19-45797ae0ed1c","NIWO_046.basePlot.ltr","D13","NIWO","NIWO_046","NIWO_046_155","2017-08-08","2017-07-07","2017-08-03","2017-08-03T20:10Z","2017-08-08T18:30Z","NEON.LTR.NIWO046155.20170803","NEON.LTR.NIWO046155.20170803.WDY","NEON.DOC.001710vE","Woody material",0.0050,"N",,"jmorris@battelleecology.org"
"96aa172d-dec2-46ec-93d5-29f41928bfdc","NIWO_057.basePlot.ltr","D13","NIWO","NIWO_057","NIWO_057_081","2017-08-08","2017-07-07","2017-08-03","2017-08-04T23:55Z","2017-08-08T19:05Z","NEON.LTR.NIWO057081.20170803","NEON.LTR.NIWO057081.20170803.LVS","NEON.DOC.001710vE","Leaves",0.0000,"N",,"Sscherneck@battelleecology.org"
"f84ccdef-ea27-49a2-a81d-da90548cf13a","NIWO_063.basePlot.ltr","D13","NIWO","NIWO_063","NIWO_063_062","2017-08-08","2017-07-07","2017-08-03","2017-08-04T23:55Z","2017-08-08T19:05Z","NEON.LTR.NIWO063062.20170803","NEON.LTR.NIWO063062.20170803.OTH","NEON.DOC.001710vE","Other",0.0100,"N",,"Sscherneck@battelleecology.org"
"b92fcc83-fda1-4c1d-bbe1-bf9877002dd3","NIWO_063.basePlot.ltr","D13","NIWO","NIWO_063","NIWO_063_062","2017-08-08","2017-07-07","2017-08-03","2017-08-04T23:55Z","2017-08-08T19:05Z","NEON.LTR.NIWO063062.20170803","NEON.LTR.NIWO063062.20170803.WDY","NEON.DOC.001710vE","Woody material",0.0000,"N",,"Sscherneck@battelleecology.org"
"dd3dc6cc-80af-4f9c-b0ed-fb751eeb48d9","NIWO_067.basePlot.ltr","D13","NIWO","NIWO_067","NIWO_067_017","2017-08-08","2017-07-07","2017-08-03","2017-08-04T23:55Z","2017-08-08T19:05Z","NEON.LTR.NIWO067017.20170803","NEON.LTR.NIWO067017.20170803.FLR","NEON.DOC.001710vE","Flowers",0.0000,"N",,"Sscherneck@battelleecology.org"
"70735722-1805-4510-ac90-b159b3f25568","NIWO_051.basePlot.ltr","D13","NIWO","NIWO_051","NIWO_051_045","2017-08-08","2017-07-07","2017-08-03","2017-08-03T20:10Z","2017-08-08T18:30Z","NEON.LTR.NIWO051045.20170803","NEON.LTR.NIWO051045.20170803.SDS","NEON.DOC.001710vE","Seeds",0.0000,"N",,"jmorris@battelleecology.org"
"d778de1a-3906-4e81-ada3-8b553342b274","NIWO_061.basePlot.ltr","D13","NIWO","NIWO_061","NIWO_061_169","2017-08-08","2017-07-07","2017-08-03","2017-08-04T23:55Z","2017-08-08T19:05Z","NEON.LTR.NIWO061169.20170803","NEON.LTR.NIWO061169.20170803.LVS","NEON.DOC.001710vE","Leaves",0.0050,"N",,"Sscherneck@battelleecology.org"
"642ee3d0-c764-4b13-bbe9-6b4b7fa5cc88","NIWO_062.basePlot.ltr","D13","NIWO","NIWO_062","NIWO_062_050","2017-09-08","2017-08-03","2017-08-31","2017-09-05T21:45Z","2017-09-08T20:50Z","NEON.LTR.NIWO062050.20170831","NEON.LTR.NIWO062050.20170831.MXT","NEON.DOC.001710vE","Mixed",0.0200,"N",,"jmorris@battelleecology.org"
"4cbd97b1-e990-41f8-b4fc-4958ed7f3bef","NIWO_064.basePlot.ltr","D13","NIWO","NIWO_064","NIWO_064_103","2017-09-08","2017-08-03","2017-08-31","2017-09-05T21:45Z","2017-09-08T20:50Z","NEON.LTR.NIWO064103.20170831","NEON.LTR.NIWO064103.20170831.OTH","NEON.DOC.001710vE","Other",0.0000,"N",,"jmorris@battelleecology.org"
"216b9004-e558-4cab-8edd-bf1e6e54faa7","NIWO_057.basePlot.ltr","D13","NIWO","NIWO_057","NIWO_057_081","2017-09-08","2017-08-03","2017-08-31","2017-09-05T21:45Z","2017-09-08T20:50Z","NEON.LTR.NIWO057081.20170831","NEON.LTR.NIWO057081.20170831.OTH","NEON.DOC.001710vE","Other",0.0000,"N",,"jmorris@battelleecology.org"
"06b025a5-9836-43a8-bce6-bd665aa0b18e","NIWO_057.basePlot.ltr","D13","NIWO","NIWO_057","NIWO_057_081","2017-09-08","2017-08-03","2017-08-31","2017-09-05T21:45Z","2017-09-08T20:50Z","NEON.LTR.NIWO057081.20170831","NEON.LTR.NIWO057081.20170831.TWI","NEON.DOC.001710vE","Twigs/branches",0.4100,"N",,"jmorris@battelleecology.org"
"57b843a1-65a6-442d-bdb4-8ee05ef52259","NIWO_057.basePlot.ltr","D13","NIWO","NIWO_057","NIWO_057_081","2017-09-08","2017-08-03","2017-08-31","2017-09-05T21:45Z","2017-09-08T20:50Z","NEON.LTR.NIWO057081.20170831","NEON.LTR.NIWO057081.20170831.NDL","NEON.DOC.001710vE","Needles",10.6700,"N",,"jmorris@battelleecology.org"
"238ca379-00f4-4f0d-ac02-c76b6ce73b72","NIWO_064.basePlot.ltr","D13","NIWO","NIWO_064","NIWO_064_103","2017-09-08","2017-08-03","2017-08-31","2017-09-05T21:45Z","2017-09-08T20:50Z","NEON.LTR.NIWO064103.20170831","NEON.LTR.NIWO064103.20170831.TWI","NEON.DOC.001710vE","Twigs/branches",0.0050,"N",,"jmorris@battelleecology.org"
"2e76bb23-914c-4949-ac1c-1836985adb1c","NIWO_063.basePlot.ltr","D13","NIWO","NIWO_063","NIWO_063_062","2017-09-08","2017-08-03","2017-08-31","2017-09-05T21:45Z","2017-09-08T20:50Z","NEON.LTR.NIWO063062.20170831","NEON.LTR.NIWO063062.20170831.FLR","NEON.DOC.001710vE","Flowers",0.5100,"Y",,"jmorris@battelleecology.org"
"5a63ac48-202b-419c-a871-23b44d8c149f","NIWO_046.basePlot.ltr","D13","NIWO","NIWO_046","NIWO_046_155","2017-09-08","2017-08-03","2017-08-31","2017-09-05T21:45Z","2017-09-08T20:50Z","NEON.LTR.NIWO046155.20170831","NEON.LTR.NIWO046155.20170831.LVS","NEON.DOC.001710vE","Leaves",0.0000,"N",,"jmorris@battelleecology.org"
"696916dc-0b2f-49fa-b19a-a7195ee4c328","NIWO_064.basePlot.ltr","D13","NIWO","NIWO_064","NIWO_064_103","2017-09-08","2017-08-03","2017-08-31","2017-09-05T21:45Z","2017-09-08T20:50Z","NEON.LTR.NIWO064103.20170831","NEON.LTR.NIWO064103.20170831.FLR","NEON.DOC.001710vE","Flowers",0.0700,"Y",,"jmorris@battelleecology.org"
"7c5f3a01-7e50-42ce-ae33-53137d0248bb","NIWO_040.basePlot.ltr","D13","NIWO","NIWO_040","NIWO_040_205","2017-09-08","2017-08-03","2017-08-31","2017-09-05T21:45Z","2017-09-08T20:50Z","NEON.LTR.NIWO040205.20170831","NEON.LTR.NIWO040205.20170831.TWI","NEON.DOC.001710vE","Twigs/branches",0.2400,"N",,"jmorris@battelleecology.org"
"40facdf4-25f6-46cc-9e51-a16f55215cf5","NIWO_040.basePlot.ltr","D13","NIWO","NIWO_040","NIWO_040_205","2017-09-08","2017-08-03","2017-08-31","2017-09-05T21:45Z","2017-09-08T20:50Z","NEON.LTR.NIWO040205.20170831","NEON.LTR.NIWO040205.20170831.SDS","NEON.DOC.001710vE","Seeds",0.0000,"N",,"jmorris@battelleecology.org"
"fb1ae5cf-0930-4b99-8f85-a6d5fa8d02ef","NIWO_040.basePlot.ltr","D13","NIWO","NIWO_040","NIWO_040_205","2017-09-08","2017-08-03","2017-08-31","2017-09-05T21:45Z","2017-09-08T20:50Z","NEON.LTR.NIWO040205.20170831","NEON.LTR.NIWO040205.20170831.WDY","NEON.DOC.001710vE","Woody material",0.3800,"N",,"jmorris@battelleecology.org"
"169f249e-6384-40d5-8a0f-5c41c8611e5f","NIWO_051.basePlot.ltr","D13","NIWO","NIWO_051","NIWO_051_045","2017-09-08","2017-08-03","2017-08-31","2017-09-05T21:45Z","2017-09-08T20:50Z","NEON.LTR.NIWO051045.20170831","NEON.LTR.NIWO051045.20170831.NDL","NEON.DOC.001710vE","Needles",0.0050,"N",,"jmorris@battelleecology.org"
"3cd99223-8fb8-4e77-a41e-0be6449ee999","NIWO_063.basePlot.ltr","D13","NIWO","NIWO_063","NIWO_063_062","2017-09-08","2017-08-03","2017-08-31","2017-09-05T21:45Z","2017-09-08T20:50Z","NEON.LTR.NIWO063062.20170831","NEON.LTR.NIWO063062.20170831.NDL","NEON.DOC.001710vE","Needles",1.0900,"Y",,"jmorris@battelleecology.org"
"5eaf238f-0cea-4fe9-9e57-8a3a366e3b44","NIWO_062.basePlot.ltr","D13","NIWO","NIWO_062","NIWO_062_050","2017-09-08","2017-08-03","2017-08-31","2017-09-05T21:45Z","2017-09-08T20:50Z","NEON.LTR.NIWO062050.20170831","NEON.LTR.NIWO062050.20170831.TWI","NEON.DOC.001710vE","Twigs/branches",0.0050,"N",,"jmorris@battelleecology.org"
"1059b397-241f-4982-96a7-504aad0bbdbb","NIWO_063.basePlot.ltr","D13","NIWO","NIWO_063","NIWO_063_062","2017-09-08","2017-08-03","2017-08-31","2017-09-05T21:45Z","2017-09-08T20:50Z","NEON.LTR.NIWO063062.20170831","NEON.LTR.NIWO063062.20170831.LVS","NEON.DOC.001710vE","Leaves",0.0000,"N",,"jmorris@battelleecology.org"
"3e8d0608-f1f5-486c-a544-0212a8881c23","NIWO_058.basePlot.ltr","D13","NIWO","NIWO_058","NIWO_058_101","2017-09-08","2017-08-03","2017-08-31","2017-09-05T21:45Z","2017-09-08T20:50Z","NEON.LTR.NIWO058101.20170831","NEON.LTR.NIWO058101.20170831.TWI","NEON.DOC.001710vE","Twigs/branches",0.0000,"N",,"jmorris@battelleecology.org"
"eb7f8ee5-c4f2-4c0f-a95f-6a8f4aa326d1","NIWO_062.basePlot.ltr","D13","NIWO","NIWO_062","NIWO_062_050","2017-09-08","2017-08-03","2017-08-31","2017-09-05T21:45Z","2017-09-08T20:50Z","NEON.LTR.NIWO062050.20170831","NEON.LTR.NIWO062050.20170831.NDL","NEON.DOC.001710vE","Needles",0.6100,"Y",,"jmorris@battelleecology.org"
"df9b797d-3ad8-4161-a485-9afd5f7762c7","NIWO_058.basePlot.ltr","D13","NIWO","NIWO_058","NIWO_058_101","2017-09-08","2017-08-03","2017-08-31","2017-09-05T21:45Z","2017-09-08T20:50Z","NEON.LTR.NIWO058101.20170831","NEON.LTR.NIWO058101.20170831.SDS","NEON.DOC.001710vE","Seeds",0.0300,"N",,"jmorris@battelleecology.org"
"0ea39ee2-6fb8-4d6c-8227-3ce4dfd08099","NIWO_058.basePlot.ltr","D13","NIWO","NIWO_058","NIWO_058_101","2017-09-08","2017-08-03","2017-08-31","2017-09-05T21:45Z","2017-09-08T20:50Z","NEON.LTR.NIWO058101.20170831","NEON.LTR.NIWO058101.20170831.OTH","NEON.DOC.001710vE","Other",0.0000,"N",,"jmorris@battelleecology.org"
"38cf7b99-3290-46e8-a57e-4b75873e557a","NIWO_040.basePlot.ltr","D13","NIWO","NIWO_040","NIWO_040_205","2017-09-08","2017-08-03","2017-08-31","2017-09-05T21:45Z","2017-09-08T20:50Z","NEON.LTR.NIWO040205.20170831","NEON.LTR.NIWO040205.20170831.MXT","NEON.DOC.001710vE","Mixed",0.9100,"Y",,"jmorris@battelleecology.org"
"44b6eca6-21f6-452d-a4fe-7741a9f27d69","NIWO_063.basePlot.ltr","D13","NIWO","NIWO_063","NIWO_063_062","2017-09-08","2017-08-03","2017-08-31","2017-09-05T21:45Z","2017-09-08T20:50Z","NEON.LTR.NIWO063062.20170831","NEON.LTR.NIWO063062.20170831.OTH","NEON.DOC.001710vE","Other",0.0000,"N",,"jmorris@battelleecology.org"
"ed9043b0-218f-40ff-b7f1-139c35b2050e","NIWO_062.basePlot.ltr","D13","NIWO","NIWO_062","NIWO_062_050","2017-09-08","2017-08-03","2017-08-31","2017-09-05T21:45Z","2017-09-08T20:50Z","NEON.LTR.NIWO062050.20170831","NEON.LTR.NIWO062050.20170831.FLR","NEON.DOC.001710vE","Flowers",0.0000,"N",,"jmorris@battelleecology.org"
"1fde672f-bc11-417f-acee-283583143d36","NIWO_064.basePlot.ltr","D13","NIWO","NIWO_064","NIWO_064_103","2017-09-08","2017-08-03","2017-08-31","2017-09-05T21:45Z","2017-09-08T20:50Z","NEON.LTR.NIWO064103.20170831","NEON.LTR.NIWO064103.20170831.LVS","NEON.DOC.001710vE","Leaves",0.0000,"N",,"jmorris@battelleecology.org"
"5bdfd301-271b-4551-97b0-c6d1105c988c","NIWO_064.basePlot.ltr","D13","NIWO","NIWO_064","NIWO_064_103","2017-09-08","2017-08-03","2017-08-31","2017-09-05T21:45Z","2017-09-08T20:50Z","NEON.LTR.NIWO064103.20170831","NEON.LTR.NIWO064103.20170831.WDY","NEON.DOC.001710vE","Woody material",0.0050,"N",,"jmorris@battelleecology.org"
"2e5e94e7-f8fd-4ceb-8258-4385251481ab","NIWO_046.basePlot.ltr","D13","NIWO","NIWO_046","NIWO_046_155","2017-09-08","2017-08-03","2017-08-31","2017-09-05T21:45Z","2017-09-08T20:50Z","NEON.LTR.NIWO046155.20170831","NEON.LTR.NIWO046155.20170831.NDL","NEON.DOC.001710vE","Needles",3.2600,"Y",,"jmorris@battelleecology.org"
"41b9b507-55e8-46ab-a837-416316cfb591","NIWO_040.basePlot.ltr","D13","NIWO","NIWO_040","NIWO_040_205","2017-09-08","2017-08-03","2017-08-31","2017-09-05T21:45Z","2017-09-08T20:50Z","NEON.LTR.NIWO040205.20170831","NEON.LTR.NIWO040205.20170831.FLR","NEON.DOC.001710vE","Flowers",0.2300,"N",,"jmorris@battelleecology.org"
"df50a8ef-08d0-419b-85d5-0d59d57e6e51","NIWO_057.basePlot.ltr","D13","NIWO","NIWO_057","NIWO_057_081","2017-09-08","2017-08-03","2017-08-31","2017-09-05T21:45Z","2017-09-08T20:50Z","NEON.LTR.NIWO057081.20170831","NEON.LTR.NIWO057081.20170831.MXT","NEON.DOC.001710vE","Mixed",0.9900,"N",,"jmorris@battelleecology.org"
"294fd3f3-a5da-42c9-bee5-986fac511be1","NIWO_046.basePlot.ltr","D13","NIWO","NIWO_046","NIWO_046_155","2017-09-08","2017-08-03","2017-08-31","2017-09-05T21:45Z","2017-09-08T20:50Z","NEON.LTR.NIWO046155.20170831","NEON.LTR.NIWO046155.20170831.TWI","NEON.DOC.001710vE","Twigs/branches",0.3300,"N",,"jmorris@battelleecology.org"
"57b11bf7-f947-4a48-a9ba-619a0f84c874","NIWO_051.basePlot.ltr","D13","NIWO","NIWO_051","NIWO_051_045","2017-09-08","2017-08-03","2017-08-31","2017-09-05T21:45Z","2017-09-08T20:50Z","NEON.LTR.NIWO051045.20170831","NEON.LTR.NIWO051045.20170831.WDY","NEON.DOC.001710vE","Woody material",0.0000,"N",,"jmorris@battelleecology.org"
"f7510263-8cf7-4f68-9253-8e930428d54c","NIWO_046.basePlot.ltr","D13","NIWO","NIWO_046","NIWO_046_155","2017-09-08","2017-08-03","2017-08-31","2017-09-05T21:45Z","2017-09-08T20:50Z","NEON.LTR.NIWO046155.20170831","NEON.LTR.NIWO046155.20170831.FLR","NEON.DOC.001710vE","Flowers",0.0000,"N",,"jmorris@battelleecology.org"
"8668d11e-d6ce-451a-864d-ed57329fbd85","NIWO_051.basePlot.ltr","D13","NIWO","NIWO_051","NIWO_051_045","2017-09-08","2017-08-03","2017-08-31","2017-09-05T21:45Z","2017-09-08T20:50Z","NEON.LTR.NIWO051045.20170831","NEON.LTR.NIWO051045.20170831.LVS","NEON.DOC.001710vE","Leaves",0.0000,"N",,"jmorris@battelleecology.org"
"f393dea4-9cb5-4f55-8d1a-67100e88fbb8","NIWO_046.basePlot.ltr","D13","NIWO","NIWO_046","NIWO_046_155","2017-09-08","2017-08-03","2017-08-31","2017-09-05T21:45Z","2017-09-08T20:50Z","NEON.LTR.NIWO046155.20170831","NEON.LTR.NIWO046155.20170831.SDS","NEON.DOC.001710vE","Seeds",0.0000,"N",,"jmorris@battelleecology.org"
"51872a0f-5c84-459f-8c41-22cdd45bb716","NIWO_057.basePlot.ltr","D13","NIWO","NIWO_057","NIWO_057_081","2017-09-08","2017-08-03","2017-08-31","2017-09-05T21:45Z","2017-09-08T20:50Z","NEON.LTR.NIWO057081.20170831","NEON.LTR.NIWO057081.20170831.FLR","NEON.DOC.001710vE","Flowers",0.4200,"Y",,"jmorris@battelleecology.org"
"890f0f88-c867-4ec4-b1e8-b1da06b96e4a","NIWO_064.basePlot.ltr","D13","NIWO","NIWO_064","NIWO_064_103","2017-09-08","2017-08-03","2017-08-31","2017-09-05T21:45Z","2017-09-08T20:50Z","NEON.LTR.NIWO064103.20170831","NEON.LTR.NIWO064103.20170831.SDS","NEON.DOC.001710vE","Seeds",0.0500,"N",,"jmorris@battelleecology.org"
"68efc3d5-d326-4ac3-8800-1b5402b182b6","NIWO_063.basePlot.ltr","D13","NIWO","NIWO_063","NIWO_063_062","2017-09-08","2017-08-03","2017-08-31","2017-09-05T21:45Z","2017-09-08T20:50Z","NEON.LTR.NIWO063062.20170831","NEON.LTR.NIWO063062.20170831.MXT","NEON.DOC.001710vE","Mixed",0.0800,"Y",,"jmorris@battelleecology.org"
"ba4b29ca-6e97-4ac8-819f-614d8bdfcd64","NIWO_062.basePlot.ltr","D13","NIWO","NIWO_062","NIWO_062_050","2017-09-08","2017-08-03","2017-08-31","2017-09-05T21:45Z","2017-09-08T20:50Z","NEON.LTR.NIWO062050.20170831","NEON.LTR.NIWO062050.20170831.LVS","NEON.DOC.001710vE","Leaves",0.0000,"N",,"jmorris@battelleecology.org"
"90d798b4-1360-420c-9b7f-4ffa3fe88932","NIWO_058.basePlot.ltr","D13","NIWO","NIWO_058","NIWO_058_101","2017-09-08","2017-08-03","2017-08-31","2017-09-05T21:45Z","2017-09-08T20:50Z","NEON.LTR.NIWO058101.20170831","NEON.LTR.NIWO058101.20170831.MXT","NEON.DOC.001710vE","Mixed",0.1500,"N",,"jmorris@battelleecology.org"
"3a035b08-ad5c-4fb6-bd3e-b308889c035f","NIWO_058.basePlot.ltr","D13","NIWO","NIWO_058","NIWO_058_101","2017-09-08","2017-08-03","2017-08-31","2017-09-05T21:45Z","2017-09-08T20:50Z","NEON.LTR.NIWO058101.20170831","NEON.LTR.NIWO058101.20170831.WDY","NEON.DOC.001710vE","Woody material",0.0100,"N",,"jmorris@battelleecology.org"
"8921c29d-8499-4109-9275-ce6efc003200","NIWO_063.basePlot.ltr","D13","NIWO","NIWO_063","NIWO_063_062","2017-09-08","2017-08-03","2017-08-31","2017-09-05T21:45Z","2017-09-08T20:50Z","NEON.LTR.NIWO063062.20170831","NEON.LTR.NIWO063062.20170831.WDY","NEON.DOC.001710vE","Woody material",0.0000,"N",,"jmorris@battelleecology.org"
"07774ad2-2b98-4fd8-b098-c43417c46e9a","NIWO_058.basePlot.ltr","D13","NIWO","NIWO_058","NIWO_058_101","2017-09-08","2017-08-03","2017-08-31","2017-09-05T21:45Z","2017-09-08T20:50Z","NEON.LTR.NIWO058101.20170831","NEON.LTR.NIWO058101.20170831.LVS","NEON.DOC.001710vE","Leaves",0.0050,"N",,"jmorris@battelleecology.org"
"3483ba9c-762d-4f62-b3cb-773aa8b359f2","NIWO_058.basePlot.ltr","D13","NIWO","NIWO_058","NIWO_058_101","2017-09-08","2017-08-03","2017-08-31","2017-09-05T21:45Z","2017-09-08T20:50Z","NEON.LTR.NIWO058101.20170831","NEON.LTR.NIWO058101.20170831.NDL","NEON.DOC.001710vE","Needles",2.7100,"N",,"jmorris@battelleecology.org"
"46bb840c-fb9f-48a1-be98-8864ee0e47d4","NIWO_058.basePlot.ltr","D13","NIWO","NIWO_058","NIWO_058_101","2017-09-08","2017-08-03","2017-08-31","2017-09-05T21:45Z","2017-09-08T20:50Z","NEON.LTR.NIWO058101.20170831","NEON.LTR.NIWO058101.20170831.FLR","NEON.DOC.001710vE","Flowers",0.0050,"N",,"jmorris@battelleecology.org"
"72db772b-a0b1-4ae3-9ca0-449e6f2ec735","NIWO_051.basePlot.ltr","D13","NIWO","NIWO_051","NIWO_051_045","2017-09-08","2017-08-03","2017-08-31","2017-09-05T21:45Z","2017-09-08T20:50Z","NEON.LTR.NIWO051045.20170831","NEON.LTR.NIWO051045.20170831.FLR","NEON.DOC.001710vE","Flowers",0.0000,"N",,"jmorris@battelleecology.org"
"1906841a-6662-47d7-be1a-f98fd9f4f734","NIWO_051.basePlot.ltr","D13","NIWO","NIWO_051","NIWO_051_045","2017-09-08","2017-08-03","2017-08-31","2017-09-05T21:45Z","2017-09-08T20:50Z","NEON.LTR.NIWO051045.20170831","NEON.LTR.NIWO051045.20170831.TWI","NEON.DOC.001710vE","Twigs/branches",0.0000,"N",,"jmorris@battelleecology.org"
"6a0a5b94-5ce2-436a-af35-8169a93ead7f","NIWO_051.basePlot.ltr","D13","NIWO","NIWO_051","NIWO_051_045","2017-09-08","2017-08-03","2017-08-31","2017-09-05T21:45Z","2017-09-08T20:50Z","NEON.LTR.NIWO051045.20170831","NEON.LTR.NIWO051045.20170831.OTH","NEON.DOC.001710vE","Other",0.0000,"N",,"jmorris@battelleecology.org"
"bd569235-f8ac-49ed-b1f9-89db0215c50d","NIWO_051.basePlot.ltr","D13","NIWO","NIWO_051","NIWO_051_045","2017-09-08","2017-08-03","2017-08-31","2017-09-05T21:45Z","2017-09-08T20:50Z","NEON.LTR.NIWO051045.20170831","NEON.LTR.NIWO051045.20170831.SDS","NEON.DOC.001710vE","Seeds",0.0000,"N",,"jmorris@battelleecology.org"
"129b2240-6e17-4f1b-8a53-ae76c4f05288","NIWO_040.basePlot.ltr","D13","NIWO","NIWO_040","NIWO_040_205","2017-09-08","2017-08-03","2017-08-31","2017-09-05T21:45Z","2017-09-08T20:50Z","NEON.LTR.NIWO040205.20170831","NEON.LTR.NIWO040205.20170831.OTH","NEON.DOC.001710vE","Other",0.0300,"N",,"jmorris@battelleecology.org"
"c52b15b2-c777-465a-addc-feb8f2512d5c","NIWO_040.basePlot.ltr","D13","NIWO","NIWO_040","NIWO_040_205","2017-09-08","2017-08-03","2017-08-31","2017-09-05T21:45Z","2017-09-08T20:50Z","NEON.LTR.NIWO040205.20170831","NEON.LTR.NIWO040205.20170831.NDL","NEON.DOC.001710vE","Needles",3.7800,"N",,"jmorris@battelleecology.org"
"ae134405-1da3-4c01-967e-7b8718552ba1","NIWO_057.basePlot.ltr","D13","NIWO","NIWO_057","NIWO_057_081","2017-09-08","2017-08-03","2017-08-31","2017-09-05T21:45Z","2017-09-08T20:50Z","NEON.LTR.NIWO057081.20170831","NEON.LTR.NIWO057081.20170831.SDS","NEON.DOC.001710vE","Seeds",0.0000,"N",,"jmorris@battelleecology.org"
"ccfd8888-697f-4f89-9cc0-ad5687663187","NIWO_057.basePlot.ltr","D13","NIWO","NIWO_057","NIWO_057_081","2017-09-08","2017-08-03","2017-08-31","2017-09-05T21:45Z","2017-09-08T20:50Z","NEON.LTR.NIWO057081.20170831","NEON.LTR.NIWO057081.20170831.WDY","NEON.DOC.001710vE","Woody material",3.6900,"N",,"jmorris@battelleecology.org"
"390fd462-5d02-434e-8050-bdfce86026e8","NIWO_057.basePlot.ltr","D13","NIWO","NIWO_057","NIWO_057_081","2017-09-08","2017-08-03","2017-08-31","2017-09-05T21:45Z","2017-09-08T20:50Z","NEON.LTR.NIWO057081.20170831","NEON.LTR.NIWO057081.20170831.LVS","NEON.DOC.001710vE","Leaves",0.0000,"N",,"jmorris@battelleecology.org"
"67d8de6d-0808-4c9b-a606-e385e065bc71","NIWO_064.basePlot.ltr","D13","NIWO","NIWO_064","NIWO_064_103","2017-09-08","2017-08-03","2017-08-31","2017-09-05T21:45Z","2017-09-08T20:50Z","NEON.LTR.NIWO064103.20170831","NEON.LTR.NIWO064103.20170831.NDL","NEON.DOC.001710vE","Needles",1.8000,"N",,"jmorris@battelleecology.org"
"8ead5814-020c-45b4-8cc1-5f77362d4b1c","NIWO_064.basePlot.ltr","D13","NIWO","NIWO_064","NIWO_064_103","2017-09-08","2017-08-03","2017-08-31","2017-09-05T21:45Z","2017-09-08T20:50Z","NEON.LTR.NIWO064103.20170831","NEON.LTR.NIWO064103.20170831.MXT","NEON.DOC.001710vE","Mixed",0.3400,"Y",,"jmorris@battelleecology.org"
"72bb4cc3-9123-4a13-9a08-316bad648c68","NIWO_062.basePlot.ltr","D13","NIWO","NIWO_062","NIWO_062_050","2017-09-08","2017-08-03","2017-08-31","2017-09-05T21:45Z","2017-09-08T20:50Z","NEON.LTR.NIWO062050.20170831","NEON.LTR.NIWO062050.20170831.WDY","NEON.DOC.001710vE","Woody material",0.0050,"N",,"jmorris@battelleecology.org"
"896ff0d9-1156-4f48-8321-d34a367ec522","NIWO_062.basePlot.ltr","D13","NIWO","NIWO_062","NIWO_062_050","2017-09-08","2017-08-03","2017-08-31","2017-09-05T21:45Z","2017-09-08T20:50Z","NEON.LTR.NIWO062050.20170831","NEON.LTR.NIWO062050.20170831.OTH","NEON.DOC.001710vE","Other",0.0000,"N",,"jmorris@battelleecology.org"
"a976b5b1-79ee-4a05-a2df-c19ff482b7c8","NIWO_062.basePlot.ltr","D13","NIWO","NIWO_062","NIWO_062_050","2017-09-08","2017-08-03","2017-08-31","2017-09-05T21:45Z","2017-09-08T20:50Z","NEON.LTR.NIWO062050.20170831","NEON.LTR.NIWO062050.20170831.SDS","NEON.DOC.001710vE","Seeds",0.0050,"N",,"jmorris@battelleecology.org"
"775796e6-461e-4021-a777-a7757e211234","NIWO_046.basePlot.ltr","D13","NIWO","NIWO_046","NIWO_046_155","2017-09-08","2017-08-03","2017-08-31","2017-09-05T21:45Z","2017-09-08T20:50Z","NEON.LTR.NIWO046155.20170831","NEON.LTR.NIWO046155.20170831.MXT","NEON.DOC.001710vE","Mixed",0.1000,"Y",,"jmorris@battelleecology.org"
"57bd2d66-0540-4dbf-ad50-b51aebde0915","NIWO_046.basePlot.ltr","D13","NIWO","NIWO_046","NIWO_046_155","2017-09-08","2017-08-03","2017-08-31","2017-09-05T21:45Z","2017-09-08T20:50Z","NEON.LTR.NIWO046155.20170831","NEON.LTR.NIWO046155.20170831.WDY","NEON.DOC.001710vE","Woody material",0.0000,"N","Sample present but not enough mass to register","jmorris@battelleecology.org"
"ccba4926-f301-409a-9fa0-c696f9a00a66","NIWO_046.basePlot.ltr","D13","NIWO","NIWO_046","NIWO_046_155","2017-09-08","2017-08-03","2017-08-31","2017-09-05T21:45Z","2017-09-08T20:50Z","NEON.LTR.NIWO046155.20170831","NEON.LTR.NIWO046155.20170831.OTH","NEON.DOC.001710vE","Other",0.0000,"N",,"jmorris@battelleecology.org"
"debcf580-e13e-4eec-bef3-09d8735f060c","NIWO_063.basePlot.ltr","D13","NIWO","NIWO_063","NIWO_063_062","2017-09-08","2017-08-03","2017-08-31","2017-09-05T21:45Z","2017-09-08T20:50Z","NEON.LTR.NIWO063062.20170831","NEON.LTR.NIWO063062.20170831.SDS","NEON.DOC.001710vE","Seeds",0.0000,"N",,"jmorris@battelleecology.org"
"f3e5fead-c55d-46ed-b2f9-94b0ea587610","NIWO_063.basePlot.ltr","D13","NIWO","NIWO_063","NIWO_063_062","2017-09-08","2017-08-03","2017-08-31","2017-09-05T21:45Z","2017-09-08T20:50Z","NEON.LTR.NIWO063062.20170831","NEON.LTR.NIWO063062.20170831.TWI","NEON.DOC.001710vE","Twigs/branches",0.1500,"N",,"jmorris@battelleecology.org"
"7107ef86-1d4b-4283-bbbf-7d5bad38ca5f","NIWO_040.basePlot.ltr","D13","NIWO","NIWO_040","NIWO_040_205","2017-09-08","2017-08-03","2017-08-31","2017-09-05T21:45Z","2017-09-08T20:50Z","NEON.LTR.NIWO040205.20170831","NEON.LTR.NIWO040205.20170831.LVS","NEON.DOC.001710vE","Leaves",0.0000,"N",,"jmorris@battelleecology.org"
