uid,namedLocation,domainID,siteID,plotID,trapID,setDate,collectDate,eventID,trappingDays,fieldSampleID,samplingProtocolVersion,trapCondition,toxicodendronPossible,remarks,measuredBy,recordedBy
"22180a2f-fb87-42b0-a0d9-6337b185d84e","NIWO_062.basePlot.ltr","D13","NIWO","NIWO_062","NIWO_062_050","2017-07-06","2017-08-03","LTR.2017.NIWO.02",28,"NEON.LTR.NIWO062050.20170803","NEON.DOC.001710vE","OK - Litter collected - Trap in good shape, no issues",,,"Sscherneck@battelleecology.org","Szrillo@battelleecology.org"
"462b1e2e-e72b-4565-9e22-c8072e4c75a5","NIWO_041.basePlot.ltr","D13","NIWO","NIWO_041","NIWO_041_059","2017-07-06","2017-08-03","LTR.2017.NIWO.02",28,"NEON.LTR.NIWO041059.20170803","NEON.DOC.001710vE","OK - Litter collected - Trap in good shape, no issues",,,"jmorris@battelleecology.org","Pjudge@battelleecology.org"
"5284bbb5-4e49-4705-93bf-9a92b1658a53","NIWO_040.basePlot.ltr","D13","NIWO","NIWO_040","NIWO_040_205","2017-07-06","2017-08-03","LTR.2017.NIWO.02",28,"NEON.LTR.NIWO040205.20170803","NEON.DOC.001710vE","OK - Litter collected - Trap in good shape, no issues",,,"jmorris@battelleecology.org","Szrillo@battelleecology.org"
"7462a75e-d0cb-4400-a64b-6197ec4b5b71","NIWO_047.basePlot.ltr","D13","NIWO","NIWO_047","NIWO_047_197","2017-07-06","2017-08-03","LTR.2017.NIWO.02",28,"NEON.LTR.NIWO047197.20170803","NEON.DOC.001710vE","OK - Litter collected - Trap in good shape, no issues",,"One arm out of socket","Sscherneck@battelleecology.org","Szrillo@battelleecology.org"
"e768314a-5697-4ac8-ac5b-54fe6a73e30e","NIWO_064.basePlot.ltr","D13","NIWO","NIWO_064","NIWO_064_103","2017-07-06","2017-08-03","LTR.2017.NIWO.02",28,"NEON.LTR.NIWO064103.20170803","NEON.DOC.001710vE","OK - Litter collected - Trap in good shape, no issues",,,"jmorris@battelleecology.org","Szrillo@battelleecology.org"
"e793fef9-c26b-4802-a61c-f231c58224d5","NIWO_057.basePlot.ltr","D13","NIWO","NIWO_057","NIWO_057_081","2017-07-07","2017-08-03","LTR.2017.NIWO.02",27,"NEON.LTR.NIWO057081.20170803","NEON.DOC.001710vE","OK - Litter collected - Trap in good shape, no issues",,,"jmorris@battelleecology.org","Szrillo@battelleecology.org"
"8ccb21fb-ca79-48ac-8e70-5ca278533e3a","NIWO_051.basePlot.ltr","D13","NIWO","NIWO_051","NIWO_051_045","2017-07-07","2017-08-03","LTR.2017.NIWO.02",27,"NEON.LTR.NIWO051045.20170803","NEON.DOC.001710vE","OK - Litter collected - Trap in good shape, no issues",,,"jmorris@battelleecology.org","Pjudge@battelleecology.org"
"44a8bbb6-e68a-4fdd-8578-d6efe0e4099d","NIWO_058.basePlot.ltr","D13","NIWO","NIWO_058","NIWO_058_101","2017-07-07","2017-08-03","LTR.2017.NIWO.02",27,"NEON.LTR.NIWO058101.20170803","NEON.DOC.001710vE","OK - Litter collected - Trap in good shape, no issues",,,"jmorris@battelleecology.org","Pjudge@battelleecology.org"
"b71ef39e-16ee-4d31-941b-373cb998e7bc","NIWO_061.basePlot.ltr","D13","NIWO","NIWO_061","NIWO_061_169","2017-07-07","2017-08-03","LTR.2017.NIWO.02",27,"NEON.LTR.NIWO061169.20170803","NEON.DOC.001710vE","OK - Litter collected - Trap in good shape, no issues",,,"jmorris@battelleecology.org","Szrillo@battelleecology.org"
"23c0eef6-8049-484f-a7fc-0699748b2e2d","NIWO_067.basePlot.ltr","D13","NIWO","NIWO_067","NIWO_067_017","2017-07-07","2017-08-03","LTR.2017.NIWO.02",27,"NEON.LTR.NIWO067017.20170803","NEON.DOC.001710vE","OK - Litter collected - Trap in good shape, no issues",,,"jmorris@battelleecology.org","Szrillo@battelleecology.org"
"fe2514f4-5c78-4d66-aed1-fea1b0a3f204","NIWO_046.basePlot.ltr","D13","NIWO","NIWO_046","NIWO_046_155","2017-07-07","2017-08-03","LTR.2017.NIWO.02",27,"NEON.LTR.NIWO046155.20170803","NEON.DOC.001710vE","OK - Litter collected - Trap in good shape, no issues",,,"jmorris@battelleecology.org","Pjudge@battelleecology.org"
"eb016520-e471-4a3a-9b61-3bdc46e53844","NIWO_063.basePlot.ltr","D13","NIWO","NIWO_063","NIWO_063_062","2017-07-07","2017-08-03","LTR.2017.NIWO.02",27,"NEON.LTR.NIWO063062.20170803","NEON.DOC.001710vE","OK - Litter collected - Trap in good shape, no issues",,,"jmorris@battelleecology.org","Szrillo@battelleecology.org"
"5f6aefb4-6dd3-4fd4-8ebe-cd3df75a8f59","NIWO_061.basePlot.ltr","D13","NIWO","NIWO_061","NIWO_061_169","2017-08-03","2017-08-31","LTR.2017.NIWO.03",28,,"NEON.DOC.001710vE","RE - Litter not collected - trap broken, requires replacement",,"Pvc pipes replaced with metal frame","Szrillo@battelleecology.org","Cgray@Battelleecology.org"
"41d23ea3-1715-4751-92ed-143fa044bf3a","NIWO_041.basePlot.ltr","D13","NIWO","NIWO_041","NIWO_041_059","2017-08-03","2017-08-31","LTR.2017.NIWO.03",28,,"NEON.DOC.001710vE","RE - Litter not collected - trap broken, requires replacement",,"Replaced with metal","jmorris@battelleecology.org","Skremidas@battelleecology.org"
"0ca09233-f723-41dd-a3ed-049336c84794","NIWO_046.basePlot.ltr","D13","NIWO","NIWO_046","NIWO_046_155","2017-08-03","2017-08-31","LTR.2017.NIWO.03",28,"NEON.LTR.NIWO046155.20170831","NEON.DOC.001710vE","OK - Litter collected - Trap in good shape, no issues",,"Replaced pvc pipe with metal","Szrillo@battelleecology.org","Cgray@Battelleecology.org"
"b265b28d-3f10-472f-a138-9ac8c893eb85","NIWO_062.basePlot.ltr","D13","NIWO","NIWO_062","NIWO_062_050","2017-08-03","2017-08-31","LTR.2017.NIWO.03",28,"NEON.LTR.NIWO062050.20170831","NEON.DOC.001710vE","OK - Litter collected - Trap in good shape, no issues",,"Replaced with metal","jmorris@battelleecology.org","Szrillo@battelleecology.org"
"dcd4c4a8-2c4e-4326-80ec-b2aba7fb1def","NIWO_040.basePlot.ltr","D13","NIWO","NIWO_040","NIWO_040_205","2017-08-03","2017-08-31","LTR.2017.NIWO.03",28,"NEON.LTR.NIWO040205.20170831","NEON.DOC.001710vE","OK - Litter collected - Trap in good shape, no issues",,"PVC pipes replaced with metal frame","Szrillo@battelleecology.org","Cgray@Battelleecology.org"
"04537f1d-11dd-4c17-9789-590d9d68378f","NIWO_047.basePlot.ltr","D13","NIWO","NIWO_047","NIWO_047_197","2017-08-03","2017-08-31","LTR.2017.NIWO.03",28,,"NEON.DOC.001710vE","RE - Litter not collected - trap broken, requires replacement",,"Replaced with metal","jmorris@battelleecology.org","Szrillo@battelleecology.org"
"d22d0cf9-de5e-45ca-9c5a-998823d61519","NIWO_064.basePlot.ltr","D13","NIWO","NIWO_064","NIWO_064_103","2017-08-03","2017-08-31","LTR.2017.NIWO.03",28,"NEON.LTR.NIWO064103.20170831","NEON.DOC.001710vE","OK - Litter collected - Trap in good shape, no issues",,"PVC pipes replaced with metal frame","Szrillo@battelleecology.org","Cgray@Battelleecology.org"
"ea32bec4-f8b8-47d5-a248-f4cc43ebf35f","NIWO_063.basePlot.ltr","D13","NIWO","NIWO_063","NIWO_063_062","2017-08-03","2017-08-31","LTR.2017.NIWO.03",28,"NEON.LTR.NIWO063062.20170831","NEON.DOC.001710vE","OK - Litter collected - Trap in good shape, no issues",,"Replaced with metal","jmorris@battelleecology.org","Skremidas@battelleecology.org"
"d41be45c-e1aa-4328-a063-d72060a93535","NIWO_057.basePlot.ltr","D13","NIWO","NIWO_057","NIWO_057_081","2017-08-03","2017-08-31","LTR.2017.NIWO.03",28,"NEON.LTR.NIWO057081.20170831","NEON.DOC.001710vE","OK - Litter collected - Trap in good shape, no issues",,"PVC pipes replaced with metal frame","Szrillo@battelleecology.org","Cgray@Battelleecology.org"
"b8699874-e30f-4d42-a7cb-7c01fe670ef3","NIWO_067.basePlot.ltr","D13","NIWO","NIWO_067","NIWO_067_017","2017-08-03","2017-08-31","LTR.2017.NIWO.03",28,,"NEON.DOC.001710vE","RE - Litter not collected - trap broken, requires replacement",,"Replaced with metal","jmorris@battelleecology.org","Skremidas@battelleecology.org"
"7d27f77c-1836-4cd0-929c-e7e561ddef3f","NIWO_051.basePlot.ltr","D13","NIWO","NIWO_051","NIWO_051_045","2017-08-03","2017-08-31","LTR.2017.NIWO.03",28,"NEON.LTR.NIWO051045.20170831","NEON.DOC.001710vE","OK - Litter collected - Trap in good shape, no issues",,"Replaced with metal","jmorris@battelleecology.org","Skremidas@battelleecology.org"
"0664d73a-b3f0-48aa-9673-08b0777d208b","NIWO_058.basePlot.ltr","D13","NIWO","NIWO_058","NIWO_058_101","2017-08-03","2017-08-31","LTR.2017.NIWO.03",28,"NEON.LTR.NIWO058101.20170831","NEON.DOC.001710vE","OK - Litter collected - Trap in good shape, no issues",,"Replaced with metal","jmorris@battelleecology.org","Skremidas@battelleecology.org"
