uid,namedLocation,domainID,siteID,plotID,trapID,setDate,collectDate,eventID,trappingDays,fieldSampleID,samplingProtocolVersion,trapCondition,toxicodendronPossible,remarks,measuredBy,recordedBy
"ccbfae3c-1235-4bc5-b671-aa1294c33479","NIWO_062.basePlot.ltr","D13","NIWO","NIWO_062","NIWO_062_050","2018-09-27","2018-10-25","LTR.2018.NIWO.06",28,,"NEON.DOC.001710vE","TB - Litter not collected - trap blocked",,"Snow buried","csmith@battelleecology.org","dbradley@battelleecology.org"
"70b3d121-20a1-412a-a0ef-eda1cdd9978c","NIWO_067.basePlot.ltr","D13","NIWO","NIWO_067","NIWO_067_017","2018-09-27","2018-10-25","LTR.2018.NIWO.06",28,"NEON.LTR.NIWO067017.20181025","NEON.DOC.001710vE","OK - Litter collected - Trap in good shape, no issues",,,"csmith@battelleecology.org","dbradley@battelleecology.org"
"b37e9e6d-eca1-4e1f-9b71-ab6947fbea6e","NIWO_058.basePlot.ltr","D13","NIWO","NIWO_058","NIWO_058_101","2018-09-27","2018-10-25","LTR.2018.NIWO.06",28,"NEON.LTR.NIWO058101.20181025","NEON.DOC.001710vE","OK - Litter collected - Trap in good shape, no issues",,,"wmalone@battelleecology.org","szrillo@battelleecology.org"
"3233dd2e-bebd-4c56-aacd-3db3feab7bdd","NIWO_064.basePlot.ltr","D13","NIWO","NIWO_064","NIWO_064_103","2018-09-27","2018-10-25","LTR.2018.NIWO.06",28,"NEON.LTR.NIWO064103.20181025","NEON.DOC.001710vE","OK - Litter collected - Trap in good shape, no issues",,,"wmalone@battelleecology.org","szrillo@battelleecology.org"
"492b0b80-8044-4bcf-8a40-c9c35c90a88b","NIWO_051.basePlot.ltr","D13","NIWO","NIWO_051","NIWO_051_045","2018-09-27","2018-10-25","LTR.2018.NIWO.06",28,"NEON.LTR.NIWO051045.20181025","NEON.DOC.001710vE","OK - Litter collected - Trap in good shape, no issues",,,"wmalone@battelleecology.org","szrillo@battelleecology.org"
"abb39c49-e0d0-40df-b773-2f5b1e145603","NIWO_061.basePlot.ltr","D13","NIWO","NIWO_061","NIWO_061_169","2018-09-27","2018-10-25","LTR.2018.NIWO.06",28,"NEON.LTR.NIWO061169.20181025","NEON.DOC.001710vE","OK - Litter collected - Trap in good shape, no issues",,,"wmalone@battelleecology.org","szrillo@battelleecology.org"
"fda2542f-e888-47c3-aea9-74eb61b95444","NIWO_046.basePlot.ltr","D13","NIWO","NIWO_046","NIWO_046_155","2018-09-27","2018-10-25","LTR.2018.NIWO.06",28,"NEON.LTR.NIWO046155.20181025","NEON.DOC.001710vE","OK - Litter collected - Trap in good shape, no issues",,,"wmalone@battelleecology.org","szrillo@battelleecology.org"
"4562cc2f-f548-4002-abb7-91aac42dba6f","NIWO_063.basePlot.ltr","D13","NIWO","NIWO_063","NIWO_063_062","2018-09-27","2018-10-25","LTR.2018.NIWO.06",28,,"NEON.DOC.001710vE","TE - Litter not collected - trap empty",,,"csmith@battelleecology.org","dbradley@battelleecology.org"
"38b57149-28d7-42ed-a2e7-bf87fe599c9d","NIWO_057.basePlot.ltr","D13","NIWO","NIWO_057","NIWO_057_081","2018-09-27","2018-10-25","LTR.2018.NIWO.06",28,"NEON.LTR.NIWO057081.20181025","NEON.DOC.001710vE","OK - Litter collected - Trap in good shape, no issues",,,"wmalone@battelleecology.org","szrillo@battelleecology.org"
"db8180d4-647a-4ce5-aa5e-acaa6b2c2cd1","NIWO_047.basePlot.ltr","D13","NIWO","NIWO_047","NIWO_047_197","2018-09-27","2018-10-25","LTR.2018.NIWO.06",28,,"NEON.DOC.001710vE","TB - Litter not collected - trap blocked",,"Snow buried","csmith@battelleecology.org","dbradley@battelleecology.org"
"39885231-d193-465f-9095-fe88de5a0aee","NIWO_041.basePlot.ltr","D13","NIWO","NIWO_041","NIWO_041_059","2018-09-27","2018-10-25","LTR.2018.NIWO.06",28,"NEON.LTR.NIWO041059.20181025","NEON.DOC.001710vE","OK - Litter collected - Trap in good shape, no issues",,,"csmith@battelleecology.org","dbradley@battelleecology.org"
"953e4aac-04ed-4d0b-8dc9-82ef58cdd459","NIWO_040.basePlot.ltr","D13","NIWO","NIWO_040","NIWO_040_205","2018-09-27","2018-10-25","LTR.2018.NIWO.06",28,"NEON.LTR.NIWO040205.20181025","NEON.DOC.001710vE","OK - Litter collected - Trap in good shape, no issues",,,"wmalone@battelleecology.org","szrillo@battelleecology.org"
