uid,namedLocation,domainID,siteID,plotID,trapID,setDate,collectDate,eventID,trappingDays,fieldSampleID,samplingProtocolVersion,trapCondition,toxicodendronPossible,remarks,measuredBy,recordedBy
"94218b7e-7178-4c5a-93bb-0e3b9abc28a4","NIWO_067.basePlot.ltr","D13","NIWO","NIWO_067","NIWO_067_017","2016-08-11","2016-09-08","LTR.2016.NIWO.04",28,"NEON.LTR.NIWO067017.20160908","NEON.DOC.001710vE","OK - Litter collected - Trap in good shape, no issues",,,"glacivita@field-ops.org","pzerbe@field-ops.org"
"4b452db3-28d6-43be-ba3d-303b5f05517b","NIWO_047.basePlot.ltr","D13","NIWO","NIWO_047","NIWO_047_197","2016-08-11","2016-09-08","LTR.2016.NIWO.04",28,,"NEON.DOC.001710vE","TE - Litter not collected - trap empty",,"TRAP IN GOOD CONDITION NO LITTER","glacivita@field-ops.org","pzerbe@field-ops.org"
"053fdd55-f046-4a83-a332-1706a8cc4c4e","NIWO_061.basePlot.ltr","D13","NIWO","NIWO_061","NIWO_061_169","2016-08-11","2016-09-08","LTR.2016.NIWO.04",28,"NEON.LTR.NIWO061169.20160908","NEON.DOC.001710vE","OK - Litter collected - Trap in good shape, no issues",,,"glacivita@field-ops.org","pzerbe@field-ops.org"
"3c1959de-fffc-43bf-bc06-d654bd1a3763","NIWO_040.basePlot.ltr","D13","NIWO","NIWO_040","NIWO_040_205","2016-08-11","2016-09-08","LTR.2016.NIWO.04",28,"NEON.LTR.NIWO040205.20160908","NEON.DOC.001710vE","OK - Litter collected - Trap in good shape, no issues",,,"glacivita@field-ops.org","pzerbe@field-ops.org"
"205e66e9-9866-4f72-a434-111eb3b62123","NIWO_058.basePlot.ltr","D13","NIWO","NIWO_058","NIWO_058_101","2016-08-11","2016-09-08","LTR.2016.NIWO.04",28,"NEON.LTR.NIWO058101.20160908","NEON.DOC.001710vE","OK - Litter collected - Trap in good shape, no issues",,,"glacivita@field-ops.org","pzerbe@field-ops.org"
"ff23af8f-ecc9-4bde-b6ae-4513b75e6ca8","NIWO_057.basePlot.ltr","D13","NIWO","NIWO_057","NIWO_057_081","2016-08-11","2016-09-08","LTR.2016.NIWO.04",28,"NEON.LTR.NIWO057081.20160908","NEON.DOC.001710vE","OK - Litter collected - Trap in good shape, no issues",,,"glacivita@field-ops.org","pzerbe@field-ops.org"
"da33ca0b-56f2-4c35-baa8-a00895fefac4","NIWO_051.basePlot.ltr","D13","NIWO","NIWO_051","NIWO_051_045","2016-08-11","2016-09-08","LTR.2016.NIWO.04",28,"NEON.LTR.NIWO051045.20160908","NEON.DOC.001710vE","OK - Litter collected - Trap in good shape, no issues",,,"glacivita@field-ops.org","pzerbe@field-ops.org"
"61797314-82a9-4e53-afe7-c2f7c20ab900","NIWO_064.basePlot.ltr","D13","NIWO","NIWO_064","NIWO_064_103","2016-08-11","2016-09-08","LTR.2016.NIWO.04",28,"NEON.LTR.NIWO064103.20160908","NEON.DOC.001710vE","OK - Litter collected - Trap in good shape, no issues",,,"glacivita@field-ops.org","pzerbe@field-ops.org"
"3b99da39-adfd-404b-bc88-04af869c0849","NIWO_062.basePlot.ltr","D13","NIWO","NIWO_062","NIWO_062_050","2016-08-11","2016-09-08","LTR.2016.NIWO.04",28,"NEON.LTR.NIWO062050.20160908","NEON.DOC.001710vE","OK - Litter collected - Trap in good shape, no issues",,,"glacivita@field-ops.org","pzerbe@field-ops.org"
"29c09400-bbf5-45ee-b0f5-204bef2b29ee","NIWO_046.basePlot.ltr","D13","NIWO","NIWO_046","NIWO_046_155","2016-08-11","2016-09-08","LTR.2016.NIWO.04",28,"NEON.LTR.NIWO046155.20160908","NEON.DOC.001710vE","OK - Litter collected - Trap in good shape, no issues",,,"glacivita@field-ops.org","pzerbe@field-ops.org"
"ebb743d9-2e93-47a6-8b94-03542ac221a9","NIWO_063.basePlot.ltr","D13","NIWO","NIWO_063","NIWO_063_062","2016-08-11","2016-09-08","LTR.2016.NIWO.04",28,"NEON.LTR.NIWO063062.20160908","NEON.DOC.001710vE","OK - Litter collected - Trap in good shape, no issues",,,"glacivita@field-ops.org","pzerbe@field-ops.org"
"27a8ffca-e0bf-4b22-84f9-c41175095bc6","NIWO_041.basePlot.ltr","D13","NIWO","NIWO_041","NIWO_041_059","2016-08-11","2016-09-08","LTR.2016.NIWO.04",28,"NEON.LTR.NIWO041059.20160908","NEON.DOC.001710vE","OK - Litter collected - Trap in good shape, no issues",,,"glacivita@field-ops.org","pzerbe@field-ops.org"
