uid,namedLocation,domainID,siteID,plotID,trapID,setDate,collectDate,eventID,trappingDays,fieldSampleID,samplingProtocolVersion,trapCondition,toxicodendronPossible,remarks,measuredBy,recordedBy
"37290510-054c-4e0e-8812-0467662c4307","NIWO_051.basePlot.ltr","D13","NIWO","NIWO_051","NIWO_051_045","2016-07-14","2016-08-11","LTR.2016.NIWO.03",28,"NEON.LTR.NIWO051045.20160811","NEON.DOC.001710vE","OK - Litter collected - Trap in good shape, no issues",,,"mwiebe@field-ops.org","bnance@field-ops.org"
"8fd1236f-56fc-4137-b7bd-2a3c872f600b","NIWO_058.basePlot.ltr","D13","NIWO","NIWO_058","NIWO_058_101","2016-07-14","2016-08-11","LTR.2016.NIWO.03",28,"NEON.LTR.NIWO058101.20160811","NEON.DOC.001710vE","OK - Litter collected - Trap in good shape, no issues",,,"mwiebe@field-ops.org","bnance@field-ops.org"
"7f6fdb97-ae9f-45e5-8ded-65eef80665d7","NIWO_063.basePlot.ltr","D13","NIWO","NIWO_063","NIWO_063_062","2016-07-14","2016-08-11","LTR.2016.NIWO.03",28,"NEON.LTR.NIWO063062.20160811","NEON.DOC.001710vE","OK - Litter collected - Trap in good shape, no issues",,,"mwiebe@field-ops.org","bnance@field-ops.org"
"aabd58c4-f616-4955-b70b-0c84b4ca0b7f","NIWO_046.basePlot.ltr","D13","NIWO","NIWO_046","NIWO_046_155","2016-07-14","2016-08-11","LTR.2016.NIWO.03",28,"NEON.LTR.NIWO046155.20160811","NEON.DOC.001710vE","OK - Litter collected - Trap in good shape, no issues",,,"mwiebe@field-ops.org","bnance@field-ops.org"
"a55b108d-d3f2-4e15-8056-5834dd8c02e8","NIWO_041.basePlot.ltr","D13","NIWO","NIWO_041","NIWO_041_059","2016-07-14","2016-08-11","LTR.2016.NIWO.03",28,"NEON.LTR.NIWO041059.20160811","NEON.DOC.001710vE","OK - Litter collected - Trap in good shape, no issues",,,"pzerbe@field-ops.org","rshowalter@field-ops.org"
"8f8bee8d-b4fa-48dd-aa23-2f6c8e897953","NIWO_067.basePlot.ltr","D13","NIWO","NIWO_067","NIWO_067_017","2016-07-14","2016-08-11","LTR.2016.NIWO.03",28,"NEON.LTR.NIWO067017.20160811","NEON.DOC.001710vE","OK - Litter collected - Trap in good shape, no issues",,,"pzerbe@field-ops.org","rshowalter@field-ops.org"
"8ab9aa78-4576-4697-a953-15cdaa39f174","NIWO_040.basePlot.ltr","D13","NIWO","NIWO_040","NIWO_040_205","2016-07-14","2016-08-11","LTR.2016.NIWO.03",28,"NEON.LTR.NIWO040205.20160811","NEON.DOC.001710vE","OK - Litter collected - Trap in good shape, no issues",,,"mwiebe@field-ops.org","bnance@field-ops.org"
"693db061-d826-46f8-b455-73bb2758dc7f","NIWO_057.basePlot.ltr","D13","NIWO","NIWO_057","NIWO_057_081","2016-07-14","2016-08-11","LTR.2016.NIWO.03",28,"NEON.LTR.NIWO057081.20160811","NEON.DOC.001710vE","OK - Litter collected - Trap in good shape, no issues",,,"mwiebe@field-ops.org","bnance@field-ops.org"
"33d0c7a5-87de-4fc5-811f-0cd0698049b1","NIWO_061.basePlot.ltr","D13","NIWO","NIWO_061","NIWO_061_169","2016-07-14","2016-08-11","LTR.2016.NIWO.03",28,"NEON.LTR.NIWO061169.20160811","NEON.DOC.001710vE","OK - Litter collected - Trap in good shape, no issues",,,"mwiebe@field-ops.org","bnance@field-ops.org"
"8d815102-b39f-4ca7-973c-76179be9593a","NIWO_062.basePlot.ltr","D13","NIWO","NIWO_062","NIWO_062_050","2016-07-14","2016-08-11","LTR.2016.NIWO.03",28,"NEON.LTR.NIWO062050.20160811","NEON.DOC.001710vE","OK - Litter collected - Trap in good shape, no issues",,,"pzerbe@field-ops.org","rshowalter@field-ops.org"
"0fdb48c0-c38c-434b-97b2-fdaada122ca7","NIWO_047.basePlot.ltr","D13","NIWO","NIWO_047","NIWO_047_197","2016-07-14","2016-08-11","LTR.2016.NIWO.03",28,"NEON.LTR.NIWO047197.20160811","NEON.DOC.001710vE","OK - Litter collected - Trap in good shape, no issues",,,"pzerbe@field-ops.org","rshowalter@field-ops.org"
