uid,namedLocation,domainID,siteID,plotID,trapID,setDate,collectDate,eventID,trappingDays,fieldSampleID,samplingProtocolVersion,trapCondition,toxicodendronPossible,remarks,measuredBy,recordedBy
"6814ac04-0a9a-4701-b3fe-5276807c2819","NIWO_057.basePlot.ltr","D13","NIWO","NIWO_057","NIWO_057_081","2016-09-08","2016-10-07","LTR.2016.NIWO.05",29,"NEON.LTR.NIWO057081.20161007","NEON.DOC.001710vE","OK - Litter collected - Trap in good shape, no issues",,,"glacivita@field-ops.org","skovach@field-ops.org"
"83af7c89-6b35-44d4-88c6-2fbc893f5dcd","NIWO_051.basePlot.ltr","D13","NIWO","NIWO_051","NIWO_051_045","2016-09-08","2016-10-07","LTR.2016.NIWO.05",29,"NEON.LTR.NIWO051045.20161007","NEON.DOC.001710vE","OK - Litter collected - Trap in good shape, no issues",,,"glacivita@field-ops.org","skovach@field-ops.org"
"15552e82-4904-41e9-a76d-d576b974e5e3","NIWO_040.basePlot.ltr","D13","NIWO","NIWO_040","NIWO_040_205","2016-09-08","2016-10-07","LTR.2016.NIWO.05",29,"NEON.LTR.NIWO040205.20161007","NEON.DOC.001710vE","OK - Litter collected - Trap in good shape, no issues",,,"glacivita@field-ops.org","skovach@field-ops.org"
"36e13027-34a6-41c7-b23c-54873c9a361b","NIWO_064.basePlot.ltr","D13","NIWO","NIWO_064","NIWO_064_103","2016-09-08","2016-10-07","LTR.2016.NIWO.05",29,"NEON.LTR.NIWO064103.20161007","NEON.DOC.001710vE","OK - Litter collected - Trap in good shape, no issues",,,"glacivita@field-ops.org","skovach@field-ops.org"
"c016119a-9943-4101-850b-764524ec113a","NIWO_061.basePlot.ltr","D13","NIWO","NIWO_061","NIWO_061_169","2016-09-08","2016-10-07","LTR.2016.NIWO.05",29,"NEON.LTR.NIWO061169.20161007","NEON.DOC.001710vE","OK - Litter collected - Trap in good shape, no issues",,,"glacivita@field-ops.org","skovach@field-ops.org"
"dabfaf70-1f07-4d06-bab5-cbc88b042c35","NIWO_063.basePlot.ltr","D13","NIWO","NIWO_063","NIWO_063_062","2016-09-08","2016-10-07","LTR.2016.NIWO.05",29,"NEON.LTR.NIWO063062.20161007","NEON.DOC.001710vE","OK - Litter collected - Trap in good shape, no issues",,,"glacivita@field-ops.org","pzerbe@field-ops.org"
"132384bb-09c3-43cb-aae7-58818fd240e7","NIWO_062.basePlot.ltr","D13","NIWO","NIWO_062","NIWO_062_050","2016-09-08","2016-10-07","LTR.2016.NIWO.05",29,"NEON.LTR.NIWO062050.20161007","NEON.DOC.001710vE","OK - Litter collected - Trap in good shape, no issues",,"SNOW","pzerbe@field-ops.org","bportilla@field-ops.org"
"ef3c86f3-94c3-4eac-9c4c-a705af746861","NIWO_041.basePlot.ltr","D13","NIWO","NIWO_041","NIWO_041_059","2016-09-08","2016-10-07","LTR.2016.NIWO.05",29,"NEON.LTR.NIWO041059.20161007","NEON.DOC.001710vE","OK - Litter collected - Trap in good shape, no issues",,"SNOW","pzerbe@field-ops.org","bportilla@field-ops.org"
"bf6ee9c0-76d8-43fb-88c4-d986463e0de3","NIWO_047.basePlot.ltr","D13","NIWO","NIWO_047","NIWO_047_197","2016-09-08","2016-10-07","LTR.2016.NIWO.05",29,"NEON.LTR.NIWO047197.20161007","NEON.DOC.001710vE","OK - Litter collected - Trap in good shape, no issues",,"SNOW","pzerbe@field-ops.org","bportilla@field-ops.org"
"211dd5df-0e33-4b3c-abc8-afd79a830ec8","NIWO_067.basePlot.ltr","D13","NIWO","NIWO_067","NIWO_067_017","2016-09-08","2016-10-07","LTR.2016.NIWO.05",29,"NEON.LTR.NIWO067017.20161007","NEON.DOC.001710vE","OK - Litter collected - Trap in good shape, no issues",,"SNOW","pzerbe@field-ops.org","bportilla@field-ops.org"
"96327674-d8a1-4582-a5a2-1f027894b476","NIWO_058.basePlot.ltr","D13","NIWO","NIWO_058","NIWO_058_101","2016-09-08","2016-10-07","LTR.2016.NIWO.05",29,"NEON.LTR.NIWO058101.20161007","NEON.DOC.001710vE","OK - Litter collected - Trap in good shape, no issues",,,"pzerbe@field-ops.org","bportilla@field-ops.org"
"c31c0e6a-25f4-44fd-bb72-84dafe2e8a1c","NIWO_046.basePlot.ltr","D13","NIWO","NIWO_046","NIWO_046_155","2016-09-08","2016-10-07","LTR.2016.NIWO.05",29,"NEON.LTR.NIWO046155.20161007","NEON.DOC.001710vE","OK - Litter collected - Trap in good shape, no issues",,,"glacivita@field-ops.org","skovach@field-ops.org"
