uid,namedLocation,domainID,siteID,plotID,trapID,weighDate,setDate,collectDate,ovenStartDate,ovenEndDate,fieldSampleID,massSampleID,samplingProtocolVersion,functionalGroup,dryMass,qaDryMass,remarks,measuredBy
"c01bf5dd-24dd-4cc6-a32d-3f69b07bf16f","NIWO_062.basePlot.ltr","D13","NIWO","NIWO_062","NIWO_062_050","2019-07-08","2018-09-27","2019-07-02","2019-07-02T22:45Z","2019-07-08T20:00Z","NEON.LTR.NIWO062050.20190702","NEON.LTR.NIWO062050.20190702.LVS","NEON.DOC.001710vE","Leaves",0.3800,"Y",,
"cb7628f6-d298-4c81-8fb8-d22cc2369052","NIWO_062.basePlot.ltr","D13","NIWO","NIWO_062","NIWO_062_050","2019-07-08","2018-09-27","2019-07-02","2019-07-02T22:45Z","2019-07-08T20:00Z","NEON.LTR.NIWO062050.20190702","NEON.LTR.NIWO062050.20190702.NDL","NEON.DOC.001710vE","Needles",6.0800,"N",,
"43ceb535-06bf-4592-999f-4da3f295f53d","NIWO_047.basePlot.ltr","D13","NIWO","NIWO_047","NIWO_047_197","2019-07-08","2018-09-27","2019-07-02","2019-07-02T22:45Z","2019-07-08T20:00Z","NEON.LTR.NIWO047197.20190702","NEON.LTR.NIWO047197.20190702.WDY","NEON.DOC.001710vE","Woody material",0.0050,"N",,
"e5c86293-a7b3-43c0-887a-05ee631449f1","NIWO_047.basePlot.ltr","D13","NIWO","NIWO_047","NIWO_047_197","2019-07-08","2018-09-27","2019-07-02","2019-07-02T22:45Z","2019-07-08T20:00Z","NEON.LTR.NIWO047197.20190702","NEON.LTR.NIWO047197.20190702.LVS","NEON.DOC.001710vE","Leaves",0.1100,"N",,
"d52037d1-bdb4-4e90-9d3f-d44cda031c5e","NIWO_047.basePlot.ltr","D13","NIWO","NIWO_047","NIWO_047_197","2019-07-08","2018-09-27","2019-07-02","2019-07-02T22:45Z","2019-07-08T20:00Z","NEON.LTR.NIWO047197.20190702","NEON.LTR.NIWO047197.20190702.OTH","NEON.DOC.001710vE","Other",0.0000,"N",,
"336cc624-cad5-47fc-85de-f92018098240","NIWO_047.basePlot.ltr","D13","NIWO","NIWO_047","NIWO_047_197","2019-07-08","2018-09-27","2019-07-02","2019-07-02T22:45Z","2019-07-08T20:00Z","NEON.LTR.NIWO047197.20190702","NEON.LTR.NIWO047197.20190702.TWI","NEON.DOC.001710vE","Twigs/branches",0.0050,"N",,
"7fb0e9e5-cde8-42f0-9d1d-d5ed435031c3","NIWO_047.basePlot.ltr","D13","NIWO","NIWO_047","NIWO_047_197","2019-07-08","2018-09-27","2019-07-02","2019-07-02T22:45Z","2019-07-08T20:00Z","NEON.LTR.NIWO047197.20190702","NEON.LTR.NIWO047197.20190702.MXT","NEON.DOC.001710vE","Mixed",0.5500,"N",,
"3b9164e3-aa02-47dd-8c8c-2cfd3437cd3b","NIWO_062.basePlot.ltr","D13","NIWO","NIWO_062","NIWO_062_050","2019-07-08","2018-09-27","2019-07-02","2019-07-02T22:45Z","2019-07-08T20:00Z","NEON.LTR.NIWO062050.20190702","NEON.LTR.NIWO062050.20190702.SDS","NEON.DOC.001710vE","Seeds",0.7300,"N",,
"12b190b9-8c77-4f29-976c-bc4ca5d64917","NIWO_062.basePlot.ltr","D13","NIWO","NIWO_062","NIWO_062_050","2019-07-08","2018-09-27","2019-07-02","2019-07-02T22:45Z","2019-07-08T20:00Z","NEON.LTR.NIWO062050.20190702","NEON.LTR.NIWO062050.20190702.OTH","NEON.DOC.001710vE","Other",0.0000,"N",,
"cea202b1-3e24-4df3-aed2-dc9d1bf18950","NIWO_047.basePlot.ltr","D13","NIWO","NIWO_047","NIWO_047_197","2019-07-08","2018-09-27","2019-07-02","2019-07-02T22:45Z","2019-07-08T20:00Z","NEON.LTR.NIWO047197.20190702","NEON.LTR.NIWO047197.20190702.NDL","NEON.DOC.001710vE","Needles",0.6300,"Y",,
"cbce79ae-f886-47c3-9759-dd659dd416be","NIWO_062.basePlot.ltr","D13","NIWO","NIWO_062","NIWO_062_050","2019-07-08","2018-09-27","2019-07-02","2019-07-02T22:45Z","2019-07-08T20:00Z","NEON.LTR.NIWO062050.20190702","NEON.LTR.NIWO062050.20190702.TWI","NEON.DOC.001710vE","Twigs/branches",0.2000,"N",,
"aa81a972-d4b7-4f19-924c-b1c7ade3b116","NIWO_062.basePlot.ltr","D13","NIWO","NIWO_062","NIWO_062_050","2019-07-08","2018-09-27","2019-07-02","2019-07-02T22:45Z","2019-07-08T20:00Z","NEON.LTR.NIWO062050.20190702","NEON.LTR.NIWO062050.20190702.MXT","NEON.DOC.001710vE","Mixed",2.3100,"N",,
"d5418ded-f2b0-4d4b-8b07-21843146c438","NIWO_062.basePlot.ltr","D13","NIWO","NIWO_062","NIWO_062_050","2019-07-08","2018-09-27","2019-07-02","2019-07-02T22:45Z","2019-07-08T20:00Z","NEON.LTR.NIWO062050.20190702","NEON.LTR.NIWO062050.20190702.FLR","NEON.DOC.001710vE","Flowers",0.0050,"N",,
"55753cf9-64d6-48fc-ae12-ce3842631ee7","NIWO_047.basePlot.ltr","D13","NIWO","NIWO_047","NIWO_047_197","2019-07-08","2018-09-27","2019-07-02","2019-07-02T22:45Z","2019-07-08T20:00Z","NEON.LTR.NIWO047197.20190702","NEON.LTR.NIWO047197.20190702.NDL","NEON.DOC.001710vE","Needles",0.6400,"N",,
"5b71b7dc-9a7a-4a92-b7c1-e2cfd05c7c58","NIWO_062.basePlot.ltr","D13","NIWO","NIWO_062","NIWO_062_050","2019-07-08","2018-09-27","2019-07-02","2019-07-02T22:45Z","2019-07-08T20:00Z","NEON.LTR.NIWO062050.20190702","NEON.LTR.NIWO062050.20190702.WDY","NEON.DOC.001710vE","Woody material",0.0000,"N",,
"1d4c0d21-96b7-4d1b-ae63-277181bd1157","NIWO_062.basePlot.ltr","D13","NIWO","NIWO_062","NIWO_062_050","2019-07-08","2018-09-27","2019-07-02","2019-07-02T22:45Z","2019-07-08T20:00Z","NEON.LTR.NIWO062050.20190702","NEON.LTR.NIWO062050.20190702.LVS","NEON.DOC.001710vE","Leaves",0.3900,"N",,
"bb8afe04-807f-4154-92c9-6330d0a3aa8a","NIWO_047.basePlot.ltr","D13","NIWO","NIWO_047","NIWO_047_197","2019-07-08","2018-09-27","2019-07-02","2019-07-02T22:45Z","2019-07-08T20:00Z","NEON.LTR.NIWO047197.20190702","NEON.LTR.NIWO047197.20190702.SDS","NEON.DOC.001710vE","Seeds",0.0050,"N",,
"527f28fb-6edf-4ec0-b706-0209f6665637","NIWO_047.basePlot.ltr","D13","NIWO","NIWO_047","NIWO_047_197","2019-07-08","2018-09-27","2019-07-02","2019-07-02T22:45Z","2019-07-08T20:00Z","NEON.LTR.NIWO047197.20190702","NEON.LTR.NIWO047197.20190702.FLR","NEON.DOC.001710vE","Flowers",0.0000,"N",,
"1f75b1ac-7add-42c6-9adf-bd86560f0367","NIWO_057.basePlot.ltr","D13","NIWO","NIWO_057","NIWO_057_081","2019-07-08","2018-10-25","2019-07-02","2019-07-02T22:45Z","2019-07-08T20:00Z","NEON.LTR.NIWO057081.20190702","NEON.LTR.NIWO057081.20190702.NDL","NEON.DOC.001710vE","Needles",8.0600,"N",,
"5cbd53d1-2ce2-4c02-8f3c-aac44195ea53","NIWO_063.basePlot.ltr","D13","NIWO","NIWO_063","NIWO_063_062","2019-07-08","2018-10-25","2019-07-02","2019-07-02T22:45Z","2019-07-08T20:00Z","NEON.LTR.NIWO063062.20190702","NEON.LTR.NIWO063062.20190702.NDL","NEON.DOC.001710vE","Needles",0.4700,"N",,
"72e85348-02e5-49be-8df4-98968578d1f5","NIWO_061.basePlot.ltr","D13","NIWO","NIWO_061","NIWO_061_169","2019-07-08","2018-10-25","2019-07-02","2019-07-02T22:45Z","2019-07-08T20:00Z","NEON.LTR.NIWO061169.20190702","NEON.LTR.NIWO061169.20190702.LVS","NEON.DOC.001710vE","Leaves",0.0000,"N",,
"d5c9d7f9-fc52-407a-ab96-495265b2f9db","NIWO_057.basePlot.ltr","D13","NIWO","NIWO_057","NIWO_057_081","2019-07-08","2018-10-25","2019-07-02","2019-07-02T22:45Z","2019-07-08T20:00Z","NEON.LTR.NIWO057081.20190702","NEON.LTR.NIWO057081.20190702.FLR","NEON.DOC.001710vE","Flowers",0.2200,"N",,
"c526b22d-fcd7-46db-8e2a-8504872c62b6","NIWO_058.basePlot.ltr","D13","NIWO","NIWO_058","NIWO_058_101","2019-07-08","2018-10-25","2019-07-02","2019-07-02T22:45Z","2019-07-08T20:00Z","NEON.LTR.NIWO058101.20190702","NEON.LTR.NIWO058101.20190702.WDY","NEON.DOC.001710vE","Woody material",0.0200,"N",,
"3f1cb683-62d4-4a36-9b9e-706f6708ed53","NIWO_063.basePlot.ltr","D13","NIWO","NIWO_063","NIWO_063_062","2019-07-08","2018-10-25","2019-07-02","2019-07-02T22:45Z","2019-07-08T20:00Z","NEON.LTR.NIWO063062.20190702","NEON.LTR.NIWO063062.20190702.MXT","NEON.DOC.001710vE","Mixed",0.1500,"N",,
"008c82b4-9572-4772-acfe-3137daeede85","NIWO_057.basePlot.ltr","D13","NIWO","NIWO_057","NIWO_057_081","2019-07-08","2018-10-25","2019-07-02","2019-07-02T22:45Z","2019-07-08T20:00Z","NEON.LTR.NIWO057081.20190702","NEON.LTR.NIWO057081.20190702.TWI","NEON.DOC.001710vE","Twigs/branches",2.0000,"N",,
"2d16d618-3657-43fc-be11-9474741e3c8b","NIWO_061.basePlot.ltr","D13","NIWO","NIWO_061","NIWO_061_169","2019-07-08","2018-10-25","2019-07-02","2019-07-02T22:45Z","2019-07-08T20:00Z","NEON.LTR.NIWO061169.20190702","NEON.LTR.NIWO061169.20190702.NDL","NEON.DOC.001710vE","Needles",8.8600,"N",,
"e690e834-2dea-471e-b7b4-116477cfec5f","NIWO_058.basePlot.ltr","D13","NIWO","NIWO_058","NIWO_058_101","2019-07-08","2018-10-25","2019-07-02","2019-07-02T22:45Z","2019-07-08T20:00Z","NEON.LTR.NIWO058101.20190702","NEON.LTR.NIWO058101.20190702.SDS","NEON.DOC.001710vE","Seeds",0.0050,"Y",,
"23ef923c-8747-45a1-bcd0-2e9be9d0feb1","NIWO_058.basePlot.ltr","D13","NIWO","NIWO_058","NIWO_058_101","2019-07-08","2018-10-25","2019-07-02","2019-07-02T22:45Z","2019-07-08T20:00Z","NEON.LTR.NIWO058101.20190702","NEON.LTR.NIWO058101.20190702.SDS","NEON.DOC.001710vE","Seeds",0.0050,"N",,
"dd247bec-5475-4d1f-b068-1aba8d6a665d","NIWO_061.basePlot.ltr","D13","NIWO","NIWO_061","NIWO_061_169","2019-07-08","2018-10-25","2019-07-02","2019-07-02T22:45Z","2019-07-08T20:00Z","NEON.LTR.NIWO061169.20190702","NEON.LTR.NIWO061169.20190702.OTH","NEON.DOC.001710vE","Other",0.0050,"N",,
"060a5071-adb1-400a-9790-52c4329e1869","NIWO_063.basePlot.ltr","D13","NIWO","NIWO_063","NIWO_063_062","2019-07-08","2018-10-25","2019-07-02","2019-07-02T22:45Z","2019-07-08T20:00Z","NEON.LTR.NIWO063062.20190702","NEON.LTR.NIWO063062.20190702.LVS","NEON.DOC.001710vE","Leaves",0.0050,"N",,
"8e5b0122-8a20-4093-887a-818b14e91115","NIWO_061.basePlot.ltr","D13","NIWO","NIWO_061","NIWO_061_169","2019-07-08","2018-10-25","2019-07-02","2019-07-02T22:45Z","2019-07-08T20:00Z","NEON.LTR.NIWO061169.20190702","NEON.LTR.NIWO061169.20190702.SDS","NEON.DOC.001710vE","Seeds",0.0050,"N",,
"4eb93491-30db-41ba-a343-ca563292f05c","NIWO_061.basePlot.ltr","D13","NIWO","NIWO_061","NIWO_061_169","2019-07-08","2018-10-25","2019-07-02","2019-07-02T22:45Z","2019-07-08T20:00Z","NEON.LTR.NIWO061169.20190702","NEON.LTR.NIWO061169.20190702.WDY","NEON.DOC.001710vE","Woody material",1.2900,"N",,
"611259fd-8d0d-4a95-8a05-037729b00a24","NIWO_063.basePlot.ltr","D13","NIWO","NIWO_063","NIWO_063_062","2019-07-08","2018-10-25","2019-07-02","2019-07-02T22:45Z","2019-07-08T20:00Z","NEON.LTR.NIWO063062.20190702","NEON.LTR.NIWO063062.20190702.TWI","NEON.DOC.001710vE","Twigs/branches",0.0100,"N",,
"7010c6dd-ee30-43b7-8514-b82c74a86b5f","NIWO_061.basePlot.ltr","D13","NIWO","NIWO_061","NIWO_061_169","2019-07-08","2018-10-25","2019-07-02","2019-07-02T22:45Z","2019-07-08T20:00Z","NEON.LTR.NIWO061169.20190702","NEON.LTR.NIWO061169.20190702.FLR","NEON.DOC.001710vE","Flowers",0.0400,"N",,
"055552b7-a560-4447-aa19-9b5ff6a43fc4","NIWO_063.basePlot.ltr","D13","NIWO","NIWO_063","NIWO_063_062","2019-07-08","2018-10-25","2019-07-02","2019-07-02T22:45Z","2019-07-08T20:00Z","NEON.LTR.NIWO063062.20190702","NEON.LTR.NIWO063062.20190702.OTH","NEON.DOC.001710vE","Other",0.0050,"N",,
"b2366fa5-c8a8-4a3e-bfb4-f1d3ed0cc795","NIWO_057.basePlot.ltr","D13","NIWO","NIWO_057","NIWO_057_081","2019-07-08","2018-10-25","2019-07-02","2019-07-02T22:45Z","2019-07-08T20:00Z","NEON.LTR.NIWO057081.20190702","NEON.LTR.NIWO057081.20190702.OTH","NEON.DOC.001710vE","Other",0.0700,"N",,
"287dd9d4-c0f7-4b63-8e18-c992f80eca0c","NIWO_057.basePlot.ltr","D13","NIWO","NIWO_057","NIWO_057_081","2019-07-08","2018-10-25","2019-07-02","2019-07-02T22:45Z","2019-07-08T20:00Z","NEON.LTR.NIWO057081.20190702","NEON.LTR.NIWO057081.20190702.WDY","NEON.DOC.001710vE","Woody material",0.1200,"Y",,
"4cf24143-b8a5-42ea-bba0-a1f95d74bc8e","NIWO_057.basePlot.ltr","D13","NIWO","NIWO_057","NIWO_057_081","2019-07-08","2018-10-25","2019-07-02","2019-07-02T22:45Z","2019-07-08T20:00Z","NEON.LTR.NIWO057081.20190702","NEON.LTR.NIWO057081.20190702.MXT","NEON.DOC.001710vE","Mixed",1.6300,"N",,
"381a5f07-6824-46e3-8789-8819c06dc64c","NIWO_058.basePlot.ltr","D13","NIWO","NIWO_058","NIWO_058_101","2019-07-08","2018-10-25","2019-07-02","2019-07-02T22:45Z","2019-07-08T20:00Z","NEON.LTR.NIWO058101.20190702","NEON.LTR.NIWO058101.20190702.MXT","NEON.DOC.001710vE","Mixed",0.1000,"N",,
"ed9500ca-76ae-47e8-8539-033bcba40e8d","NIWO_057.basePlot.ltr","D13","NIWO","NIWO_057","NIWO_057_081","2019-07-08","2018-10-25","2019-07-02","2019-07-02T22:45Z","2019-07-08T20:00Z","NEON.LTR.NIWO057081.20190702","NEON.LTR.NIWO057081.20190702.WDY","NEON.DOC.001710vE","Woody material",0.1100,"N",,
"83f4bff2-0989-45e0-bc64-34840255fdc3","NIWO_061.basePlot.ltr","D13","NIWO","NIWO_061","NIWO_061_169","2019-07-08","2018-10-25","2019-07-02","2019-07-02T22:45Z","2019-07-08T20:00Z","NEON.LTR.NIWO061169.20190702","NEON.LTR.NIWO061169.20190702.TWI","NEON.DOC.001710vE","Twigs/branches",1.4700,"Y",,
"f8da9fb5-f0bb-462f-af64-f30004b84568","NIWO_063.basePlot.ltr","D13","NIWO","NIWO_063","NIWO_063_062","2019-07-08","2018-10-25","2019-07-02","2019-07-02T22:45Z","2019-07-08T20:00Z","NEON.LTR.NIWO063062.20190702","NEON.LTR.NIWO063062.20190702.LVS","NEON.DOC.001710vE","Leaves",0.0050,"Y",,
"ca6e83e4-2584-4258-a5b6-5c39cc56ac21","NIWO_063.basePlot.ltr","D13","NIWO","NIWO_063","NIWO_063_062","2019-07-08","2018-10-25","2019-07-02","2019-07-02T22:45Z","2019-07-08T20:00Z","NEON.LTR.NIWO063062.20190702","NEON.LTR.NIWO063062.20190702.WDY","NEON.DOC.001710vE","Woody material",1.9600,"N",,
"64c69197-3e4d-4df8-947a-b993c56e1d1a","NIWO_057.basePlot.ltr","D13","NIWO","NIWO_057","NIWO_057_081","2019-07-08","2018-10-25","2019-07-02","2019-07-02T22:45Z","2019-07-08T20:00Z","NEON.LTR.NIWO057081.20190702","NEON.LTR.NIWO057081.20190702.LVS","NEON.DOC.001710vE","Leaves",0.0000,"N",,
"f36d4e43-9aaa-49e0-a347-fbb6ef6ac1c4","NIWO_058.basePlot.ltr","D13","NIWO","NIWO_058","NIWO_058_101","2019-07-08","2018-10-25","2019-07-02","2019-07-02T22:45Z","2019-07-08T20:00Z","NEON.LTR.NIWO058101.20190702","NEON.LTR.NIWO058101.20190702.TWI","NEON.DOC.001710vE","Twigs/branches",0.0000,"N",,
"28ccfe42-1977-4f07-8c21-2f21d03966cc","NIWO_061.basePlot.ltr","D13","NIWO","NIWO_061","NIWO_061_169","2019-07-08","2018-10-25","2019-07-02","2019-07-02T22:45Z","2019-07-08T20:00Z","NEON.LTR.NIWO061169.20190702","NEON.LTR.NIWO061169.20190702.MXT","NEON.DOC.001710vE","Mixed",0.5800,"N",,
"745f06bc-f349-4204-b606-cc23dea5c2e4","NIWO_058.basePlot.ltr","D13","NIWO","NIWO_058","NIWO_058_101","2019-07-08","2018-10-25","2019-07-02","2019-07-02T22:45Z","2019-07-08T20:00Z","NEON.LTR.NIWO058101.20190702","NEON.LTR.NIWO058101.20190702.OTH","NEON.DOC.001710vE","Other",0.0000,"N",,
"855026af-59c3-49b8-b675-930ad17dbff2","NIWO_063.basePlot.ltr","D13","NIWO","NIWO_063","NIWO_063_062","2019-07-08","2018-10-25","2019-07-02","2019-07-02T22:45Z","2019-07-08T20:00Z","NEON.LTR.NIWO063062.20190702","NEON.LTR.NIWO063062.20190702.SDS","NEON.DOC.001710vE","Seeds",0.0100,"N",,
"90e9038a-2497-405b-9384-f7d27105541a","NIWO_058.basePlot.ltr","D13","NIWO","NIWO_058","NIWO_058_101","2019-07-08","2018-10-25","2019-07-02","2019-07-02T22:45Z","2019-07-08T20:00Z","NEON.LTR.NIWO058101.20190702","NEON.LTR.NIWO058101.20190702.FLR","NEON.DOC.001710vE","Flowers",0.0050,"N",,
"4446cb69-9ab6-4526-979e-0c21beb3df13","NIWO_063.basePlot.ltr","D13","NIWO","NIWO_063","NIWO_063_062","2019-07-08","2018-10-25","2019-07-02","2019-07-02T22:45Z","2019-07-08T20:00Z","NEON.LTR.NIWO063062.20190702","NEON.LTR.NIWO063062.20190702.FLR","NEON.DOC.001710vE","Flowers",0.0000,"N",,
"60006300-cc41-483d-b997-f88eb2b9f8d1","NIWO_058.basePlot.ltr","D13","NIWO","NIWO_058","NIWO_058_101","2019-07-08","2018-10-25","2019-07-02","2019-07-02T22:45Z","2019-07-08T20:00Z","NEON.LTR.NIWO058101.20190702","NEON.LTR.NIWO058101.20190702.LVS","NEON.DOC.001710vE","Leaves",0.0050,"N",,
"947b07a6-87d1-4e68-8386-a0e69f25e7b8","NIWO_058.basePlot.ltr","D13","NIWO","NIWO_058","NIWO_058_101","2019-07-08","2018-10-25","2019-07-02","2019-07-02T22:45Z","2019-07-08T20:00Z","NEON.LTR.NIWO058101.20190702","NEON.LTR.NIWO058101.20190702.NDL","NEON.DOC.001710vE","Needles",1.4500,"N",,
"2fcb6b43-c1bc-41cf-bdfa-225418244c7f","NIWO_057.basePlot.ltr","D13","NIWO","NIWO_057","NIWO_057_081","2019-07-08","2018-10-25","2019-07-02","2019-07-02T22:45Z","2019-07-08T20:00Z","NEON.LTR.NIWO057081.20190702","NEON.LTR.NIWO057081.20190702.NDL","NEON.DOC.001710vE","Needles",8.0600,"Y",,
"8cee39df-e4f1-420c-ae7c-687d032690cd","NIWO_061.basePlot.ltr","D13","NIWO","NIWO_061","NIWO_061_169","2019-07-08","2018-10-25","2019-07-02","2019-07-02T22:45Z","2019-07-08T20:00Z","NEON.LTR.NIWO061169.20190702","NEON.LTR.NIWO061169.20190702.TWI","NEON.DOC.001710vE","Twigs/branches",1.4800,"N",,
"17ed76ed-b9bd-4d0a-9468-08cd3101512a","NIWO_057.basePlot.ltr","D13","NIWO","NIWO_057","NIWO_057_081","2019-07-08","2018-10-25","2019-07-02","2019-07-02T22:45Z","2019-07-08T20:00Z","NEON.LTR.NIWO057081.20190702","NEON.LTR.NIWO057081.20190702.SDS","NEON.DOC.001710vE","Seeds",0.0300,"N",,
"c6555010-a6ed-4c26-9779-22625a5fef98","NIWO_046.basePlot.ltr","D13","NIWO","NIWO_046","NIWO_046_155","2019-08-06","2018-10-25","2019-07-31","2019-07-31T22:00Z","2019-08-06T16:43Z","NEON.LTR.NIWO046155.20190731","NEON.LTR.NIWO046155.20190731.FLR","NEON.DOC.001710vE","Flowers",0.0050,"N",,
"d95f1996-6717-450a-9596-640dbe696451","NIWO_067.basePlot.ltr","D13","NIWO","NIWO_067","NIWO_067_017","2019-08-06","2018-10-25","2019-07-31","2019-07-31T22:00Z","2019-08-06T17:18Z","NEON.LTR.NIWO067017.20190731","NEON.LTR.NIWO067017.20190731.MXT","NEON.DOC.001710vE","Mixed",5.9300,"Y",,
"122ec200-3277-4e53-b92e-4f77c24f0b64","NIWO_046.basePlot.ltr","D13","NIWO","NIWO_046","NIWO_046_155","2019-08-06","2018-10-25","2019-07-31","2019-07-31T22:00Z","2019-08-06T16:43Z","NEON.LTR.NIWO046155.20190731","NEON.LTR.NIWO046155.20190731.MXT","NEON.DOC.001710vE","Mixed",2.3700,"N",,
"897cd10e-abd8-46f8-a265-5d89c59226e4","NIWO_041.basePlot.ltr","D13","NIWO","NIWO_041","NIWO_041_059","2019-08-06","2018-10-25","2019-07-31","2019-07-31T22:00Z","2019-08-06T16:37Z","NEON.LTR.NIWO041059.20190731","NEON.LTR.NIWO041059.20190731.MXT","NEON.DOC.001710vE","Mixed",24.6000,"N",,
"347041ef-e61d-42b8-9fa0-9a02d631d128","NIWO_067.basePlot.ltr","D13","NIWO","NIWO_067","NIWO_067_017","2019-08-06","2018-10-25","2019-07-31","2019-07-31T22:00Z","2019-08-06T17:18Z","NEON.LTR.NIWO067017.20190731","NEON.LTR.NIWO067017.20190731.OTH","NEON.DOC.001710vE","Other",0.0000,"N",,
"93686c06-b9af-4c80-996c-6cb4cabb7049","NIWO_041.basePlot.ltr","D13","NIWO","NIWO_041","NIWO_041_059","2019-08-06","2018-10-25","2019-07-31","2019-07-31T22:00Z","2019-08-06T16:37Z","NEON.LTR.NIWO041059.20190731","NEON.LTR.NIWO041059.20190731.TWI","NEON.DOC.001710vE","Twigs/branches",2.7800,"N",,
"84aa5c89-28f5-4c55-aa5d-97a85de345fe","NIWO_067.basePlot.ltr","D13","NIWO","NIWO_067","NIWO_067_017","2019-08-06","2018-10-25","2019-07-31","2019-07-31T22:00Z","2019-08-06T17:18Z","NEON.LTR.NIWO067017.20190731","NEON.LTR.NIWO067017.20190731.LVS","NEON.DOC.001710vE","Leaves",0.0800,"N",,
"00f1e560-44dd-4a9a-b26d-ebbe68ebde16","NIWO_041.basePlot.ltr","D13","NIWO","NIWO_041","NIWO_041_059","2019-08-06","2018-10-25","2019-07-31","2019-07-31T22:00Z","2019-08-06T16:37Z","NEON.LTR.NIWO041059.20190731","NEON.LTR.NIWO041059.20190731.TWI","NEON.DOC.001710vE","Twigs/branches",2.8200,"Y",,
"ab0ac94d-bb9e-4fda-8944-99dc2dd522e2","NIWO_041.basePlot.ltr","D13","NIWO","NIWO_041","NIWO_041_059","2019-08-06","2018-10-25","2019-07-31","2019-07-31T22:00Z","2019-08-06T16:37Z","NEON.LTR.NIWO041059.20190731","NEON.LTR.NIWO041059.20190731.FLR","NEON.DOC.001710vE","Flowers",0.0500,"N",,
"9070005a-268e-46cb-a22d-6c0efaf2f0d9","NIWO_046.basePlot.ltr","D13","NIWO","NIWO_046","NIWO_046_155","2019-08-06","2018-10-25","2019-07-31","2019-07-31T22:00Z","2019-08-06T16:43Z","NEON.LTR.NIWO046155.20190731","NEON.LTR.NIWO046155.20190731.LVS","NEON.DOC.001710vE","Leaves",0.0050,"N",,
"42ee5a39-7185-42f2-b0e2-4869b2057e57","NIWO_041.basePlot.ltr","D13","NIWO","NIWO_041","NIWO_041_059","2019-08-06","2018-10-25","2019-07-31","2019-07-31T22:00Z","2019-08-06T16:37Z","NEON.LTR.NIWO041059.20190731","NEON.LTR.NIWO041059.20190731.LVS","NEON.DOC.001710vE","Leaves",0.0200,"N",,
"48178899-7211-41cf-a0ff-52b1d42de906","NIWO_046.basePlot.ltr","D13","NIWO","NIWO_046","NIWO_046_155","2019-08-06","2018-10-25","2019-07-31","2019-07-31T22:00Z","2019-08-06T16:43Z","NEON.LTR.NIWO046155.20190731","NEON.LTR.NIWO046155.20190731.TWI","NEON.DOC.001710vE","Twigs/branches",1.2000,"N",,
"5da5b14f-810a-4224-b2c6-f620d17257a0","NIWO_067.basePlot.ltr","D13","NIWO","NIWO_067","NIWO_067_017","2019-08-06","2018-10-25","2019-07-31","2019-07-31T22:00Z","2019-08-06T17:18Z","NEON.LTR.NIWO067017.20190731","NEON.LTR.NIWO067017.20190731.MXT","NEON.DOC.001710vE","Mixed",5.9300,"N",,
"b95b31c7-cd1b-4b77-aaaf-a069f769b38a","NIWO_041.basePlot.ltr","D13","NIWO","NIWO_041","NIWO_041_059","2019-08-06","2018-10-25","2019-07-31","2019-07-31T22:00Z","2019-08-06T16:37Z","NEON.LTR.NIWO041059.20190731","NEON.LTR.NIWO041059.20190731.LVS","NEON.DOC.001710vE","Leaves",0.0200,"Y",,
"e4f3ccfb-208b-479e-a642-efae8aa5713a","NIWO_067.basePlot.ltr","D13","NIWO","NIWO_067","NIWO_067_017","2019-08-06","2018-10-25","2019-07-31","2019-07-31T22:00Z","2019-08-06T17:18Z","NEON.LTR.NIWO067017.20190731","NEON.LTR.NIWO067017.20190731.SDS","NEON.DOC.001710vE","Seeds",0.0000,"N",,
"d23c77d2-a34a-41bc-b386-2d5079921633","NIWO_067.basePlot.ltr","D13","NIWO","NIWO_067","NIWO_067_017","2019-08-06","2018-10-25","2019-07-31","2019-07-31T22:00Z","2019-08-06T17:18Z","NEON.LTR.NIWO067017.20190731","NEON.LTR.NIWO067017.20190731.FLR","NEON.DOC.001710vE","Flowers",0.0800,"N",,
"c88c42d7-fd4e-40a3-9c98-2767b5b99e54","NIWO_046.basePlot.ltr","D13","NIWO","NIWO_046","NIWO_046_155","2019-08-06","2018-10-25","2019-07-31","2019-07-31T22:00Z","2019-08-06T16:43Z","NEON.LTR.NIWO046155.20190731","NEON.LTR.NIWO046155.20190731.WDY","NEON.DOC.001710vE","Woody material",0.0600,"Y",,
"70ae04e8-d3e5-45d8-8b8c-c7a7a54819b4","NIWO_046.basePlot.ltr","D13","NIWO","NIWO_046","NIWO_046_155","2019-08-06","2018-10-25","2019-07-31","2019-07-31T22:00Z","2019-08-06T16:43Z","NEON.LTR.NIWO046155.20190731","NEON.LTR.NIWO046155.20190731.NDL","NEON.DOC.001710vE","Needles",8.5600,"N",,
"24c0e99e-0f90-4cc6-a3e4-fc032b1633d5","NIWO_041.basePlot.ltr","D13","NIWO","NIWO_041","NIWO_041_059","2019-08-06","2018-10-25","2019-07-31","2019-07-31T22:00Z","2019-08-06T16:37Z","NEON.LTR.NIWO041059.20190731","NEON.LTR.NIWO041059.20190731.WDY","NEON.DOC.001710vE","Woody material",0.3300,"N",,
"92fea8b8-9b93-4b08-a8b5-6b1447d28760","NIWO_046.basePlot.ltr","D13","NIWO","NIWO_046","NIWO_046_155","2019-08-06","2018-10-25","2019-07-31","2019-07-31T22:00Z","2019-08-06T16:43Z","NEON.LTR.NIWO046155.20190731","NEON.LTR.NIWO046155.20190731.SDS","NEON.DOC.001710vE","Seeds",0.0050,"N",,
"3816e67b-e36a-4fca-a9bf-8b87f8028719","NIWO_067.basePlot.ltr","D13","NIWO","NIWO_067","NIWO_067_017","2019-08-06","2018-10-25","2019-07-31","2019-07-31T22:00Z","2019-08-06T17:18Z","NEON.LTR.NIWO067017.20190731","NEON.LTR.NIWO067017.20190731.NDL","NEON.DOC.001710vE","Needles",3.9100,"N",,
"ac270fdd-f9a9-468d-8764-24530494eb04","NIWO_067.basePlot.ltr","D13","NIWO","NIWO_067","NIWO_067_017","2019-08-06","2018-10-25","2019-07-31","2019-07-31T22:00Z","2019-08-06T17:18Z","NEON.LTR.NIWO067017.20190731","NEON.LTR.NIWO067017.20190731.TWI","NEON.DOC.001710vE","Twigs/branches",1.1800,"N",,
"e23b58aa-7420-46f8-b770-662890284943","NIWO_067.basePlot.ltr","D13","NIWO","NIWO_067","NIWO_067_017","2019-08-06","2018-10-25","2019-07-31","2019-07-31T22:00Z","2019-08-06T17:18Z","NEON.LTR.NIWO067017.20190731","NEON.LTR.NIWO067017.20190731.WDY","NEON.DOC.001710vE","Woody material",0.0050,"N",,
"cdf7a30f-eeae-4f58-b11f-a9f864faf4a1","NIWO_046.basePlot.ltr","D13","NIWO","NIWO_046","NIWO_046_155","2019-08-06","2018-10-25","2019-07-31","2019-07-31T22:00Z","2019-08-06T16:43Z","NEON.LTR.NIWO046155.20190731","NEON.LTR.NIWO046155.20190731.WDY","NEON.DOC.001710vE","Woody material",0.0700,"N",,
"0ccd7627-2d33-43f4-950a-677ec6ce9cde","NIWO_046.basePlot.ltr","D13","NIWO","NIWO_046","NIWO_046_155","2019-08-06","2018-10-25","2019-07-31","2019-07-31T22:00Z","2019-08-06T16:43Z","NEON.LTR.NIWO046155.20190731","NEON.LTR.NIWO046155.20190731.OTH","NEON.DOC.001710vE","Other",0.0000,"N",,
"2fcefd0f-1a0f-4726-879f-800998704191","NIWO_041.basePlot.ltr","D13","NIWO","NIWO_041","NIWO_041_059","2019-08-06","2018-10-25","2019-07-31","2019-07-31T22:00Z","2019-08-06T16:37Z","NEON.LTR.NIWO041059.20190731","NEON.LTR.NIWO041059.20190731.NDL","NEON.DOC.001710vE","Needles",14.7500,"N",,
"44f67fcc-cbec-4149-a944-a75d3b90d23b","NIWO_041.basePlot.ltr","D13","NIWO","NIWO_041","NIWO_041_059","2019-08-06","2018-10-25","2019-07-31","2019-07-31T22:00Z","2019-08-06T16:37Z","NEON.LTR.NIWO041059.20190731","NEON.LTR.NIWO041059.20190731.OTH","NEON.DOC.001710vE","Other",0.0000,"N",,
"25d8c17e-a1fb-4e78-9a5f-848995913b83","NIWO_041.basePlot.ltr","D13","NIWO","NIWO_041","NIWO_041_059","2019-08-06","2018-10-25","2019-07-31","2019-07-31T22:00Z","2019-08-06T16:37Z","NEON.LTR.NIWO041059.20190731","NEON.LTR.NIWO041059.20190731.SDS","NEON.DOC.001710vE","Seeds",0.0050,"N",,
"2fc893da-b0e9-499e-a5f9-a52e3d3b9d32","NIWO_040.basePlot.ltr","D13","NIWO","NIWO_040","NIWO_040_205","2019-07-08","2018-11-21","2019-07-02","2019-07-02T22:45Z","2019-07-08T20:00Z","NEON.LTR.NIWO040205.20190702","NEON.LTR.NIWO040205.20190702.FLR","NEON.DOC.001710vE","Flowers",0.1600,"N",,
"7acbcd87-ce62-45a6-9f11-5cefe9259f8f","NIWO_040.basePlot.ltr","D13","NIWO","NIWO_040","NIWO_040_205","2019-07-08","2018-11-21","2019-07-02","2019-07-02T22:45Z","2019-07-08T20:00Z","NEON.LTR.NIWO040205.20190702","NEON.LTR.NIWO040205.20190702.MXT","NEON.DOC.001710vE","Mixed",4.1000,"N",,
"9c1305c1-f0f0-485e-89c3-40625f2593ec","NIWO_040.basePlot.ltr","D13","NIWO","NIWO_040","NIWO_040_205","2019-07-08","2018-11-21","2019-07-02","2019-07-02T22:45Z","2019-07-08T20:00Z","NEON.LTR.NIWO040205.20190702","NEON.LTR.NIWO040205.20190702.LVS","NEON.DOC.001710vE","Leaves",0.0000,"N",,
"f262ff26-ec4e-4ab1-8324-6f13af2b4ad1","NIWO_040.basePlot.ltr","D13","NIWO","NIWO_040","NIWO_040_205","2019-07-08","2018-11-21","2019-07-02","2019-07-02T22:45Z","2019-07-08T20:00Z","NEON.LTR.NIWO040205.20190702","NEON.LTR.NIWO040205.20190702.OTH","NEON.DOC.001710vE","Other",0.0200,"N",,
"ec557e7e-4d05-4848-b8fc-dff772798d0f","NIWO_040.basePlot.ltr","D13","NIWO","NIWO_040","NIWO_040_205","2019-07-08","2018-11-21","2019-07-02","2019-07-02T22:45Z","2019-07-08T20:00Z","NEON.LTR.NIWO040205.20190702","NEON.LTR.NIWO040205.20190702.TWI","NEON.DOC.001710vE","Twigs/branches",3.2000,"N",,
"5e2532c4-db8f-4bae-b61b-ebfba27b9777","NIWO_040.basePlot.ltr","D13","NIWO","NIWO_040","NIWO_040_205","2019-07-08","2018-11-21","2019-07-02","2019-07-02T22:45Z","2019-07-08T20:00Z","NEON.LTR.NIWO040205.20190702","NEON.LTR.NIWO040205.20190702.WDY","NEON.DOC.001710vE","Woody material",0.4400,"Y",,
"e6a8cad3-94ff-46ab-ac11-7c6c10e1ca62","NIWO_040.basePlot.ltr","D13","NIWO","NIWO_040","NIWO_040_205","2019-07-08","2018-11-21","2019-07-02","2019-07-02T22:45Z","2019-07-08T20:00Z","NEON.LTR.NIWO040205.20190702","NEON.LTR.NIWO040205.20190702.WDY","NEON.DOC.001710vE","Woody material",0.4400,"N",,
"4a5db7e3-99e8-46f9-853b-a6b24af5eda4","NIWO_040.basePlot.ltr","D13","NIWO","NIWO_040","NIWO_040_205","2019-07-08","2018-11-21","2019-07-02","2019-07-02T22:45Z","2019-07-08T20:00Z","NEON.LTR.NIWO040205.20190702","NEON.LTR.NIWO040205.20190702.SDS","NEON.DOC.001710vE","Seeds",0.1000,"N",,
"266f9aba-1928-4a24-8fea-9511e563cfc4","NIWO_040.basePlot.ltr","D13","NIWO","NIWO_040","NIWO_040_205","2019-07-08","2018-11-21","2019-07-02","2019-07-02T22:45Z","2019-07-08T20:00Z","NEON.LTR.NIWO040205.20190702","NEON.LTR.NIWO040205.20190702.NDL","NEON.DOC.001710vE","Needles",5.8700,"N",,
"26a59266-8773-4a78-8d91-0ad75bf2c798","NIWO_064.basePlot.ltr","D13","NIWO","NIWO_064","NIWO_064_103","2019-07-08","2019-06-05","2019-07-02","2019-07-02T22:45Z","2019-07-08T20:00Z","NEON.LTR.NIWO064103.20190702","NEON.LTR.NIWO064103.20190702.WDY","NEON.DOC.001710vE","Woody material",0.0050,"N",,
"2819883e-c5f8-483b-86fd-a739fdba42f5","NIWO_064.basePlot.ltr","D13","NIWO","NIWO_064","NIWO_064_103","2019-07-08","2019-06-05","2019-07-02","2019-07-02T22:45Z","2019-07-08T20:00Z","NEON.LTR.NIWO064103.20190702","NEON.LTR.NIWO064103.20190702.TWI","NEON.DOC.001710vE","Twigs/branches",0.0000,"N",,
"90715c3b-56fb-4d25-b92e-2763ef4b515e","NIWO_064.basePlot.ltr","D13","NIWO","NIWO_064","NIWO_064_103","2019-07-08","2019-06-05","2019-07-02","2019-07-02T22:45Z","2019-07-08T20:00Z","NEON.LTR.NIWO064103.20190702","NEON.LTR.NIWO064103.20190702.SDS","NEON.DOC.001710vE","Seeds",0.0050,"N",,
"993854a9-cc79-42da-8b41-a511a2e737d1","NIWO_064.basePlot.ltr","D13","NIWO","NIWO_064","NIWO_064_103","2019-07-08","2019-06-05","2019-07-02","2019-07-02T22:45Z","2019-07-08T20:00Z","NEON.LTR.NIWO064103.20190702","NEON.LTR.NIWO064103.20190702.OTH","NEON.DOC.001710vE","Other",0.0000,"N",,
"a540bb68-fbdf-4860-8681-c2b07672ae82","NIWO_064.basePlot.ltr","D13","NIWO","NIWO_064","NIWO_064_103","2019-07-08","2019-06-05","2019-07-02","2019-07-02T22:45Z","2019-07-08T20:00Z","NEON.LTR.NIWO064103.20190702","NEON.LTR.NIWO064103.20190702.MXT","NEON.DOC.001710vE","Mixed",0.0500,"N",,
"c840263f-9a7b-4c8b-8453-c7073112333d","NIWO_064.basePlot.ltr","D13","NIWO","NIWO_064","NIWO_064_103","2019-07-08","2019-06-05","2019-07-02","2019-07-02T22:45Z","2019-07-08T20:00Z","NEON.LTR.NIWO064103.20190702","NEON.LTR.NIWO064103.20190702.NDL","NEON.DOC.001710vE","Needles",1.7700,"Y",,
"a6d7b71c-59f3-4a6a-9621-4e25c35b2115","NIWO_064.basePlot.ltr","D13","NIWO","NIWO_064","NIWO_064_103","2019-07-08","2019-06-05","2019-07-02","2019-07-02T22:45Z","2019-07-08T20:00Z","NEON.LTR.NIWO064103.20190702","NEON.LTR.NIWO064103.20190702.FLR","NEON.DOC.001710vE","Flowers",0.0050,"Y",,
"c46e2644-3248-4885-84e3-3124db563013","NIWO_064.basePlot.ltr","D13","NIWO","NIWO_064","NIWO_064_103","2019-07-08","2019-06-05","2019-07-02","2019-07-02T22:45Z","2019-07-08T20:00Z","NEON.LTR.NIWO064103.20190702","NEON.LTR.NIWO064103.20190702.NDL","NEON.DOC.001710vE","Needles",1.7800,"N",,
"7b9be4f2-c023-4caa-bee1-6b687e30971f","NIWO_064.basePlot.ltr","D13","NIWO","NIWO_064","NIWO_064_103","2019-07-08","2019-06-05","2019-07-02","2019-07-02T22:45Z","2019-07-08T20:00Z","NEON.LTR.NIWO064103.20190702","NEON.LTR.NIWO064103.20190702.FLR","NEON.DOC.001710vE","Flowers",0.0050,"N",,
"2e7e0ee9-667e-4768-8c58-2d176389097d","NIWO_064.basePlot.ltr","D13","NIWO","NIWO_064","NIWO_064_103","2019-07-08","2019-06-05","2019-07-02","2019-07-02T22:45Z","2019-07-08T20:00Z","NEON.LTR.NIWO064103.20190702","NEON.LTR.NIWO064103.20190702.LVS","NEON.DOC.001710vE","Leaves",0.0000,"N",,
"21daf4c5-0d64-465f-9982-e099d75cd2e9","NIWO_061.basePlot.ltr","D13","NIWO","NIWO_061","NIWO_061_169","2019-08-06","2019-07-02","2019-07-31","2019-07-31T22:00Z","2019-08-06T17:04Z","NEON.LTR.NIWO061169.20190731","NEON.LTR.NIWO061169.20190731.NDL","NEON.DOC.001710vE","Needles",2.3600,"N",,
"f70ecd40-2616-420d-9236-280eabc5f3f5","NIWO_058.basePlot.ltr","D13","NIWO","NIWO_058","NIWO_058_101","2019-08-06","2019-07-02","2019-07-31","2019-07-31T22:00Z","2019-08-06T17:00Z","NEON.LTR.NIWO058101.20190731","NEON.LTR.NIWO058101.20190731.WDY","NEON.DOC.001710vE","Woody material",0.0000,"N",,
"768bea63-451c-46c5-ad71-a12911150509","NIWO_062.basePlot.ltr","D13","NIWO","NIWO_062","NIWO_062_050","2019-08-06","2019-07-02","2019-07-31","2019-07-31T22:00Z","2019-08-06T17:08Z","NEON.LTR.NIWO062050.20190731","NEON.LTR.NIWO062050.20190731.NDL","NEON.DOC.001710vE","Needles",1.3800,"N",,
"ac0cd0fd-5e6d-493a-8822-80dbafdaed2f","NIWO_058.basePlot.ltr","D13","NIWO","NIWO_058","NIWO_058_101","2019-08-06","2019-07-02","2019-07-31","2019-07-31T22:00Z","2019-08-06T17:00Z","NEON.LTR.NIWO058101.20190731","NEON.LTR.NIWO058101.20190731.OTH","NEON.DOC.001710vE","Other",0.0000,"N",,
"9ee5b1ec-426a-4410-99a6-dc795e30b4d0","NIWO_064.basePlot.ltr","D13","NIWO","NIWO_064","NIWO_064_103","2019-08-06","2019-07-02","2019-07-31","2019-07-31T22:00Z","2019-08-06T17:15Z","NEON.LTR.NIWO064103.20190731","NEON.LTR.NIWO064103.20190731.OTH","NEON.DOC.001710vE","Other",0.0000,"N",,
"dba5c7e3-c549-4add-9dfe-125bfa9af5f6","NIWO_061.basePlot.ltr","D13","NIWO","NIWO_061","NIWO_061_169","2019-08-06","2019-07-02","2019-07-31","2019-07-31T22:00Z","2019-08-06T17:04Z","NEON.LTR.NIWO061169.20190731","NEON.LTR.NIWO061169.20190731.FLR","NEON.DOC.001710vE","Flowers",0.7500,"N",,
"debf232c-93c1-41ec-92b3-f29e0d80f336","NIWO_064.basePlot.ltr","D13","NIWO","NIWO_064","NIWO_064_103","2019-08-06","2019-07-02","2019-07-31","2019-07-31T22:00Z","2019-08-06T17:15Z","NEON.LTR.NIWO064103.20190731","NEON.LTR.NIWO064103.20190731.LVS","NEON.DOC.001710vE","Leaves",0.0000,"N",,
"63426194-0be7-4a8f-99e0-f322bcc3d0d3","NIWO_064.basePlot.ltr","D13","NIWO","NIWO_064","NIWO_064_103","2019-08-06","2019-07-02","2019-07-31","2019-07-31T22:00Z","2019-08-06T17:15Z","NEON.LTR.NIWO064103.20190731","NEON.LTR.NIWO064103.20190731.WDY","NEON.DOC.001710vE","Woody material",0.0200,"N",,
"36ff6561-1be4-4577-9171-f1a7ef6d3e04","NIWO_058.basePlot.ltr","D13","NIWO","NIWO_058","NIWO_058_101","2019-08-06","2019-07-02","2019-07-31","2019-07-31T22:00Z","2019-08-06T17:00Z","NEON.LTR.NIWO058101.20190731","NEON.LTR.NIWO058101.20190731.MXT","NEON.DOC.001710vE","Mixed",0.0300,"N",,
"023a072d-9cec-40b0-9314-2eabdb689ab0","NIWO_064.basePlot.ltr","D13","NIWO","NIWO_064","NIWO_064_103","2019-08-06","2019-07-02","2019-07-31","2019-07-31T22:00Z","2019-08-06T17:15Z","NEON.LTR.NIWO064103.20190731","NEON.LTR.NIWO064103.20190731.SDS","NEON.DOC.001710vE","Seeds",0.0050,"N",,
"cbd1e5d2-bf42-4ed5-be05-807f4d3d4ddc","NIWO_057.basePlot.ltr","D13","NIWO","NIWO_057","NIWO_057_081","2019-08-06","2019-07-02","2019-07-31","2019-07-31T22:00Z","2019-08-06T16:52Z","NEON.LTR.NIWO057081.20190731","NEON.LTR.NIWO057081.20190731.WDY","NEON.DOC.001710vE","Woody material",0.0700,"N",,
"87a7ecea-301d-4aed-a5ae-e2c2c0830f3b","NIWO_047.basePlot.ltr","D13","NIWO","NIWO_047","NIWO_047_197","2019-08-06","2019-07-02","2019-07-31","2019-07-31T22:00Z","2019-08-06T16:48Z","NEON.LTR.NIWO047197.20190731","NEON.LTR.NIWO047197.20190731.OTH","NEON.DOC.001710vE","Other",0.0000,"N",,
"9fd2987a-b169-4ef3-9958-ddbad9e68031","NIWO_064.basePlot.ltr","D13","NIWO","NIWO_064","NIWO_064_103","2019-08-06","2019-07-02","2019-07-31","2019-07-31T22:00Z","2019-08-06T17:15Z","NEON.LTR.NIWO064103.20190731","NEON.LTR.NIWO064103.20190731.NDL","NEON.DOC.001710vE","Needles",2.2400,"N",,
"de62e226-18d4-4ebb-b5e6-d5870bf5ce6f","NIWO_062.basePlot.ltr","D13","NIWO","NIWO_062","NIWO_062_050","2019-08-06","2019-07-02","2019-07-31","2019-07-31T22:00Z","2019-08-06T17:08Z","NEON.LTR.NIWO062050.20190731","NEON.LTR.NIWO062050.20190731.WDY","NEON.DOC.001710vE","Woody material",0.0100,"Y",,
"a66bd620-9824-44df-bcd1-1a32cb500d32","NIWO_040.basePlot.ltr","D13","NIWO","NIWO_040","NIWO_040_205","2019-08-06","2019-07-02","2019-07-31","2019-07-31T22:00Z","2019-08-06T16:31Z","NEON.LTR.NIWO040205.20190731","NEON.LTR.NIWO040205.20190731.MXT","NEON.DOC.001710vE","Mixed",1.1000,"Y",,
"88aaacae-a085-4777-ae02-1465ebca2341","NIWO_057.basePlot.ltr","D13","NIWO","NIWO_057","NIWO_057_081","2019-08-06","2019-07-02","2019-07-31","2019-07-31T22:00Z","2019-08-06T16:52Z","NEON.LTR.NIWO057081.20190731","NEON.LTR.NIWO057081.20190731.MXT","NEON.DOC.001710vE","Mixed",1.2600,"N",,
"dcca2d7c-d5fe-45d3-b91b-10288506f621","NIWO_058.basePlot.ltr","D13","NIWO","NIWO_058","NIWO_058_101","2019-08-06","2019-07-02","2019-07-31","2019-07-31T22:00Z","2019-08-06T17:00Z","NEON.LTR.NIWO058101.20190731","NEON.LTR.NIWO058101.20190731.NDL","NEON.DOC.001710vE","Needles",1.4000,"N",,
"2f7cca64-58ba-41b1-a059-e761a0cd5278","NIWO_061.basePlot.ltr","D13","NIWO","NIWO_061","NIWO_061_169","2019-08-06","2019-07-02","2019-07-31","2019-07-31T22:00Z","2019-08-06T17:04Z","NEON.LTR.NIWO061169.20190731","NEON.LTR.NIWO061169.20190731.OTH","NEON.DOC.001710vE","Other",0.0000,"N",,
"6aa3bc03-aa70-45d8-8dad-85199d2807ba","NIWO_057.basePlot.ltr","D13","NIWO","NIWO_057","NIWO_057_081","2019-08-06","2019-07-02","2019-07-31","2019-07-31T22:00Z","2019-08-06T16:52Z","NEON.LTR.NIWO057081.20190731","NEON.LTR.NIWO057081.20190731.FLR","NEON.DOC.001710vE","Flowers",0.5600,"N",,
"c771ef82-f67d-47c3-90a2-12f27c39cc12","NIWO_063.basePlot.ltr","D13","NIWO","NIWO_063","NIWO_063_062","2019-08-06","2019-07-02","2019-07-31","2019-07-31T22:00Z","2019-08-06T17:11Z","NEON.LTR.NIWO063062.20190731","NEON.LTR.NIWO063062.20190731.SDS","NEON.DOC.001710vE","Seeds",0.0050,"N",,
"971e9ade-eada-4c4a-995f-bb1400a18bb4","NIWO_063.basePlot.ltr","D13","NIWO","NIWO_063","NIWO_063_062","2019-08-06","2019-07-02","2019-07-31","2019-07-31T22:00Z","2019-08-06T17:11Z","NEON.LTR.NIWO063062.20190731","NEON.LTR.NIWO063062.20190731.WDY","NEON.DOC.001710vE","Woody material",0.0100,"N",,
"e69837af-e56b-4c97-8b23-0d68ebec191f","NIWO_047.basePlot.ltr","D13","NIWO","NIWO_047","NIWO_047_197","2019-08-06","2019-07-02","2019-07-31","2019-07-31T22:00Z","2019-08-06T16:48Z","NEON.LTR.NIWO047197.20190731","NEON.LTR.NIWO047197.20190731.MXT","NEON.DOC.001710vE","Mixed",0.0100,"N",,
"a9cfe2a7-7494-47da-96a9-3ea86b98c78a","NIWO_040.basePlot.ltr","D13","NIWO","NIWO_040","NIWO_040_205","2019-08-06","2019-07-02","2019-07-31","2019-07-31T22:00Z","2019-08-06T16:31Z","NEON.LTR.NIWO040205.20190731","NEON.LTR.NIWO040205.20190731.NDL","NEON.DOC.001710vE","Needles",2.3700,"N",,
"6059f5b9-5b94-40fb-8f55-ad8e9fac1cba","NIWO_047.basePlot.ltr","D13","NIWO","NIWO_047","NIWO_047_197","2019-08-06","2019-07-02","2019-07-31","2019-07-31T22:00Z","2019-08-06T16:48Z","NEON.LTR.NIWO047197.20190731","NEON.LTR.NIWO047197.20190731.NDL","NEON.DOC.001710vE","Needles",0.0900,"N",,
"bcb29b90-e316-4936-b332-ccb281788d5a","NIWO_047.basePlot.ltr","D13","NIWO","NIWO_047","NIWO_047_197","2019-08-06","2019-07-02","2019-07-31","2019-07-31T22:00Z","2019-08-06T16:48Z","NEON.LTR.NIWO047197.20190731","NEON.LTR.NIWO047197.20190731.WDY","NEON.DOC.001710vE","Woody material",0.0050,"N",,
"932b8071-172e-4311-81c6-707a0b491ec1","NIWO_057.basePlot.ltr","D13","NIWO","NIWO_057","NIWO_057_081","2019-08-06","2019-07-02","2019-07-31","2019-07-31T22:00Z","2019-08-06T16:52Z","NEON.LTR.NIWO057081.20190731","NEON.LTR.NIWO057081.20190731.NDL","NEON.DOC.001710vE","Needles",7.4400,"Y",,
"7fe4fa72-e956-400d-b546-b0f1483d3e4a","NIWO_064.basePlot.ltr","D13","NIWO","NIWO_064","NIWO_064_103","2019-08-06","2019-07-02","2019-07-31","2019-07-31T22:00Z","2019-08-06T17:15Z","NEON.LTR.NIWO064103.20190731","NEON.LTR.NIWO064103.20190731.TWI","NEON.DOC.001710vE","Twigs/branches",0.0000,"N",,
"49a766d9-d07c-470c-a273-eac741265eba","NIWO_061.basePlot.ltr","D13","NIWO","NIWO_061","NIWO_061_169","2019-08-06","2019-07-02","2019-07-31","2019-07-31T22:00Z","2019-08-06T17:04Z","NEON.LTR.NIWO061169.20190731","NEON.LTR.NIWO061169.20190731.TWI","NEON.DOC.001710vE","Twigs/branches",0.9100,"N",,
"c45bb79f-2fdc-4f3b-9bc3-f3c931dc77ae","NIWO_063.basePlot.ltr","D13","NIWO","NIWO_063","NIWO_063_062","2019-08-06","2019-07-02","2019-07-31","2019-07-31T22:00Z","2019-08-06T17:11Z","NEON.LTR.NIWO063062.20190731","NEON.LTR.NIWO063062.20190731.OTH","NEON.DOC.001710vE","Other",0.0000,"N",,
"d2fbcf92-ef4c-45b4-a556-f07a93778eff","NIWO_040.basePlot.ltr","D13","NIWO","NIWO_040","NIWO_040_205","2019-08-06","2019-07-02","2019-07-31","2019-07-31T22:00Z","2019-08-06T16:31Z","NEON.LTR.NIWO040205.20190731","NEON.LTR.NIWO040205.20190731.LVS","NEON.DOC.001710vE","Leaves",0.0050,"N",,
"056e1470-cc7d-45e6-aba2-1f1fec92a782","NIWO_062.basePlot.ltr","D13","NIWO","NIWO_062","NIWO_062_050","2019-08-06","2019-07-02","2019-07-31","2019-07-31T22:00Z","2019-08-06T17:08Z","NEON.LTR.NIWO062050.20190731","NEON.LTR.NIWO062050.20190731.WDY","NEON.DOC.001710vE","Woody material",0.0100,"N",,
"a6a9b8d6-c84f-426f-8384-bb721a5b0ea6","NIWO_047.basePlot.ltr","D13","NIWO","NIWO_047","NIWO_047_197","2019-08-06","2019-07-02","2019-07-31","2019-07-31T22:00Z","2019-08-06T16:48Z","NEON.LTR.NIWO047197.20190731","NEON.LTR.NIWO047197.20190731.SDS","NEON.DOC.001710vE","Seeds",0.0000,"N",,
"7f87efdf-5c8d-45f9-a677-9b60cfd8bfa5","NIWO_040.basePlot.ltr","D13","NIWO","NIWO_040","NIWO_040_205","2019-08-06","2019-07-02","2019-07-31","2019-07-31T22:00Z","2019-08-06T16:31Z","NEON.LTR.NIWO040205.20190731","NEON.LTR.NIWO040205.20190731.FLR","NEON.DOC.001710vE","Flowers",0.4500,"N",,
"3d56a94c-2e67-4de3-b1a4-4aa60d74ab97","NIWO_064.basePlot.ltr","D13","NIWO","NIWO_064","NIWO_064_103","2019-08-06","2019-07-02","2019-07-31","2019-07-31T22:00Z","2019-08-06T17:15Z","NEON.LTR.NIWO064103.20190731","NEON.LTR.NIWO064103.20190731.MXT","NEON.DOC.001710vE","Mixed",0.3200,"N",,
"ed1bdffe-b228-4406-a4ac-01b61c6f3be8","NIWO_058.basePlot.ltr","D13","NIWO","NIWO_058","NIWO_058_101","2019-08-06","2019-07-02","2019-07-31","2019-07-31T22:00Z","2019-08-06T17:00Z","NEON.LTR.NIWO058101.20190731","NEON.LTR.NIWO058101.20190731.LVS","NEON.DOC.001710vE","Leaves",0.0000,"N",,
"5455046d-26b3-4b27-8cf3-1fa7256bf536","NIWO_058.basePlot.ltr","D13","NIWO","NIWO_058","NIWO_058_101","2019-08-06","2019-07-02","2019-07-31","2019-07-31T22:00Z","2019-08-06T17:00Z","NEON.LTR.NIWO058101.20190731","NEON.LTR.NIWO058101.20190731.FLR","NEON.DOC.001710vE","Flowers",0.0000,"N",,
"9e9f82f4-b37c-40e5-82bc-e1d83ea89d07","NIWO_047.basePlot.ltr","D13","NIWO","NIWO_047","NIWO_047_197","2019-08-06","2019-07-02","2019-07-31","2019-07-31T22:00Z","2019-08-06T16:48Z","NEON.LTR.NIWO047197.20190731","NEON.LTR.NIWO047197.20190731.FLR","NEON.DOC.001710vE","Flowers",0.0050,"N",,
"a0da9b01-40f9-40de-a2e4-f67ae2fb5192","NIWO_064.basePlot.ltr","D13","NIWO","NIWO_064","NIWO_064_103","2019-08-06","2019-07-02","2019-07-31","2019-07-31T22:00Z","2019-08-06T17:15Z","NEON.LTR.NIWO064103.20190731","NEON.LTR.NIWO064103.20190731.FLR","NEON.DOC.001710vE","Flowers",0.2500,"N",,
"88bac80f-0ff0-4a6b-b150-2f11ea7160f5","NIWO_061.basePlot.ltr","D13","NIWO","NIWO_061","NIWO_061_169","2019-08-06","2019-07-02","2019-07-31","2019-07-31T22:00Z","2019-08-06T17:04Z","NEON.LTR.NIWO061169.20190731","NEON.LTR.NIWO061169.20190731.WDY","NEON.DOC.001710vE","Woody material",3.9200,"N",,
"5842e68a-5c67-4baf-96a4-9ac0eb7e865c","NIWO_040.basePlot.ltr","D13","NIWO","NIWO_040","NIWO_040_205","2019-08-06","2019-07-02","2019-07-31","2019-07-31T22:00Z","2019-08-06T16:31Z","NEON.LTR.NIWO040205.20190731","NEON.LTR.NIWO040205.20190731.TWI","NEON.DOC.001710vE","Twigs/branches",0.2700,"N",,
"522ec339-1e6c-4538-9be9-a61f803a0f32","NIWO_063.basePlot.ltr","D13","NIWO","NIWO_063","NIWO_063_062","2019-08-06","2019-07-02","2019-07-31","2019-07-31T22:00Z","2019-08-06T17:11Z","NEON.LTR.NIWO063062.20190731","NEON.LTR.NIWO063062.20190731.MXT","NEON.DOC.001710vE","Mixed",0.0100,"N",,
"6e97c1ad-c98a-42f0-b73a-9489d62a6fd0","NIWO_062.basePlot.ltr","D13","NIWO","NIWO_062","NIWO_062_050","2019-08-06","2019-07-02","2019-07-31","2019-07-31T22:00Z","2019-08-06T17:08Z","NEON.LTR.NIWO062050.20190731","NEON.LTR.NIWO062050.20190731.FLR","NEON.DOC.001710vE","Flowers",0.0050,"N",,
"e40adbcf-4347-420f-8df4-d1337b4aca31","NIWO_057.basePlot.ltr","D13","NIWO","NIWO_057","NIWO_057_081","2019-08-06","2019-07-02","2019-07-31","2019-07-31T22:00Z","2019-08-06T16:52Z","NEON.LTR.NIWO057081.20190731","NEON.LTR.NIWO057081.20190731.NDL","NEON.DOC.001710vE","Needles",7.4100,"N",,
"c258ea9d-7be7-4501-b90e-4597878c192a","NIWO_061.basePlot.ltr","D13","NIWO","NIWO_061","NIWO_061_169","2019-08-06","2019-07-02","2019-07-31","2019-07-31T22:00Z","2019-08-06T17:04Z","NEON.LTR.NIWO061169.20190731","NEON.LTR.NIWO061169.20190731.LVS","NEON.DOC.001710vE","Leaves",0.0000,"N",,
"474717e2-04d7-4a7a-839c-4cf8aeb67181","NIWO_057.basePlot.ltr","D13","NIWO","NIWO_057","NIWO_057_081","2019-08-06","2019-07-02","2019-07-31","2019-07-31T22:00Z","2019-08-06T16:52Z","NEON.LTR.NIWO057081.20190731","NEON.LTR.NIWO057081.20190731.SDS","NEON.DOC.001710vE","Seeds",0.0050,"N",,
"00ff8e86-4489-4978-9227-9078fbf0ef06","NIWO_047.basePlot.ltr","D13","NIWO","NIWO_047","NIWO_047_197","2019-08-06","2019-07-02","2019-07-31","2019-07-31T22:00Z","2019-08-06T16:48Z","NEON.LTR.NIWO047197.20190731","NEON.LTR.NIWO047197.20190731.TWI","NEON.DOC.001710vE","Twigs/branches",0.0050,"N",,
"b78734c1-58a7-4ba9-8eec-9e090d93f738","NIWO_047.basePlot.ltr","D13","NIWO","NIWO_047","NIWO_047_197","2019-08-06","2019-07-02","2019-07-31","2019-07-31T22:00Z","2019-08-06T16:48Z","NEON.LTR.NIWO047197.20190731","NEON.LTR.NIWO047197.20190731.LVS","NEON.DOC.001710vE","Leaves",0.0050,"N",,
"1c9bbcf9-2c52-49f2-96f5-14048f403fe2","NIWO_062.basePlot.ltr","D13","NIWO","NIWO_062","NIWO_062_050","2019-08-06","2019-07-02","2019-07-31","2019-07-31T22:00Z","2019-08-06T17:08Z","NEON.LTR.NIWO062050.20190731","NEON.LTR.NIWO062050.20190731.LVS","NEON.DOC.001710vE","Leaves",0.0050,"N",,
"eb9bf031-06b8-4e2a-80cc-838a71a6d120","NIWO_061.basePlot.ltr","D13","NIWO","NIWO_061","NIWO_061_169","2019-08-06","2019-07-02","2019-07-31","2019-07-31T22:00Z","2019-08-06T17:04Z","NEON.LTR.NIWO061169.20190731","NEON.LTR.NIWO061169.20190731.SDS","NEON.DOC.001710vE","Seeds",0.0050,"N",,
"d9e48a88-65a0-4576-a85f-a963644e3508","NIWO_040.basePlot.ltr","D13","NIWO","NIWO_040","NIWO_040_205","2019-08-06","2019-07-02","2019-07-31","2019-07-31T22:00Z","2019-08-06T16:31Z","NEON.LTR.NIWO040205.20190731","NEON.LTR.NIWO040205.20190731.OTH","NEON.DOC.001710vE","Other",0.0050,"N",,
"b1cb2438-c22f-491a-a476-6bf61ff24038","NIWO_063.basePlot.ltr","D13","NIWO","NIWO_063","NIWO_063_062","2019-08-06","2019-07-02","2019-07-31","2019-07-31T22:00Z","2019-08-06T17:11Z","NEON.LTR.NIWO063062.20190731","NEON.LTR.NIWO063062.20190731.NDL","NEON.DOC.001710vE","Needles",0.8900,"N",,
"189b9e85-f4eb-47cc-8df0-9ab75ae72dab","NIWO_040.basePlot.ltr","D13","NIWO","NIWO_040","NIWO_040_205","2019-08-06","2019-07-02","2019-07-31","2019-07-31T22:00Z","2019-08-06T16:31Z","NEON.LTR.NIWO040205.20190731","NEON.LTR.NIWO040205.20190731.SDS","NEON.DOC.001710vE","Seeds",0.0050,"N",,
"0d9e4dda-58db-4dc0-89a8-0aa35ae9e8ad","NIWO_058.basePlot.ltr","D13","NIWO","NIWO_058","NIWO_058_101","2019-08-06","2019-07-02","2019-07-31","2019-07-31T22:00Z","2019-08-06T17:00Z","NEON.LTR.NIWO058101.20190731","NEON.LTR.NIWO058101.20190731.TWI","NEON.DOC.001710vE","Twigs/branches",0.0000,"N",,
"3570b268-eb98-445a-92a2-bca8f9b59b97","NIWO_063.basePlot.ltr","D13","NIWO","NIWO_063","NIWO_063_062","2019-08-06","2019-07-02","2019-07-31","2019-07-31T22:00Z","2019-08-06T17:11Z","NEON.LTR.NIWO063062.20190731","NEON.LTR.NIWO063062.20190731.FLR","NEON.DOC.001710vE","Flowers",0.0050,"N",,
"f038ebe8-4ed3-415e-9efb-719b8bd7b6c9","NIWO_057.basePlot.ltr","D13","NIWO","NIWO_057","NIWO_057_081","2019-08-06","2019-07-02","2019-07-31","2019-07-31T22:00Z","2019-08-06T16:52Z","NEON.LTR.NIWO057081.20190731","NEON.LTR.NIWO057081.20190731.TWI","NEON.DOC.001710vE","Twigs/branches",7.1300,"N",,
"b4b6d72c-0256-4058-b3cb-350189757173","NIWO_040.basePlot.ltr","D13","NIWO","NIWO_040","NIWO_040_205","2019-08-06","2019-07-02","2019-07-31","2019-07-31T22:00Z","2019-08-06T16:31Z","NEON.LTR.NIWO040205.20190731","NEON.LTR.NIWO040205.20190731.MXT","NEON.DOC.001710vE","Mixed",1.0700,"N",,
"c413bbf1-effd-4ecb-a8c4-ac8ac17ebdf3","NIWO_062.basePlot.ltr","D13","NIWO","NIWO_062","NIWO_062_050","2019-08-06","2019-07-02","2019-07-31","2019-07-31T22:00Z","2019-08-06T17:08Z","NEON.LTR.NIWO062050.20190731","NEON.LTR.NIWO062050.20190731.MXT","NEON.DOC.001710vE","Mixed",0.1400,"N",,
"4a4b6b9b-f0dd-4aca-8483-da8200f6744d","NIWO_062.basePlot.ltr","D13","NIWO","NIWO_062","NIWO_062_050","2019-08-06","2019-07-02","2019-07-31","2019-07-31T22:00Z","2019-08-06T17:08Z","NEON.LTR.NIWO062050.20190731","NEON.LTR.NIWO062050.20190731.SDS","NEON.DOC.001710vE","Seeds",0.0000,"N",,
"1330dfbd-c963-4435-85e7-bb6adf01223f","NIWO_057.basePlot.ltr","D13","NIWO","NIWO_057","NIWO_057_081","2019-08-06","2019-07-02","2019-07-31","2019-07-31T22:00Z","2019-08-06T16:52Z","NEON.LTR.NIWO057081.20190731","NEON.LTR.NIWO057081.20190731.LVS","NEON.DOC.001710vE","Leaves",0.0000,"N",,
"a1591572-6d8f-446c-8e16-f36b5828b2bc","NIWO_063.basePlot.ltr","D13","NIWO","NIWO_063","NIWO_063_062","2019-08-06","2019-07-02","2019-07-31","2019-07-31T22:00Z","2019-08-06T17:11Z","NEON.LTR.NIWO063062.20190731","NEON.LTR.NIWO063062.20190731.LVS","NEON.DOC.001710vE","Leaves",0.0050,"N",,
"da329c90-8bb5-4278-9780-734ae5bca3d4","NIWO_063.basePlot.ltr","D13","NIWO","NIWO_063","NIWO_063_062","2019-08-06","2019-07-02","2019-07-31","2019-07-31T22:00Z","2019-08-06T17:11Z","NEON.LTR.NIWO063062.20190731","NEON.LTR.NIWO063062.20190731.TWI","NEON.DOC.001710vE","Twigs/branches",0.0700,"N",,
"9e295d92-13e3-404e-b442-e4b34926c198","NIWO_057.basePlot.ltr","D13","NIWO","NIWO_057","NIWO_057_081","2019-08-06","2019-07-02","2019-07-31","2019-07-31T22:00Z","2019-08-06T16:52Z","NEON.LTR.NIWO057081.20190731","NEON.LTR.NIWO057081.20190731.OTH","NEON.DOC.001710vE","Other",0.0000,"N",,
"d4485bd1-50ea-4d5b-a1b9-2f0e31a59e68","NIWO_062.basePlot.ltr","D13","NIWO","NIWO_062","NIWO_062_050","2019-08-06","2019-07-02","2019-07-31","2019-07-31T22:00Z","2019-08-06T17:08Z","NEON.LTR.NIWO062050.20190731","NEON.LTR.NIWO062050.20190731.OTH","NEON.DOC.001710vE","Other",0.0000,"N",,
"449e19f1-0f78-4d83-9ece-7e2e2840c5f5","NIWO_062.basePlot.ltr","D13","NIWO","NIWO_062","NIWO_062_050","2019-08-06","2019-07-02","2019-07-31","2019-07-31T22:00Z","2019-08-06T17:08Z","NEON.LTR.NIWO062050.20190731","NEON.LTR.NIWO062050.20190731.TWI","NEON.DOC.001710vE","Twigs/branches",0.2300,"N",,
"5bd957ac-5ae5-49d6-a894-4ca85ce2daff","NIWO_061.basePlot.ltr","D13","NIWO","NIWO_061","NIWO_061_169","2019-08-06","2019-07-02","2019-07-31","2019-07-31T22:00Z","2019-08-06T17:04Z","NEON.LTR.NIWO061169.20190731","NEON.LTR.NIWO061169.20190731.MXT","NEON.DOC.001710vE","Mixed",0.7800,"N",,
"9cab087f-cdaa-4fb7-b409-0cbece00e54c","NIWO_058.basePlot.ltr","D13","NIWO","NIWO_058","NIWO_058_101","2019-08-06","2019-07-02","2019-07-31","2019-07-31T22:00Z","2019-08-06T17:00Z","NEON.LTR.NIWO058101.20190731","NEON.LTR.NIWO058101.20190731.SDS","NEON.DOC.001710vE","Seeds",0.1000,"N",,
"2737113d-8799-4ed1-835c-2cffdfa31fad","NIWO_040.basePlot.ltr","D13","NIWO","NIWO_040","NIWO_040_205","2019-08-06","2019-07-02","2019-07-31","2019-07-31T22:00Z","2019-08-06T16:31Z","NEON.LTR.NIWO040205.20190731","NEON.LTR.NIWO040205.20190731.WDY","NEON.DOC.001710vE","Woody material",0.0000,"N",,
