uid,namedLocation,domainID,siteID,plotID,trapID,setDate,collectDate,eventID,trappingDays,fieldSampleID,samplingProtocolVersion,trapCondition,toxicodendronPossible,remarks,measuredBy,recordedBy
"967f0254-d422-471f-b17a-cc7034869df4","NIWO_047.basePlot.ltr","D13","NIWO","NIWO_047","NIWO_047_197","2018-09-27","2019-07-02","LTR.2019.NIWO.02",278,"NEON.LTR.NIWO047197.20190702","NEON.DOC.001710vE","OK - Litter collected - Trap in good shape, no issues","N",,,
"55289a29-abfc-4080-9d3f-6277cf366b48","NIWO_062.basePlot.ltr","D13","NIWO","NIWO_062","NIWO_062_050","2018-09-27","2019-07-02","LTR.2019.NIWO.02",278,"NEON.LTR.NIWO062050.20190702","NEON.DOC.001710vE","OK - Litter collected - Trap in good shape, no issues","N",,,
"c054235d-3534-4d53-b8e0-7c4899c07bd3","NIWO_063.basePlot.ltr","D13","NIWO","NIWO_063","NIWO_063_062","2018-10-25","2019-07-02","LTR.2019.NIWO.02",250,"NEON.LTR.NIWO063062.20190702","NEON.DOC.001710vE","OK - Litter collected - Trap in good shape, no issues","N",,,
"6475414f-4823-4f46-9dbe-98c326f75298","NIWO_057.basePlot.ltr","D13","NIWO","NIWO_057","NIWO_057_081","2018-10-25","2019-07-02","LTR.2019.NIWO.02",250,"NEON.LTR.NIWO057081.20190702","NEON.DOC.001710vE","OK - Litter collected - Trap in good shape, no issues","N",,,
"5322683c-ae5a-4e7f-9702-7baf419d7bd4","NIWO_058.basePlot.ltr","D13","NIWO","NIWO_058","NIWO_058_101","2018-10-25","2019-07-02","LTR.2019.NIWO.02",250,"NEON.LTR.NIWO058101.20190702","NEON.DOC.001710vE","OK - Litter collected - Trap in good shape, no issues","N",,,
"49b66b10-8e47-48aa-98f6-86e2d2705f6a","NIWO_061.basePlot.ltr","D13","NIWO","NIWO_061","NIWO_061_169","2018-10-25","2019-07-02","LTR.2019.NIWO.02",250,"NEON.LTR.NIWO061169.20190702","NEON.DOC.001710vE","OK - Litter collected - Trap in good shape, no issues","N",,,
"a70c0cef-cf59-4615-a9d0-2537415d88a3","NIWO_051.basePlot.ltr","D13","NIWO","NIWO_051","NIWO_051_045","2018-10-25","2019-07-31","LTR.2019.NIWO.03",279,,"NEON.DOC.001710vE","TT - Litter not collected - trap tilted","N",,,
"26b5d4c3-f101-478c-a86a-a645caf10020","NIWO_046.basePlot.ltr","D13","NIWO","NIWO_046","NIWO_046_155","2018-10-25","2019-07-31","LTR.2019.NIWO.03",279,"NEON.LTR.NIWO046155.20190731","NEON.DOC.001710vE","OK - Litter collected - Trap in good shape, no issues","N",,,
"6ac094d1-901e-43ba-9a2a-c2d72e9c4e4e","NIWO_067.basePlot.ltr","D13","NIWO","NIWO_067","NIWO_067_017","2018-10-25","2019-07-31","LTR.2019.NIWO.03",279,"NEON.LTR.NIWO067017.20190731","NEON.DOC.001710vE","OK - Litter collected - Trap in good shape, no issues","N",,,
"fc48f029-ad23-4105-95f2-8cded619291e","NIWO_041.basePlot.ltr","D13","NIWO","NIWO_041","NIWO_041_059","2018-10-25","2019-07-31","LTR.2019.NIWO.03",279,"NEON.LTR.NIWO041059.20190731","NEON.DOC.001710vE","OK - Litter collected - Trap in good shape, no issues","N",,,
"cf9f9a83-0a07-47c6-be28-a10bd47ac314","NIWO_040.basePlot.ltr","D13","NIWO","NIWO_040","NIWO_040_205","2018-11-21","2019-07-02","LTR.2019.NIWO.02",223,"NEON.LTR.NIWO040205.20190702","NEON.DOC.001710vE","OK - Litter collected - Trap in good shape, no issues","N",,,
"1e427ff6-1411-4737-a11c-31266a25f6b8","NIWO_064.basePlot.ltr","D13","NIWO","NIWO_064","NIWO_064_103","2019-06-05","2019-07-02","LTR.2019.NIWO.02",27,"NEON.LTR.NIWO064103.20190702","NEON.DOC.001710vE","OK - Litter collected - Trap in good shape, no issues","N",,,
"aef7156b-43d0-4869-8217-fc77f2b8028a","NIWO_062.basePlot.ltr","D13","NIWO","NIWO_062","NIWO_062_050","2019-07-02","2019-07-31","LTR.2019.NIWO.03",29,"NEON.LTR.NIWO062050.20190731","NEON.DOC.001710vE","OK - Litter collected - Trap in good shape, no issues","N",,,
"d3c1008f-71ea-43ad-a0c6-a13ee202bd75","NIWO_040.basePlot.ltr","D13","NIWO","NIWO_040","NIWO_040_205","2019-07-02","2019-07-31","LTR.2019.NIWO.03",29,"NEON.LTR.NIWO040205.20190731","NEON.DOC.001710vE","OK - Litter collected - Trap in good shape, no issues","N",,,
"77895fcf-1b09-429d-9881-5aa92d7104bb","NIWO_064.basePlot.ltr","D13","NIWO","NIWO_064","NIWO_064_103","2019-07-02","2019-07-31","LTR.2019.NIWO.03",29,"NEON.LTR.NIWO064103.20190731","NEON.DOC.001710vE","OK - Litter collected - Trap in good shape, no issues","N",,,
"0e6afd5d-c87d-432d-ac7b-d2da8e4abc87","NIWO_057.basePlot.ltr","D13","NIWO","NIWO_057","NIWO_057_081","2019-07-02","2019-07-31","LTR.2019.NIWO.03",29,"NEON.LTR.NIWO057081.20190731","NEON.DOC.001710vE","OK - Litter collected - Trap in good shape, no issues","N",,,
"39bb1894-e1f4-4108-8b76-a62d09dbae3a","NIWO_058.basePlot.ltr","D13","NIWO","NIWO_058","NIWO_058_101","2019-07-02","2019-07-31","LTR.2019.NIWO.03",29,"NEON.LTR.NIWO058101.20190731","NEON.DOC.001710vE","OK - Litter collected - Trap in good shape, no issues","N",,,
"327b813d-a6a5-43b1-ab6f-2ad9bcfe46e3","NIWO_061.basePlot.ltr","D13","NIWO","NIWO_061","NIWO_061_169","2019-07-02","2019-07-31","LTR.2019.NIWO.03",29,"NEON.LTR.NIWO061169.20190731","NEON.DOC.001710vE","OK - Litter collected - Trap in good shape, no issues","N",,,
"3966c92a-b1d9-4241-b9fb-5f5be0916d53","NIWO_047.basePlot.ltr","D13","NIWO","NIWO_047","NIWO_047_197","2019-07-02","2019-07-31","LTR.2019.NIWO.03",29,"NEON.LTR.NIWO047197.20190731","NEON.DOC.001710vE","OK - Litter collected - Trap in good shape, no issues","N",,,
"1eb9e7ee-f924-436c-bab0-ff8151bdcc02","NIWO_063.basePlot.ltr","D13","NIWO","NIWO_063","NIWO_063_062","2019-07-02","2019-07-31","LTR.2019.NIWO.03",29,"NEON.LTR.NIWO063062.20190731","NEON.DOC.001710vE","OK - Litter collected - Trap in good shape, no issues","N",,,
