uid,namedLocation,domainID,siteID,plotID,trapID,weighDate,setDate,collectDate,ovenStartDate,ovenEndDate,fieldSampleID,massSampleID,samplingProtocolVersion,functionalGroup,dryMass,qaDryMass,remarks,measuredBy
"37fc6e31-81c0-4901-9375-6b84142c0456","NIWO_067.basePlot.ltr","D13","NIWO","NIWO_067","NIWO_067_017","2019-09-03","2019-07-31","2019-08-28","2019-08-28T19:30Z","2019-09-03T20:30Z","NEON.LTR.NIWO067017.20190828","NEON.LTR.NIWO067017.20190828.OTH","NEON.DOC.001710vE","Other",0.0000,"N",,
"6e217f30-b2a1-4347-a65c-03b7cd10b40e","NIWO_041.basePlot.ltr","D13","NIWO","NIWO_041","NIWO_041_059","2019-09-03","2019-07-31","2019-08-28","2019-08-28T19:30Z","2019-09-03T20:30Z","NEON.LTR.NIWO041059.20190828","NEON.LTR.NIWO041059.20190828.NDL","NEON.DOC.001710vE","Needles",3.4200,"N",,
"bdfd8d3a-01e6-4645-8920-505d182ed9fe","NIWO_064.basePlot.ltr","D13","NIWO","NIWO_064","NIWO_064_103","2019-09-03","2019-07-31","2019-08-28","2019-08-28T19:30Z","2019-09-03T20:30Z","NEON.LTR.NIWO064103.20190828","NEON.LTR.NIWO064103.20190828.FLR","NEON.DOC.001710vE","Flowers",0.1600,"N",,
"8c1d8971-60b1-43df-a3fb-416806b64c0e","NIWO_062.basePlot.ltr","D13","NIWO","NIWO_062","NIWO_062_050","2019-09-03","2019-07-31","2019-08-28","2019-08-28T19:30Z","2019-09-03T20:30Z","NEON.LTR.NIWO062050.20190828","NEON.LTR.NIWO062050.20190828.OTH","NEON.DOC.001710vE","Other",0.0000,"N",,
"f33134e5-956f-4a6c-9295-c239442be309","NIWO_062.basePlot.ltr","D13","NIWO","NIWO_062","NIWO_062_050","2019-09-03","2019-07-31","2019-08-28","2019-08-28T19:30Z","2019-09-03T20:30Z","NEON.LTR.NIWO062050.20190828","NEON.LTR.NIWO062050.20190828.MXT","NEON.DOC.001710vE","Mixed",0.1500,"N",,
"be365f43-a9d8-480c-9b3a-255f20fc89ab","NIWO_067.basePlot.ltr","D13","NIWO","NIWO_067","NIWO_067_017","2019-09-03","2019-07-31","2019-08-28","2019-08-28T19:30Z","2019-09-03T20:30Z","NEON.LTR.NIWO067017.20190828","NEON.LTR.NIWO067017.20190828.SDS","NEON.DOC.001710vE","Seeds",0.0050,"N",,
"d805cfba-0989-4017-873b-b481aaa13059","NIWO_061.basePlot.ltr","D13","NIWO","NIWO_061","NIWO_061_169","2019-09-03","2019-07-31","2019-08-28","2019-08-28T19:30Z","2019-09-03T20:30Z","NEON.LTR.NIWO061169.20190828","NEON.LTR.NIWO061169.20190828.WDY","NEON.DOC.001710vE","Woody material",1.1500,"Y",,
"8e57803e-4ae7-41a1-a1ad-484a440bdc07","NIWO_041.basePlot.ltr","D13","NIWO","NIWO_041","NIWO_041_059","2019-09-03","2019-07-31","2019-08-28","2019-08-28T19:30Z","2019-09-03T20:30Z","NEON.LTR.NIWO041059.20190828","NEON.LTR.NIWO041059.20190828.SDS","NEON.DOC.001710vE","Seeds",0.0000,"N",,
"2c322bc8-6cd3-413d-96dc-021f91bae354","NIWO_058.basePlot.ltr","D13","NIWO","NIWO_058","NIWO_058_101","2019-09-03","2019-07-31","2019-08-28","2019-08-28T19:30Z","2019-09-03T20:30Z","NEON.LTR.NIWO058101.20190828","NEON.LTR.NIWO058101.20190828.FLR","NEON.DOC.001710vE","Flowers",0.0050,"N",,
"58b392a3-8d55-4e16-9c0c-2e222e5d83af","NIWO_058.basePlot.ltr","D13","NIWO","NIWO_058","NIWO_058_101","2019-09-03","2019-07-31","2019-08-28","2019-08-28T19:30Z","2019-09-03T20:30Z","NEON.LTR.NIWO058101.20190828","NEON.LTR.NIWO058101.20190828.WDY","NEON.DOC.001710vE","Woody material",0.0050,"N",,
"c08f7873-e387-446b-b1b5-9a59028e9818","NIWO_062.basePlot.ltr","D13","NIWO","NIWO_062","NIWO_062_050","2019-09-03","2019-07-31","2019-08-28","2019-08-28T19:30Z","2019-09-03T20:30Z","NEON.LTR.NIWO062050.20190828","NEON.LTR.NIWO062050.20190828.FLR","NEON.DOC.001710vE","Flowers",0.0050,"N",,
"76765241-f087-4633-a645-0981dee26158","NIWO_041.basePlot.ltr","D13","NIWO","NIWO_041","NIWO_041_059","2019-09-03","2019-07-31","2019-08-28","2019-08-28T19:30Z","2019-09-03T20:30Z","NEON.LTR.NIWO041059.20190828","NEON.LTR.NIWO041059.20190828.MXT","NEON.DOC.001710vE","Mixed",0.1300,"N",,
"12a61c30-39a2-4752-b56e-0f16e65e4939","NIWO_040.basePlot.ltr","D13","NIWO","NIWO_040","NIWO_040_205","2019-09-03","2019-07-31","2019-08-28","2019-08-28T19:30Z","2019-09-03T20:30Z","NEON.LTR.NIWO040205.20190828","NEON.LTR.NIWO040205.20190828.LVS","NEON.DOC.001710vE","Leaves",0.0000,"N",,
"5b8acd08-dcc3-4ca7-8891-1b100acce728","NIWO_040.basePlot.ltr","D13","NIWO","NIWO_040","NIWO_040_205","2019-09-03","2019-07-31","2019-08-28","2019-08-28T19:30Z","2019-09-03T20:30Z","NEON.LTR.NIWO040205.20190828","NEON.LTR.NIWO040205.20190828.FLR","NEON.DOC.001710vE","Flowers",0.1900,"N",,
"bad52489-c4a2-4657-af21-6e2839e1e223","NIWO_061.basePlot.ltr","D13","NIWO","NIWO_061","NIWO_061_169","2019-09-03","2019-07-31","2019-08-28","2019-08-28T19:30Z","2019-09-03T20:30Z","NEON.LTR.NIWO061169.20190828","NEON.LTR.NIWO061169.20190828.FLR","NEON.DOC.001710vE","Flowers",0.1800,"N",,
"e934475f-c97a-4246-8ed3-a294ba9ca025","NIWO_051.basePlot.ltr","D13","NIWO","NIWO_051","NIWO_051_045","2019-09-03","2019-07-31","2019-08-28","2019-08-28T19:30Z","2019-09-03T20:30Z","NEON.LTR.NIWO051045.20190828","NEON.LTR.NIWO051045.20190828.TWI","NEON.DOC.001710vE","Twigs/branches",0.0050,"N",,
"4daca78a-3f83-47a3-a324-45ae1922bfce","NIWO_047.basePlot.ltr","D13","NIWO","NIWO_047","NIWO_047_197","2019-09-03","2019-07-31","2019-08-28","2019-08-28T19:30Z","2019-09-03T20:30Z","NEON.LTR.NIWO047197.20190828","NEON.LTR.NIWO047197.20190828.FLR","NEON.DOC.001710vE","Flowers",0.0000,"N",,
"8eefa9bc-4241-4dba-a6e0-4167cc392d6a","NIWO_051.basePlot.ltr","D13","NIWO","NIWO_051","NIWO_051_045","2019-09-03","2019-07-31","2019-08-28","2019-08-28T19:30Z","2019-09-03T20:30Z","NEON.LTR.NIWO051045.20190828","NEON.LTR.NIWO051045.20190828.MXT","NEON.DOC.001710vE","Mixed",0.0050,"N",,
"3392259c-2ee3-4194-a41f-1ceced8f8e1b","NIWO_058.basePlot.ltr","D13","NIWO","NIWO_058","NIWO_058_101","2019-09-03","2019-07-31","2019-08-28","2019-08-28T19:30Z","2019-09-03T20:30Z","NEON.LTR.NIWO058101.20190828","NEON.LTR.NIWO058101.20190828.LVS","NEON.DOC.001710vE","Leaves",0.0000,"N",,
"0bfb19bd-30fa-4728-9c64-a6a8118d7918","NIWO_063.basePlot.ltr","D13","NIWO","NIWO_063","NIWO_063_062","2019-09-03","2019-07-31","2019-08-28","2019-08-28T19:30Z","2019-09-03T20:30Z","NEON.LTR.NIWO063062.20190828","NEON.LTR.NIWO063062.20190828.LVS","NEON.DOC.001710vE","Leaves",0.0050,"N",,
"b272a50e-ea3b-460a-b062-465c5ecad311","NIWO_061.basePlot.ltr","D13","NIWO","NIWO_061","NIWO_061_169","2019-09-03","2019-07-31","2019-08-28","2019-08-28T19:30Z","2019-09-03T20:30Z","NEON.LTR.NIWO061169.20190828","NEON.LTR.NIWO061169.20190828.LVS","NEON.DOC.001710vE","Leaves",0.0050,"N",,
"7920c53b-bced-4efe-b13f-463c223effba","NIWO_057.basePlot.ltr","D13","NIWO","NIWO_057","NIWO_057_081","2019-09-03","2019-07-31","2019-08-28","2019-08-28T19:30Z","2019-09-03T20:30Z","NEON.LTR.NIWO057081.20190828","NEON.LTR.NIWO057081.20190828.MXT","NEON.DOC.001710vE","Mixed",0.6600,"N",,
"6ff57fdf-45a9-490f-9428-fa2f40be8a69","NIWO_058.basePlot.ltr","D13","NIWO","NIWO_058","NIWO_058_101","2019-09-03","2019-07-31","2019-08-28","2019-08-28T19:30Z","2019-09-03T20:30Z","NEON.LTR.NIWO058101.20190828","NEON.LTR.NIWO058101.20190828.TWI","NEON.DOC.001710vE","Twigs/branches",0.0000,"N",,
"f9e706ae-4df8-4350-a2fb-8c0dbdd0d388","NIWO_063.basePlot.ltr","D13","NIWO","NIWO_063","NIWO_063_062","2019-09-03","2019-07-31","2019-08-28","2019-08-28T19:30Z","2019-09-03T20:30Z","NEON.LTR.NIWO063062.20190828","NEON.LTR.NIWO063062.20190828.SDS","NEON.DOC.001710vE","Seeds",0.0000,"N",,
"360be800-0217-4668-959a-475bdb7b9e51","NIWO_063.basePlot.ltr","D13","NIWO","NIWO_063","NIWO_063_062","2019-09-03","2019-07-31","2019-08-28","2019-08-28T19:30Z","2019-09-03T20:30Z","NEON.LTR.NIWO063062.20190828","NEON.LTR.NIWO063062.20190828.NDL","NEON.DOC.001710vE","Needles",0.3500,"N",,
"7633d6eb-406a-456a-9d2f-13cafae96c96","NIWO_058.basePlot.ltr","D13","NIWO","NIWO_058","NIWO_058_101","2019-09-03","2019-07-31","2019-08-28","2019-08-28T19:30Z","2019-09-03T20:30Z","NEON.LTR.NIWO058101.20190828","NEON.LTR.NIWO058101.20190828.OTH","NEON.DOC.001710vE","Other",0.0000,"N",,
"cb883691-93cb-470b-ba0d-0620f3caefdc","NIWO_047.basePlot.ltr","D13","NIWO","NIWO_047","NIWO_047_197","2019-09-03","2019-07-31","2019-08-28","2019-08-28T19:30Z","2019-09-03T20:30Z","NEON.LTR.NIWO047197.20190828","NEON.LTR.NIWO047197.20190828.OTH","NEON.DOC.001710vE","Other",0.0000,"N",,
"6b175f86-2b81-4316-949f-904d0937c040","NIWO_063.basePlot.ltr","D13","NIWO","NIWO_063","NIWO_063_062","2019-09-03","2019-07-31","2019-08-28","2019-08-28T19:30Z","2019-09-03T20:30Z","NEON.LTR.NIWO063062.20190828","NEON.LTR.NIWO063062.20190828.TWI","NEON.DOC.001710vE","Twigs/branches",0.0800,"N",,
"d46d3978-2f99-40fe-b28b-7025e3d2a106","NIWO_061.basePlot.ltr","D13","NIWO","NIWO_061","NIWO_061_169","2019-09-03","2019-07-31","2019-08-28","2019-08-28T19:30Z","2019-09-03T20:30Z","NEON.LTR.NIWO061169.20190828","NEON.LTR.NIWO061169.20190828.SDS","NEON.DOC.001710vE","Seeds",0.0050,"N",,
"46db9607-e609-482f-b513-e0171958cfd4","NIWO_057.basePlot.ltr","D13","NIWO","NIWO_057","NIWO_057_081","2019-09-03","2019-07-31","2019-08-28","2019-08-28T19:30Z","2019-09-03T20:30Z","NEON.LTR.NIWO057081.20190828","NEON.LTR.NIWO057081.20190828.OTH","NEON.DOC.001710vE","Other",0.0000,"N",,
"9543e0b0-4d77-4d7b-a24c-0c31eb81a7cf","NIWO_063.basePlot.ltr","D13","NIWO","NIWO_063","NIWO_063_062","2019-09-03","2019-07-31","2019-08-28","2019-08-28T19:30Z","2019-09-03T20:30Z","NEON.LTR.NIWO063062.20190828","NEON.LTR.NIWO063062.20190828.WDY","NEON.DOC.001710vE","Woody material",0.0050,"N",,
"097b94fa-4812-49d5-8a3e-e385780d7ff4","NIWO_041.basePlot.ltr","D13","NIWO","NIWO_041","NIWO_041_059","2019-09-03","2019-07-31","2019-08-28","2019-08-28T19:30Z","2019-09-03T20:30Z","NEON.LTR.NIWO041059.20190828","NEON.LTR.NIWO041059.20190828.TWI","NEON.DOC.001710vE","Twigs/branches",0.1400,"N",,
"2e2667f0-1919-4717-8449-0ea9f24ba9c0","NIWO_064.basePlot.ltr","D13","NIWO","NIWO_064","NIWO_064_103","2019-09-03","2019-07-31","2019-08-28","2019-08-28T19:30Z","2019-09-03T20:30Z","NEON.LTR.NIWO064103.20190828","NEON.LTR.NIWO064103.20190828.MXT","NEON.DOC.001710vE","Mixed",0.2000,"N",,
"baf66151-d5c8-4a85-a1e4-4c4cdb0df418","NIWO_062.basePlot.ltr","D13","NIWO","NIWO_062","NIWO_062_050","2019-09-03","2019-07-31","2019-08-28","2019-08-28T19:30Z","2019-09-03T20:30Z","NEON.LTR.NIWO062050.20190828","NEON.LTR.NIWO062050.20190828.SDS","NEON.DOC.001710vE","Seeds",0.0000,"N",,
"39abbb4c-439c-4bdd-acc0-cf046c603189","NIWO_064.basePlot.ltr","D13","NIWO","NIWO_064","NIWO_064_103","2019-09-03","2019-07-31","2019-08-28","2019-08-28T19:30Z","2019-09-03T20:30Z","NEON.LTR.NIWO064103.20190828","NEON.LTR.NIWO064103.20190828.WDY","NEON.DOC.001710vE","Woody material",0.0000,"N",,
"1f1fcebd-21fb-4c00-9de2-d15140297b8b","NIWO_047.basePlot.ltr","D13","NIWO","NIWO_047","NIWO_047_197","2019-09-03","2019-07-31","2019-08-28","2019-08-28T19:30Z","2019-09-03T20:30Z","NEON.LTR.NIWO047197.20190828","NEON.LTR.NIWO047197.20190828.WDY","NEON.DOC.001710vE","Woody material",0.0050,"N",,
"087fbe66-b86a-4d2c-8e50-4e187f056fec","NIWO_051.basePlot.ltr","D13","NIWO","NIWO_051","NIWO_051_045","2019-09-03","2019-07-31","2019-08-28","2019-08-28T19:30Z","2019-09-03T20:30Z","NEON.LTR.NIWO051045.20190828","NEON.LTR.NIWO051045.20190828.FLR","NEON.DOC.001710vE","Flowers",0.0050,"N",,
"27538363-9222-416c-be5a-690aa53f5ba8","NIWO_057.basePlot.ltr","D13","NIWO","NIWO_057","NIWO_057_081","2019-09-03","2019-07-31","2019-08-28","2019-08-28T19:30Z","2019-09-03T20:30Z","NEON.LTR.NIWO057081.20190828","NEON.LTR.NIWO057081.20190828.FLR","NEON.DOC.001710vE","Flowers",0.0200,"N",,
"1e99a12a-8aa8-4f6e-a563-aa0723b45b80","NIWO_064.basePlot.ltr","D13","NIWO","NIWO_064","NIWO_064_103","2019-09-03","2019-07-31","2019-08-28","2019-08-28T19:30Z","2019-09-03T20:30Z","NEON.LTR.NIWO064103.20190828","NEON.LTR.NIWO064103.20190828.LVS","NEON.DOC.001710vE","Leaves",0.0000,"N",,
"20ff2c59-362f-4dea-9514-915ed66629f5","NIWO_046.basePlot.ltr","D13","NIWO","NIWO_046","NIWO_046_155","2019-09-03","2019-07-31","2019-08-28","2019-08-28T19:30Z","2019-09-03T20:30Z","NEON.LTR.NIWO046155.20190828","NEON.LTR.NIWO046155.20190828.TWI","NEON.DOC.001710vE","Twigs/branches",0.2100,"N",,
"d754e57d-f26b-43f3-9cd7-00c8aade08f8","NIWO_061.basePlot.ltr","D13","NIWO","NIWO_061","NIWO_061_169","2019-09-03","2019-07-31","2019-08-28","2019-08-28T19:30Z","2019-09-03T20:30Z","NEON.LTR.NIWO061169.20190828","NEON.LTR.NIWO061169.20190828.MXT","NEON.DOC.001710vE","Mixed",0.2500,"N",,
"6b91bf05-0c7f-4bf7-b451-bba4922b0da8","NIWO_063.basePlot.ltr","D13","NIWO","NIWO_063","NIWO_063_062","2019-09-03","2019-07-31","2019-08-28","2019-08-28T19:30Z","2019-09-03T20:30Z","NEON.LTR.NIWO063062.20190828","NEON.LTR.NIWO063062.20190828.MXT","NEON.DOC.001710vE","Mixed",0.0050,"N",,
"32f8d9f0-4f4f-423d-8fd6-8b04a83f4632","NIWO_057.basePlot.ltr","D13","NIWO","NIWO_057","NIWO_057_081","2019-09-03","2019-07-31","2019-08-28","2019-08-28T19:30Z","2019-09-03T20:30Z","NEON.LTR.NIWO057081.20190828","NEON.LTR.NIWO057081.20190828.TWI","NEON.DOC.001710vE","Twigs/branches",0.4000,"N",,
"1ab49a4c-869a-4996-a1f5-38c5635da288","NIWO_040.basePlot.ltr","D13","NIWO","NIWO_040","NIWO_040_205","2019-09-03","2019-07-31","2019-08-28","2019-08-28T19:30Z","2019-09-03T20:30Z","NEON.LTR.NIWO040205.20190828","NEON.LTR.NIWO040205.20190828.MXT","NEON.DOC.001710vE","Mixed",0.7100,"N",,
"06c337d5-e95c-41a1-9946-f7b16329f017","NIWO_041.basePlot.ltr","D13","NIWO","NIWO_041","NIWO_041_059","2019-09-03","2019-07-31","2019-08-28","2019-08-28T19:30Z","2019-09-03T20:30Z","NEON.LTR.NIWO041059.20190828","NEON.LTR.NIWO041059.20190828.FLR","NEON.DOC.001710vE","Flowers",0.0000,"N",,
"5eeb798a-204d-467e-995f-e7121a87c1a6","NIWO_057.basePlot.ltr","D13","NIWO","NIWO_057","NIWO_057_081","2019-09-03","2019-07-31","2019-08-28","2019-08-28T19:30Z","2019-09-03T20:30Z","NEON.LTR.NIWO057081.20190828","NEON.LTR.NIWO057081.20190828.WDY","NEON.DOC.001710vE","Woody material",0.0100,"N",,
"126e5d78-4acd-449e-92c3-006a207f8c6f","NIWO_041.basePlot.ltr","D13","NIWO","NIWO_041","NIWO_041_059","2019-09-03","2019-07-31","2019-08-28","2019-08-28T19:30Z","2019-09-03T20:30Z","NEON.LTR.NIWO041059.20190828","NEON.LTR.NIWO041059.20190828.NDL","NEON.DOC.001710vE","Needles",3.4300,"Y",,
"fe647afa-27ba-4b03-b5a5-e4105c9b4167","NIWO_063.basePlot.ltr","D13","NIWO","NIWO_063","NIWO_063_062","2019-09-03","2019-07-31","2019-08-28","2019-08-28T19:30Z","2019-09-03T20:30Z","NEON.LTR.NIWO063062.20190828","NEON.LTR.NIWO063062.20190828.OTH","NEON.DOC.001710vE","Other",0.0000,"N",,
"d3f027a0-4fe1-45f3-99f2-16e42fea1389","NIWO_047.basePlot.ltr","D13","NIWO","NIWO_047","NIWO_047_197","2019-09-03","2019-07-31","2019-08-28","2019-08-28T19:30Z","2019-09-03T20:30Z","NEON.LTR.NIWO047197.20190828","NEON.LTR.NIWO047197.20190828.TWI","NEON.DOC.001710vE","Twigs/branches",0.0000,"N",,
"13a1df18-b890-4f3c-b995-2571a91a2658","NIWO_067.basePlot.ltr","D13","NIWO","NIWO_067","NIWO_067_017","2019-09-03","2019-07-31","2019-08-28","2019-08-28T19:30Z","2019-09-03T20:30Z","NEON.LTR.NIWO067017.20190828","NEON.LTR.NIWO067017.20190828.TWI","NEON.DOC.001710vE","Twigs/branches",0.1300,"N",,
"3b9dbfda-9d41-4e34-929f-bec188ecdb12","NIWO_040.basePlot.ltr","D13","NIWO","NIWO_040","NIWO_040_205","2019-09-03","2019-07-31","2019-08-28","2019-08-28T19:30Z","2019-09-03T20:30Z","NEON.LTR.NIWO040205.20190828","NEON.LTR.NIWO040205.20190828.OTH","NEON.DOC.001710vE","Other",0.0000,"N",,
"302f1441-b501-4b28-a8d1-e151be9e3db5","NIWO_061.basePlot.ltr","D13","NIWO","NIWO_061","NIWO_061_169","2019-09-03","2019-07-31","2019-08-28","2019-08-28T19:30Z","2019-09-03T20:30Z","NEON.LTR.NIWO061169.20190828","NEON.LTR.NIWO061169.20190828.NDL","NEON.DOC.001710vE","Needles",1.7300,"N",,
"501755f9-e865-49a2-a531-ccadca91a0ac","NIWO_041.basePlot.ltr","D13","NIWO","NIWO_041","NIWO_041_059","2019-09-03","2019-07-31","2019-08-28","2019-08-28T19:30Z","2019-09-03T20:30Z","NEON.LTR.NIWO041059.20190828","NEON.LTR.NIWO041059.20190828.LVS","NEON.DOC.001710vE","Leaves",0.0000,"N",,
"4935bc43-fabd-49ee-9bf8-c669cee4da3c","NIWO_062.basePlot.ltr","D13","NIWO","NIWO_062","NIWO_062_050","2019-09-03","2019-07-31","2019-08-28","2019-08-28T19:30Z","2019-09-03T20:30Z","NEON.LTR.NIWO062050.20190828","NEON.LTR.NIWO062050.20190828.NDL","NEON.DOC.001710vE","Needles",1.4400,"N",,
"f28fc087-a315-4fec-bbba-425f5dcd8633","NIWO_057.basePlot.ltr","D13","NIWO","NIWO_057","NIWO_057_081","2019-09-03","2019-07-31","2019-08-28","2019-08-28T19:30Z","2019-09-03T20:30Z","NEON.LTR.NIWO057081.20190828","NEON.LTR.NIWO057081.20190828.LVS","NEON.DOC.001710vE","Leaves",0.0050,"Y",,
"75c289c5-9462-4725-b67e-1e3e5de8be52","NIWO_067.basePlot.ltr","D13","NIWO","NIWO_067","NIWO_067_017","2019-09-03","2019-07-31","2019-08-28","2019-08-28T19:30Z","2019-09-03T20:30Z","NEON.LTR.NIWO067017.20190828","NEON.LTR.NIWO067017.20190828.MXT","NEON.DOC.001710vE","Mixed",0.0800,"N",,
"3bf60677-d0ca-4953-b683-b348a4113719","NIWO_058.basePlot.ltr","D13","NIWO","NIWO_058","NIWO_058_101","2019-09-03","2019-07-31","2019-08-28","2019-08-28T19:30Z","2019-09-03T20:30Z","NEON.LTR.NIWO058101.20190828","NEON.LTR.NIWO058101.20190828.SDS","NEON.DOC.001710vE","Seeds",0.0000,"N",,
"5004c826-4a8d-424c-9304-c06462380841","NIWO_064.basePlot.ltr","D13","NIWO","NIWO_064","NIWO_064_103","2019-09-03","2019-07-31","2019-08-28","2019-08-28T19:30Z","2019-09-03T20:30Z","NEON.LTR.NIWO064103.20190828","NEON.LTR.NIWO064103.20190828.NDL","NEON.DOC.001710vE","Needles",1.5100,"N",,
"ba3eacb1-50f9-4f32-9975-0f967fb022a4","NIWO_046.basePlot.ltr","D13","NIWO","NIWO_046","NIWO_046_155","2019-09-03","2019-07-31","2019-08-28","2019-08-28T19:30Z","2019-09-03T20:30Z","NEON.LTR.NIWO046155.20190828","NEON.LTR.NIWO046155.20190828.MXT","NEON.DOC.001710vE","Mixed",0.1700,"N",,
"b6b62c7f-8ddd-4779-bd02-14438640c5ca","NIWO_047.basePlot.ltr","D13","NIWO","NIWO_047","NIWO_047_197","2019-09-03","2019-07-31","2019-08-28","2019-08-28T19:30Z","2019-09-03T20:30Z","NEON.LTR.NIWO047197.20190828","NEON.LTR.NIWO047197.20190828.SDS","NEON.DOC.001710vE","Seeds",0.0000,"N",,
"96280dc9-2d3c-4625-ad03-a55f73ece453","NIWO_067.basePlot.ltr","D13","NIWO","NIWO_067","NIWO_067_017","2019-09-03","2019-07-31","2019-08-28","2019-08-28T19:30Z","2019-09-03T20:30Z","NEON.LTR.NIWO067017.20190828","NEON.LTR.NIWO067017.20190828.LVS","NEON.DOC.001710vE","Leaves",0.0000,"N",,
"bde2e584-8a52-4c41-9bd2-b3b89a134306","NIWO_051.basePlot.ltr","D13","NIWO","NIWO_051","NIWO_051_045","2019-09-03","2019-07-31","2019-08-28","2019-08-28T19:30Z","2019-09-03T20:30Z","NEON.LTR.NIWO051045.20190828","NEON.LTR.NIWO051045.20190828.OTH","NEON.DOC.001710vE","Other",0.0000,"N",,
"d00967c8-353c-4dcb-8d04-18c5c05a9ebd","NIWO_046.basePlot.ltr","D13","NIWO","NIWO_046","NIWO_046_155","2019-09-03","2019-07-31","2019-08-28","2019-08-28T19:30Z","2019-09-03T20:30Z","NEON.LTR.NIWO046155.20190828","NEON.LTR.NIWO046155.20190828.WDY","NEON.DOC.001710vE","Woody material",0.0200,"N",,
"1018a0e1-f177-45b6-a791-990289360e64","NIWO_040.basePlot.ltr","D13","NIWO","NIWO_040","NIWO_040_205","2019-09-03","2019-07-31","2019-08-28","2019-08-28T19:30Z","2019-09-03T20:30Z","NEON.LTR.NIWO040205.20190828","NEON.LTR.NIWO040205.20190828.WDY","NEON.DOC.001710vE","Woody material",0.1300,"N",,
"833c727e-5e67-4a7d-a7bc-f90887d2268a","NIWO_057.basePlot.ltr","D13","NIWO","NIWO_057","NIWO_057_081","2019-09-03","2019-07-31","2019-08-28","2019-08-28T19:30Z","2019-09-03T20:30Z","NEON.LTR.NIWO057081.20190828","NEON.LTR.NIWO057081.20190828.LVS","NEON.DOC.001710vE","Leaves",0.0050,"N",,
"de40ad41-f11f-495f-9fff-cbe626e51fe2","NIWO_057.basePlot.ltr","D13","NIWO","NIWO_057","NIWO_057_081","2019-09-03","2019-07-31","2019-08-28","2019-08-28T19:30Z","2019-09-03T20:30Z","NEON.LTR.NIWO057081.20190828","NEON.LTR.NIWO057081.20190828.TWI","NEON.DOC.001710vE","Twigs/branches",0.4000,"Y",,
"05dae9d6-c449-4d34-b91f-da9948b9ddba","NIWO_067.basePlot.ltr","D13","NIWO","NIWO_067","NIWO_067_017","2019-09-03","2019-07-31","2019-08-28","2019-08-28T19:30Z","2019-09-03T20:30Z","NEON.LTR.NIWO067017.20190828","NEON.LTR.NIWO067017.20190828.WDY","NEON.DOC.001710vE","Woody material",0.0050,"N",,
"1e5503ae-904a-4e31-97c1-43be2f02e53b","NIWO_067.basePlot.ltr","D13","NIWO","NIWO_067","NIWO_067_017","2019-09-03","2019-07-31","2019-08-28","2019-08-28T19:30Z","2019-09-03T20:30Z","NEON.LTR.NIWO067017.20190828","NEON.LTR.NIWO067017.20190828.NDL","NEON.DOC.001710vE","Needles",2.0300,"N",,
"541622cd-a0c9-4a4a-9ffc-a5f1a09681df","NIWO_061.basePlot.ltr","D13","NIWO","NIWO_061","NIWO_061_169","2019-09-03","2019-07-31","2019-08-28","2019-08-28T19:30Z","2019-09-03T20:30Z","NEON.LTR.NIWO061169.20190828","NEON.LTR.NIWO061169.20190828.TWI","NEON.DOC.001710vE","Twigs/branches",0.1100,"N",,
"74b43f87-4207-4d8b-956f-2fb1b475e672","NIWO_064.basePlot.ltr","D13","NIWO","NIWO_064","NIWO_064_103","2019-09-03","2019-07-31","2019-08-28","2019-08-28T19:30Z","2019-09-03T20:30Z","NEON.LTR.NIWO064103.20190828","NEON.LTR.NIWO064103.20190828.OTH","NEON.DOC.001710vE","Other",0.0000,"N",,
"36720716-8a0a-4ad1-9bc0-ec3d4f6dc934","NIWO_058.basePlot.ltr","D13","NIWO","NIWO_058","NIWO_058_101","2019-09-03","2019-07-31","2019-08-28","2019-08-28T19:30Z","2019-09-03T20:30Z","NEON.LTR.NIWO058101.20190828","NEON.LTR.NIWO058101.20190828.MXT","NEON.DOC.001710vE","Mixed",0.0050,"N",,
"259da704-a50e-41e3-887e-d9127f189720","NIWO_040.basePlot.ltr","D13","NIWO","NIWO_040","NIWO_040_205","2019-09-03","2019-07-31","2019-08-28","2019-08-28T19:30Z","2019-09-03T20:30Z","NEON.LTR.NIWO040205.20190828","NEON.LTR.NIWO040205.20190828.FLR","NEON.DOC.001710vE","Flowers",0.1900,"Y",,
"efaf10a5-5d22-4636-8b2b-9ab90a4799c1","NIWO_046.basePlot.ltr","D13","NIWO","NIWO_046","NIWO_046_155","2019-09-03","2019-07-31","2019-08-28","2019-08-28T19:30Z","2019-09-03T20:30Z","NEON.LTR.NIWO046155.20190828","NEON.LTR.NIWO046155.20190828.NDL","NEON.DOC.001710vE","Needles",2.5300,"N",,
"e561bef8-2af1-49b8-8372-9a38eb4a699a","NIWO_067.basePlot.ltr","D13","NIWO","NIWO_067","NIWO_067_017","2019-09-03","2019-07-31","2019-08-28","2019-08-28T19:30Z","2019-09-03T20:30Z","NEON.LTR.NIWO067017.20190828","NEON.LTR.NIWO067017.20190828.FLR","NEON.DOC.001710vE","Flowers",0.0200,"N",,
"29c2436d-f3bf-436c-a344-219465e07681","NIWO_047.basePlot.ltr","D13","NIWO","NIWO_047","NIWO_047_197","2019-09-03","2019-07-31","2019-08-28","2019-08-28T19:30Z","2019-09-03T20:30Z","NEON.LTR.NIWO047197.20190828","NEON.LTR.NIWO047197.20190828.MXT","NEON.DOC.001710vE","Mixed",0.0050,"N",,
"4143eb02-a248-4db2-b2c2-d1e1dd4976f3","NIWO_063.basePlot.ltr","D13","NIWO","NIWO_063","NIWO_063_062","2019-09-03","2019-07-31","2019-08-28","2019-08-28T19:30Z","2019-09-03T20:30Z","NEON.LTR.NIWO063062.20190828","NEON.LTR.NIWO063062.20190828.FLR","NEON.DOC.001710vE","Flowers",0.0050,"N",,
"8ee34d2b-7080-4d1b-9ae7-ab645fb86f82","NIWO_057.basePlot.ltr","D13","NIWO","NIWO_057","NIWO_057_081","2019-09-03","2019-07-31","2019-08-28","2019-08-28T19:30Z","2019-09-03T20:30Z","NEON.LTR.NIWO057081.20190828","NEON.LTR.NIWO057081.20190828.SDS","NEON.DOC.001710vE","Seeds",0.0000,"N",,
"07a7f80d-76d4-450d-9a3c-bc82712bf7ad","NIWO_062.basePlot.ltr","D13","NIWO","NIWO_062","NIWO_062_050","2019-09-03","2019-07-31","2019-08-28","2019-08-28T19:30Z","2019-09-03T20:30Z","NEON.LTR.NIWO062050.20190828","NEON.LTR.NIWO062050.20190828.WDY","NEON.DOC.001710vE","Woody material",0.0050,"N",,
"a38e2ba2-289b-4ecb-9fba-deb7d5674587","NIWO_058.basePlot.ltr","D13","NIWO","NIWO_058","NIWO_058_101","2019-09-03","2019-07-31","2019-08-28","2019-08-28T19:30Z","2019-09-03T20:30Z","NEON.LTR.NIWO058101.20190828","NEON.LTR.NIWO058101.20190828.NDL","NEON.DOC.001710vE","Needles",1.0200,"Y",,
"07d00fb5-b19c-4b44-b1be-6aac28241660","NIWO_064.basePlot.ltr","D13","NIWO","NIWO_064","NIWO_064_103","2019-09-03","2019-07-31","2019-08-28","2019-08-28T19:30Z","2019-09-03T20:30Z","NEON.LTR.NIWO064103.20190828","NEON.LTR.NIWO064103.20190828.SDS","NEON.DOC.001710vE","Seeds",0.0050,"N",,
"5ed642d3-c878-4cd7-97f5-db81d6368835","NIWO_047.basePlot.ltr","D13","NIWO","NIWO_047","NIWO_047_197","2019-09-03","2019-07-31","2019-08-28","2019-08-28T19:30Z","2019-09-03T20:30Z","NEON.LTR.NIWO047197.20190828","NEON.LTR.NIWO047197.20190828.LVS","NEON.DOC.001710vE","Leaves",0.0050,"Y",,
"45295523-c6b3-421c-8b48-5442c8453f12","NIWO_061.basePlot.ltr","D13","NIWO","NIWO_061","NIWO_061_169","2019-09-03","2019-07-31","2019-08-28","2019-08-28T19:30Z","2019-09-03T20:30Z","NEON.LTR.NIWO061169.20190828","NEON.LTR.NIWO061169.20190828.WDY","NEON.DOC.001710vE","Woody material",1.1500,"N",,
"f42c13e3-942d-4598-ae74-9b52a3c6608f","NIWO_062.basePlot.ltr","D13","NIWO","NIWO_062","NIWO_062_050","2019-09-03","2019-07-31","2019-08-28","2019-08-28T19:30Z","2019-09-03T20:30Z","NEON.LTR.NIWO062050.20190828","NEON.LTR.NIWO062050.20190828.LVS","NEON.DOC.001710vE","Leaves",0.0050,"N",,
"fa4e136b-40d9-4e97-8df5-161a1b92192f","NIWO_047.basePlot.ltr","D13","NIWO","NIWO_047","NIWO_047_197","2019-09-03","2019-07-31","2019-08-28","2019-08-28T19:30Z","2019-09-03T20:30Z","NEON.LTR.NIWO047197.20190828","NEON.LTR.NIWO047197.20190828.LVS","NEON.DOC.001710vE","Leaves",0.0050,"N",,
"a7ab9fbe-7041-44da-938b-b1571d453fae","NIWO_067.basePlot.ltr","D13","NIWO","NIWO_067","NIWO_067_017","2019-09-03","2019-07-31","2019-08-28","2019-08-28T19:30Z","2019-09-03T20:30Z","NEON.LTR.NIWO067017.20190828","NEON.LTR.NIWO067017.20190828.NDL","NEON.DOC.001710vE","Needles",2.0300,"Y",,
"81161c60-d982-43a2-9779-d0131deff763","NIWO_064.basePlot.ltr","D13","NIWO","NIWO_064","NIWO_064_103","2019-09-03","2019-07-31","2019-08-28","2019-08-28T19:30Z","2019-09-03T20:30Z","NEON.LTR.NIWO064103.20190828","NEON.LTR.NIWO064103.20190828.TWI","NEON.DOC.001710vE","Twigs/branches",0.0000,"N",,
"b5fa50a6-3e0e-4243-ba63-f654d34db064","NIWO_051.basePlot.ltr","D13","NIWO","NIWO_051","NIWO_051_045","2019-09-03","2019-07-31","2019-08-28","2019-08-28T19:30Z","2019-09-03T20:30Z","NEON.LTR.NIWO051045.20190828","NEON.LTR.NIWO051045.20190828.WDY","NEON.DOC.001710vE","Woody material",0.0000,"N",,
"75b57f45-c184-46db-b930-2f84c8a683e5","NIWO_058.basePlot.ltr","D13","NIWO","NIWO_058","NIWO_058_101","2019-09-03","2019-07-31","2019-08-28","2019-08-28T19:30Z","2019-09-03T20:30Z","NEON.LTR.NIWO058101.20190828","NEON.LTR.NIWO058101.20190828.NDL","NEON.DOC.001710vE","Needles",1.0100,"N",,
"a8ab9eef-bfa3-4d9a-a2cd-856d00b88f68","NIWO_061.basePlot.ltr","D13","NIWO","NIWO_061","NIWO_061_169","2019-09-03","2019-07-31","2019-08-28","2019-08-28T19:30Z","2019-09-03T20:30Z","NEON.LTR.NIWO061169.20190828","NEON.LTR.NIWO061169.20190828.OTH","NEON.DOC.001710vE","Other",0.0000,"N",,
"baaa4e93-ae15-44b2-bb50-763dfd164476","NIWO_051.basePlot.ltr","D13","NIWO","NIWO_051","NIWO_051_045","2019-09-03","2019-07-31","2019-08-28","2019-08-28T19:30Z","2019-09-03T20:30Z","NEON.LTR.NIWO051045.20190828","NEON.LTR.NIWO051045.20190828.SDS","NEON.DOC.001710vE","Seeds",0.0000,"N",,
"2de4f237-8903-4923-8b87-7fc26cceb58f","NIWO_040.basePlot.ltr","D13","NIWO","NIWO_040","NIWO_040_205","2019-09-03","2019-07-31","2019-08-28","2019-08-28T19:30Z","2019-09-03T20:30Z","NEON.LTR.NIWO040205.20190828","NEON.LTR.NIWO040205.20190828.NDL","NEON.DOC.001710vE","Needles",1.8800,"N",,
"9bc2ddd4-238a-4378-8613-caf9903cfa4d","NIWO_046.basePlot.ltr","D13","NIWO","NIWO_046","NIWO_046_155","2019-09-03","2019-07-31","2019-08-28","2019-08-28T19:30Z","2019-09-03T20:30Z","NEON.LTR.NIWO046155.20190828","NEON.LTR.NIWO046155.20190828.FLR","NEON.DOC.001710vE","Flowers",0.0050,"N",,
"f17638eb-bc5b-4f34-9d93-075d29c84926","NIWO_047.basePlot.ltr","D13","NIWO","NIWO_047","NIWO_047_197","2019-09-03","2019-07-31","2019-08-28","2019-08-28T19:30Z","2019-09-03T20:30Z","NEON.LTR.NIWO047197.20190828","NEON.LTR.NIWO047197.20190828.NDL","NEON.DOC.001710vE","Needles",0.0200,"N",,
"880d5577-4a74-4615-b2e1-25bd4e5ddcad","NIWO_062.basePlot.ltr","D13","NIWO","NIWO_062","NIWO_062_050","2019-09-03","2019-07-31","2019-08-28","2019-08-28T19:30Z","2019-09-03T20:30Z","NEON.LTR.NIWO062050.20190828","NEON.LTR.NIWO062050.20190828.TWI","NEON.DOC.001710vE","Twigs/branches",0.0000,"N",,
"df9d487f-9fd5-4f38-8e04-0aac4b9e0f18","NIWO_051.basePlot.ltr","D13","NIWO","NIWO_051","NIWO_051_045","2019-09-03","2019-07-31","2019-08-28","2019-08-28T19:30Z","2019-09-03T20:30Z","NEON.LTR.NIWO051045.20190828","NEON.LTR.NIWO051045.20190828.NDL","NEON.DOC.001710vE","Needles",0.2000,"N",,
"55dfcaab-b716-4417-9b42-d44843e47370","NIWO_040.basePlot.ltr","D13","NIWO","NIWO_040","NIWO_040_205","2019-09-03","2019-07-31","2019-08-28","2019-08-28T19:30Z","2019-09-03T20:30Z","NEON.LTR.NIWO040205.20190828","NEON.LTR.NIWO040205.20190828.TWI","NEON.DOC.001710vE","Twigs/branches",0.0000,"N",,
"d6a6ef4e-87d9-4ca9-b6e5-67a146abbb4c","NIWO_046.basePlot.ltr","D13","NIWO","NIWO_046","NIWO_046_155","2019-09-03","2019-07-31","2019-08-28","2019-08-28T19:30Z","2019-09-03T20:30Z","NEON.LTR.NIWO046155.20190828","NEON.LTR.NIWO046155.20190828.SDS","NEON.DOC.001710vE","Seeds",0.0000,"N",,
"3c782e75-301f-4077-969e-d4c266c7c5c9","NIWO_046.basePlot.ltr","D13","NIWO","NIWO_046","NIWO_046_155","2019-09-03","2019-07-31","2019-08-28","2019-08-28T19:30Z","2019-09-03T20:30Z","NEON.LTR.NIWO046155.20190828","NEON.LTR.NIWO046155.20190828.OTH","NEON.DOC.001710vE","Other",0.0000,"N",,
"02313bd8-2e2a-4130-9799-dfdae5b1c241","NIWO_041.basePlot.ltr","D13","NIWO","NIWO_041","NIWO_041_059","2019-09-03","2019-07-31","2019-08-28","2019-08-28T19:30Z","2019-09-03T20:30Z","NEON.LTR.NIWO041059.20190828","NEON.LTR.NIWO041059.20190828.OTH","NEON.DOC.001710vE","Other",0.0000,"N",,
"720dad62-2286-4509-ba3c-cf2e0c88b45c","NIWO_051.basePlot.ltr","D13","NIWO","NIWO_051","NIWO_051_045","2019-09-03","2019-07-31","2019-08-28","2019-08-28T19:30Z","2019-09-03T20:30Z","NEON.LTR.NIWO051045.20190828","NEON.LTR.NIWO051045.20190828.LVS","NEON.DOC.001710vE","Leaves",0.0050,"N",,
"d8e2a296-94a3-4427-8f57-2625bce7c671","NIWO_057.basePlot.ltr","D13","NIWO","NIWO_057","NIWO_057_081","2019-09-03","2019-07-31","2019-08-28","2019-08-28T19:30Z","2019-09-03T20:30Z","NEON.LTR.NIWO057081.20190828","NEON.LTR.NIWO057081.20190828.NDL","NEON.DOC.001710vE","Needles",2.4000,"N",,
"8c0c22ad-01a7-43f6-aac6-432ffa62b189","NIWO_040.basePlot.ltr","D13","NIWO","NIWO_040","NIWO_040_205","2019-09-03","2019-07-31","2019-08-28","2019-08-28T19:30Z","2019-09-03T20:30Z","NEON.LTR.NIWO040205.20190828","NEON.LTR.NIWO040205.20190828.SDS","NEON.DOC.001710vE","Seeds",0.0050,"N",,
"64e7f1ae-7ebb-4f70-8585-1650d7740b4e","NIWO_046.basePlot.ltr","D13","NIWO","NIWO_046","NIWO_046_155","2019-09-03","2019-07-31","2019-08-28","2019-08-28T19:30Z","2019-09-03T20:30Z","NEON.LTR.NIWO046155.20190828","NEON.LTR.NIWO046155.20190828.LVS","NEON.DOC.001710vE","Leaves",0.0000,"N",,
"f004e1f6-0c63-42c3-bf2f-5883ce1e8a8f","NIWO_041.basePlot.ltr","D13","NIWO","NIWO_041","NIWO_041_059","2019-09-03","2019-07-31","2019-08-28","2019-08-28T19:30Z","2019-09-03T20:30Z","NEON.LTR.NIWO041059.20190828","NEON.LTR.NIWO041059.20190828.WDY","NEON.DOC.001710vE","Woody material",0.0050,"N",,
