uid,namedLocation,domainID,siteID,plotID,trapID,setDate,collectDate,eventID,trappingDays,fieldSampleID,samplingProtocolVersion,trapCondition,toxicodendronPossible,remarks,measuredBy,recordedBy
"ba03da98-c1fe-464f-aa3a-f9ebc32798f2","NIWO_040.basePlot.ltr","D13","NIWO","NIWO_040","NIWO_040_205","2019-07-31","2019-08-28","LTR.2019.NIWO.04",28,"NEON.LTR.NIWO040205.20190828","NEON.DOC.001710vE","OK - Litter collected - Trap in good shape, no issues","N",,,
"efd6bf3b-fc4b-476f-97e3-bc09538748f2","NIWO_046.basePlot.ltr","D13","NIWO","NIWO_046","NIWO_046_155","2019-07-31","2019-08-28","LTR.2019.NIWO.04",28,"NEON.LTR.NIWO046155.20190828","NEON.DOC.001710vE","OK - Litter collected - Trap in good shape, no issues","N",,,
"596edd48-6344-4226-9a6a-e1451f79aefa","NIWO_063.basePlot.ltr","D13","NIWO","NIWO_063","NIWO_063_062","2019-07-31","2019-08-28","LTR.2019.NIWO.04",28,"NEON.LTR.NIWO063062.20190828","NEON.DOC.001710vE","OK - Litter collected - Trap in good shape, no issues","N",,,
"d8a19bd0-1bb3-434e-aa8a-902f7f2845ae","NIWO_057.basePlot.ltr","D13","NIWO","NIWO_057","NIWO_057_081","2019-07-31","2019-08-28","LTR.2019.NIWO.04",28,"NEON.LTR.NIWO057081.20190828","NEON.DOC.001710vE","OK - Litter collected - Trap in good shape, no issues","N",,,
"9af40603-d98a-4e73-8c5c-25c121870741","NIWO_061.basePlot.ltr","D13","NIWO","NIWO_061","NIWO_061_169","2019-07-31","2019-08-28","LTR.2019.NIWO.04",28,"NEON.LTR.NIWO061169.20190828","NEON.DOC.001710vE","OK - Litter collected - Trap in good shape, no issues","N",,,
"8774998e-7462-461f-b9d9-5f0b4cf28312","NIWO_051.basePlot.ltr","D13","NIWO","NIWO_051","NIWO_051_045","2019-07-31","2019-08-28","LTR.2019.NIWO.04",28,"NEON.LTR.NIWO051045.20190828","NEON.DOC.001710vE","OK - Litter collected - Trap in good shape, no issues","N",,,
"a3cd6795-4a96-4e5b-9eff-b3c60cb83708","NIWO_047.basePlot.ltr","D13","NIWO","NIWO_047","NIWO_047_197","2019-07-31","2019-08-28","LTR.2019.NIWO.04",28,"NEON.LTR.NIWO047197.20190828","NEON.DOC.001710vE","OK - Litter collected - Trap in good shape, no issues","N",,,
"7eb22507-1d35-495c-b6d0-f3bea4c5afa1","NIWO_062.basePlot.ltr","D13","NIWO","NIWO_062","NIWO_062_050","2019-07-31","2019-08-28","LTR.2019.NIWO.04",28,"NEON.LTR.NIWO062050.20190828","NEON.DOC.001710vE","OK - Litter collected - Trap in good shape, no issues","N",,,
"fccd85d4-f4bb-4c2f-88a0-3695c73c1930","NIWO_041.basePlot.ltr","D13","NIWO","NIWO_041","NIWO_041_059","2019-07-31","2019-08-28","LTR.2019.NIWO.04",28,"NEON.LTR.NIWO041059.20190828","NEON.DOC.001710vE","OK - Litter collected - Trap in good shape, no issues","N",,,
"8fe27f2a-1d0f-48fc-a1d4-652b9b75b6e0","NIWO_067.basePlot.ltr","D13","NIWO","NIWO_067","NIWO_067_017","2019-07-31","2019-08-28","LTR.2019.NIWO.04",28,"NEON.LTR.NIWO067017.20190828","NEON.DOC.001710vE","OK - Litter collected - Trap in good shape, no issues","N",,,
"2a5b0c5a-519d-4b9b-b781-44ba2cb1ec5d","NIWO_064.basePlot.ltr","D13","NIWO","NIWO_064","NIWO_064_103","2019-07-31","2019-08-28","LTR.2019.NIWO.04",28,"NEON.LTR.NIWO064103.20190828","NEON.DOC.001710vE","OK - Litter collected - Trap in good shape, no issues","N",,,
"42b6a333-dfe3-497c-b485-d4ea2cfbf443","NIWO_058.basePlot.ltr","D13","NIWO","NIWO_058","NIWO_058_101","2019-07-31","2019-08-28","LTR.2019.NIWO.04",28,"NEON.LTR.NIWO058101.20190828","NEON.DOC.001710vE","OK - Litter collected - Trap in good shape, no issues","N",,,
