uid,namedLocation,domainID,siteID,plotID,trapID,setDate,collectDate,eventID,trappingDays,fieldSampleID,samplingProtocolVersion,trapCondition,toxicodendronPossible,remarks,measuredBy,recordedBy
"54f10e30-65d2-43ed-b888-17f47e2a735f","NIWO_040.basePlot.ltr","D13","NIWO","NIWO_040","NIWO_040_205","2015-09-29","2016-06-16","LTR.2016.NIWO.01",261,,"NEON.DOC.001710vE","TS - Litter not collected, not discarded - trap skipped",,"MOSTLY BURIED IN SNOW CANNON 103-0196 0197 0198 0199","dbradley@neoninc.org","pzerbe@field-ops.org"
"4eddd464-66ea-4a03-ba06-65fdcd623031","NIWO_051.basePlot.ltr","D13","NIWO","NIWO_051","NIWO_051_045","2015-09-29","2016-06-16","LTR.2016.NIWO.01",261,,"NEON.DOC.001710vE","TS - Litter not collected, not discarded - trap skipped",,"COVERED IN SNOW","dbradley@neoninc.org","pzerbe@field-ops.org"
"8553a72c-445e-47f8-9121-8ad8be050b3d","NIWO_067.basePlot.ltr","D13","NIWO","NIWO_067","NIWO_067_017","2015-09-29","2016-06-16","LTR.2016.NIWO.01",261,,"NEON.DOC.001710vE","TS - Litter not collected, not discarded - trap skipped",,"BURIED IN SNOW","dbradley@neoninc.org","pzerbe@field-ops.org"
"cd0814cb-6b3d-484b-96e7-c47a3a59ac09","NIWO_063.basePlot.ltr","D13","NIWO","NIWO_063","NIWO_063_062","2015-09-29","2016-06-16","LTR.2016.NIWO.01",261,,"NEON.DOC.001710vE","TS - Litter not collected, not discarded - trap skipped",,"BURIED IN SNOW","dbradley@neoninc.org","pzerbe@field-ops.org"
"32d86b44-4abc-4a83-bb57-07f58d449d5a","NIWO_046.basePlot.ltr","D13","NIWO","NIWO_046","NIWO_046_155","2015-09-29","2016-06-16","LTR.2016.NIWO.01",261,,"NEON.DOC.001710vE","TS - Litter not collected, not discarded - trap skipped",,"COVERED IN SNOW","dbradley@neoninc.org","pzerbe@field-ops.org"
"c6686825-c73c-4ea5-b821-b2397bdbfe24","NIWO_061.basePlot.ltr","D13","NIWO","NIWO_061","NIWO_061_169","2015-09-29","2016-06-16","LTR.2016.NIWO.01",261,"NEON.LTR.NIWO061169.20160616","NEON.DOC.001710vE","OK - Litter collected - Trap in good shape, no issues",,"GOOD CONDITION","dbradley@neoninc.org","pzerbe@field-ops.org"
"d7723860-e09a-4300-8c83-1e9f1fd41475","NIWO_062.basePlot.ltr","D13","NIWO","NIWO_062","NIWO_062_050","2015-09-29","2016-06-16","LTR.2016.NIWO.01",261,"NEON.LTR.NIWO062050.20160616","NEON.DOC.001710vE","OK - Litter collected - Trap in good shape, no issues",,"LEGS BENT","dbradley@neoninc.org","pzerbe@field-ops.org"
"32ac9462-4856-4a3f-aa79-8006849d2d3e","NIWO_047.basePlot.ltr","D13","NIWO","NIWO_047","NIWO_047_120","2015-09-29","2016-06-16","LTR.2016.NIWO.01",261,"NEON.LTR.NIWO047120.20160616","NEON.DOC.001710vE","OK - Litter collected - Trap in good shape, no issues",,,"dbradley@neoninc.org","pzerbe@field-ops.org"
"c14569b6-6e50-44e1-b2f6-ccacaa6bc201","NIWO_047.basePlot.ltr","D13","NIWO","NIWO_047","NIWO_047_197","2015-09-29","2016-06-16","LTR.2016.NIWO.01",261,"NEON.LTR.NIWO047197.20160616","NEON.DOC.001710vE","OK - Litter collected - Trap in good shape, no issues",,"NEEDS ROCK","dbradley@neoninc.org","pzerbe@field-ops.org"
"699ec0dd-a894-4161-9407-7dc54f257bd4","NIWO_058.basePlot.ltr","D13","NIWO","NIWO_058","NIWO_058_101","2015-09-29","2016-06-16","LTR.2016.NIWO.01",261,"NEON.LTR.NIWO058101.20160616","NEON.DOC.001710vE","OK - Litter collected - Trap in good shape, no issues",,"NORMAL","dbradley@neoninc.org","pzerbe@field-ops.org"
"03cd4bc1-76e2-49b8-8486-bb851410b685","NIWO_057.basePlot.ltr","D13","NIWO","NIWO_057","NIWO_057_081","2015-09-29","2016-06-16","LTR.2016.NIWO.01",261,"NEON.LTR.NIWO057081.20160616","NEON.DOC.001710vE","OK - Litter collected - Trap in good shape, no issues",,"HALF FILLED WITH SNOW","dbradley@neoninc.org","pzerbe@field-ops.org"
"1a6c7b2d-f722-4d5a-aab5-afe4c86a4e89","NIWO_041.basePlot.ltr","D13","NIWO","NIWO_041","NIWO_041_059","2015-09-29","2016-06-16","LTR.2016.NIWO.01",261,,"NEON.DOC.001710vE","TS - Litter not collected, not discarded - trap skipped",,"BURIED IN 8FT OF SNOW CANNON 103-0193-0194-0195","dbradley@neoninc.org","pzerbe@field-ops.org"
"b70b8784-7c5e-415e-b0f9-8abde0dd6593","NIWO_064.basePlot.ltr","D13","NIWO","NIWO_064","NIWO_064_103","2015-09-29","2016-06-16","LTR.2016.NIWO.01",261,"NEON.LTR.NIWO064103.20160616","NEON.DOC.001710vE","OK - Litter collected - Trap in good shape, no issues",,,"arothchild@field-ops.org","szrillo@field-ops.org"
