uid,namedLocation,domainID,siteID,plotID,trapID,weighDate,setDate,collectDate,ovenStartDate,ovenEndDate,fieldSampleID,massSampleID,samplingProtocolVersion,functionalGroup,dryMass,qaDryMass,remarks,measuredBy
"bea4f56e-cea7-4163-ade6-7ccecdd7f829","NIWO_064.basePlot.ltr","D13","NIWO","NIWO_064","NIWO_064_103","2019-06-10","2018-11-21","2019-06-05","2019-06-06T21:10Z","2019-06-10T21:40Z","NEON.LTR.NIWO064103.20190605","NEON.LTR.NIWO064103.20190605.WDY","NEON.DOC.001710vE","Woody material",0.2300,"N",,
"0a64d9c5-0edc-4085-aca7-86f73ae89ecb","NIWO_064.basePlot.ltr","D13","NIWO","NIWO_064","NIWO_064_103","2019-06-10","2018-11-21","2019-06-05","2019-06-06T21:10Z","2019-06-10T21:40Z","NEON.LTR.NIWO064103.20190605","NEON.LTR.NIWO064103.20190605.FLR","NEON.DOC.001710vE","Flowers",0.0050,"N",,
"3d6195d9-696c-452e-bea5-d8ed3dbfc55f","NIWO_064.basePlot.ltr","D13","NIWO","NIWO_064","NIWO_064_103","2019-06-10","2018-11-21","2019-06-05","2019-06-06T21:10Z","2019-06-10T21:40Z","NEON.LTR.NIWO064103.20190605","NEON.LTR.NIWO064103.20190605.NDL","NEON.DOC.001710vE","Needles",3.6900,"Y",,
"ac9a450f-4472-4afd-8839-389794fb5bcd","NIWO_064.basePlot.ltr","D13","NIWO","NIWO_064","NIWO_064_103","2019-06-10","2018-11-21","2019-06-05","2019-06-06T21:10Z","2019-06-10T21:40Z","NEON.LTR.NIWO064103.20190605","NEON.LTR.NIWO064103.20190605.TWI","NEON.DOC.001710vE","Twigs/branches",0.4000,"N",,
"253ecd97-b0fc-41ec-a01b-0c4d1b127822","NIWO_064.basePlot.ltr","D13","NIWO","NIWO_064","NIWO_064_103","2019-06-10","2018-11-21","2019-06-05","2019-06-06T21:10Z","2019-06-10T21:40Z","NEON.LTR.NIWO064103.20190605","NEON.LTR.NIWO064103.20190605.OTH","NEON.DOC.001710vE","Other",0.0000,"N",,
"64e22c05-5381-4cc6-a8b2-7e143e24c030","NIWO_064.basePlot.ltr","D13","NIWO","NIWO_064","NIWO_064_103","2019-06-10","2018-11-21","2019-06-05","2019-06-06T21:10Z","2019-06-10T21:40Z","NEON.LTR.NIWO064103.20190605","NEON.LTR.NIWO064103.20190605.WDY","NEON.DOC.001710vE","Woody material",0.2300,"Y",,
"29b3457a-daef-45fa-801b-533f979a8014","NIWO_064.basePlot.ltr","D13","NIWO","NIWO_064","NIWO_064_103","2019-06-10","2018-11-21","2019-06-05","2019-06-06T21:10Z","2019-06-10T21:40Z","NEON.LTR.NIWO064103.20190605","NEON.LTR.NIWO064103.20190605.FLR","NEON.DOC.001710vE","Flowers",0.0050,"Y",,
"482a1be7-87d0-4127-bf38-2d9519c52961","NIWO_064.basePlot.ltr","D13","NIWO","NIWO_064","NIWO_064_103","2019-06-10","2018-11-21","2019-06-05","2019-06-06T21:10Z","2019-06-10T21:40Z","NEON.LTR.NIWO064103.20190605","NEON.LTR.NIWO064103.20190605.SDS","NEON.DOC.001710vE","Seeds",0.0000,"N",,
"e62430dc-627e-475c-b967-73305c84f406","NIWO_064.basePlot.ltr","D13","NIWO","NIWO_064","NIWO_064_103","2019-06-10","2018-11-21","2019-06-05","2019-06-06T21:10Z","2019-06-10T21:40Z","NEON.LTR.NIWO064103.20190605","NEON.LTR.NIWO064103.20190605.TWI","NEON.DOC.001710vE","Twigs/branches",0.4100,"Y",,
"80767759-50ab-4b0d-b01a-35a6aaf2482b","NIWO_064.basePlot.ltr","D13","NIWO","NIWO_064","NIWO_064_103","2019-06-10","2018-11-21","2019-06-05","2019-06-06T21:10Z","2019-06-10T21:40Z","NEON.LTR.NIWO064103.20190605","NEON.LTR.NIWO064103.20190605.NDL","NEON.DOC.001710vE","Needles",3.6800,"N",,
"3a0bf2b0-9567-4721-8fad-c05dde7dd4da","NIWO_064.basePlot.ltr","D13","NIWO","NIWO_064","NIWO_064_103","2019-06-10","2018-11-21","2019-06-05","2019-06-06T21:10Z","2019-06-10T21:40Z","NEON.LTR.NIWO064103.20190605","NEON.LTR.NIWO064103.20190605.LVS","NEON.DOC.001710vE","Leaves",0.0000,"N",,
