uid,namedLocation,domainID,siteID,plotID,trapID,setDate,collectDate,eventID,trappingDays,fieldSampleID,samplingProtocolVersion,trapCondition,toxicodendronPossible,remarks,measuredBy,recordedBy
"cd85f4f0-b1d8-48f6-997e-75b9be02889a","NIWO_051.basePlot.ltr","D13","NIWO","NIWO_051","NIWO_051_103","2018-09-27","2019-09-25","LTR.2019.NIWO.01",363,"NEON.LTR.NIWO051103.20190925","NEON.DOC.001710vG","OK - Litter collected - Trap in good shape, no issues","N",,,
"24d3d510-e767-40f3-a627-115ffec8d12b","NIWO_064.basePlot.ltr","D13","NIWO","NIWO_064","NIWO_064_159","2018-09-27","2019-09-25","LTR.2019.NIWO.01",363,"NEON.LTR.NIWO064159.20190925","NEON.DOC.001710vG","OK - Litter collected - Trap in good shape, no issues","N",,,
"a777c16c-64fd-460d-83ad-9e583f5e69aa","NIWO_040.basePlot.ltr","D13","NIWO","NIWO_040","NIWO_040_139","2018-09-27","2019-09-25","LTR.2019.NIWO.01",363,,"NEON.DOC.001710vG","TE - Litter not collected - trap empty","N",,,
"deec2c93-ff05-4099-85d7-0bd3f7073fc9","NIWO_058.basePlot.ltr","D13","NIWO","NIWO_058","NIWO_058_121","2018-09-27","2019-09-25","LTR.2019.NIWO.01",363,,"NEON.DOC.001710vG","TE - Litter not collected - trap empty","N",,,
"9486c4fc-883d-41d7-9182-e9b3147c2a9b","NIWO_061.basePlot.ltr","D13","NIWO","NIWO_061","NIWO_061_065","2018-09-27","2019-09-25","LTR.2019.NIWO.01",363,,"NEON.DOC.001710vG","TE - Litter not collected - trap empty","N",,,
"646eb445-cef4-4214-ae0a-505ce77b5b11","NIWO_046.basePlot.ltr","D13","NIWO","NIWO_046","NIWO_046_006","2018-09-27","2019-09-25","LTR.2019.NIWO.01",363,,"NEON.DOC.001710vG","TE - Litter not collected - trap empty","N",,,
"dea050a0-c531-4cbe-87dd-d9400195901e","NIWO_062.basePlot.ltr","D13","NIWO","NIWO_062","NIWO_062_092","2018-09-27","2019-09-25","LTR.2019.NIWO.01",363,,"NEON.DOC.001710vG","TE - Litter not collected - trap empty","N",,,
"eeb17dc6-84f1-4421-a441-cb0729b68eef","NIWO_041.basePlot.ltr","D13","NIWO","NIWO_041","NIWO_041_144","2018-09-27","2019-09-25","LTR.2019.NIWO.01",363,,"NEON.DOC.001710vG","TE - Litter not collected - trap empty","N",,,
"89b6c377-bc92-4305-81de-bf42e3d5b58b","NIWO_067.basePlot.ltr","D13","NIWO","NIWO_067","NIWO_067_043","2018-09-27","2019-09-25","LTR.2019.NIWO.01",363,,"NEON.DOC.001710vG","TE - Litter not collected - trap empty","N",,,
"25955f2a-0805-4feb-8cc7-740c6556c16c","NIWO_047.basePlot.ltr","D13","NIWO","NIWO_047","NIWO_047_120","2018-09-27","2019-09-25","LTR.2019.NIWO.01",363,,"NEON.DOC.001710vG","TE - Litter not collected - trap empty","N",,,
"89173c1e-3333-41b7-907c-84e5e9c619b3","NIWO_057.basePlot.ltr","D13","NIWO","NIWO_057","NIWO_057_095","2018-09-27","2019-09-25","LTR.2019.NIWO.01",363,,"NEON.DOC.001710vG","TE - Litter not collected - trap empty","N",,,
"47677402-324e-46c3-8d41-6921af49f9b4","NIWO_063.basePlot.ltr","D13","NIWO","NIWO_063","NIWO_063_210","2018-09-27","2019-09-25","LTR.2019.NIWO.01",363,,"NEON.DOC.001710vG","TE - Litter not collected - trap empty","N",,,
"6ba8b67b-d2a4-4bee-8802-c668e9796d48","NIWO_062.basePlot.ltr","D13","NIWO","NIWO_062","NIWO_062_050","2019-08-28","2019-09-25","LTR.2019.NIWO.05",28,"NEON.LTR.NIWO062050.20190925","NEON.DOC.001710vG","OK - Litter collected - Trap in good shape, no issues","N",,,
"bda43010-afd2-4797-a1f3-42e27cffe385","NIWO_061.basePlot.ltr","D13","NIWO","NIWO_061","NIWO_061_169","2019-08-28","2019-09-25","LTR.2019.NIWO.05",28,"NEON.LTR.NIWO061169.20190925","NEON.DOC.001710vG","OK - Litter collected - Trap in good shape, no issues","N",,,
"fdfa66ff-6b1e-4d0e-b05b-578b328c67ac","NIWO_047.basePlot.ltr","D13","NIWO","NIWO_047","NIWO_047_197","2019-08-28","2019-09-25","LTR.2019.NIWO.05",28,"NEON.LTR.NIWO047197.20190925","NEON.DOC.001710vG","OK - Litter collected - Trap in good shape, no issues","N",,,
"f697262a-03f7-42f0-9d8a-9390a90d500f","NIWO_051.basePlot.ltr","D13","NIWO","NIWO_051","NIWO_051_045","2019-08-28","2019-09-25","LTR.2019.NIWO.05",28,"NEON.LTR.NIWO051045.20190925","NEON.DOC.001710vG","OK - Litter collected - Trap in good shape, no issues","N",,,
"35e48053-7704-459f-8004-79fb0ac93833","NIWO_057.basePlot.ltr","D13","NIWO","NIWO_057","NIWO_057_081","2019-08-28","2019-09-25","LTR.2019.NIWO.05",28,"NEON.LTR.NIWO057081.20190925","NEON.DOC.001710vG","OK - Litter collected - Trap in good shape, no issues","N",,,
"70c773d3-6166-440c-90ea-986ebea8e455","NIWO_064.basePlot.ltr","D13","NIWO","NIWO_064","NIWO_064_103","2019-08-28","2019-09-25","LTR.2019.NIWO.05",28,"NEON.LTR.NIWO064103.20190925","NEON.DOC.001710vG","OK - Litter collected - Trap in good shape, no issues","N",,,
"5a423206-9878-4fa0-a77b-55022465c139","NIWO_046.basePlot.ltr","D13","NIWO","NIWO_046","NIWO_046_155","2019-08-28","2019-09-25","LTR.2019.NIWO.05",28,"NEON.LTR.NIWO046155.20190925","NEON.DOC.001710vG","OK - Litter collected - Trap in good shape, no issues","N",,,
"dd839028-cafd-436a-a7ca-57d32221ef49","NIWO_040.basePlot.ltr","D13","NIWO","NIWO_040","NIWO_040_205","2019-08-28","2019-09-25","LTR.2019.NIWO.05",28,"NEON.LTR.NIWO040205.20190925","NEON.DOC.001710vG","OK - Litter collected - Trap in good shape, no issues","N",,,
"14c8ce45-7c53-4cc3-a22b-179f7f26ee13","NIWO_058.basePlot.ltr","D13","NIWO","NIWO_058","NIWO_058_101","2019-08-28","2019-09-25","LTR.2019.NIWO.05",28,"NEON.LTR.NIWO058101.20190925","NEON.DOC.001710vG","OK - Litter collected - Trap in good shape, no issues","N",,,
"49adf113-6d92-4654-94b0-6693f0997d60","NIWO_041.basePlot.ltr","D13","NIWO","NIWO_041","NIWO_041_059","2019-08-28","2019-09-25","LTR.2019.NIWO.05",28,"NEON.LTR.NIWO041059.20190925","NEON.DOC.001710vG","OK - Litter collected - Trap in good shape, no issues","N",,,
"351e11f2-2f3e-4403-83ef-6a2ebaee75f0","NIWO_067.basePlot.ltr","D13","NIWO","NIWO_067","NIWO_067_017","2019-08-28","2019-09-25","LTR.2019.NIWO.05",28,"NEON.LTR.NIWO067017.20190925","NEON.DOC.001710vG","OK - Litter collected - Trap in good shape, no issues","N",,,
"2498c615-2751-43b9-9f1d-6b37040984f7","NIWO_063.basePlot.ltr","D13","NIWO","NIWO_063","NIWO_063_062","2019-08-28","2019-09-25","LTR.2019.NIWO.05",28,"NEON.LTR.NIWO063062.20190925","NEON.DOC.001710vG","OK - Litter collected - Trap in good shape, no issues","N",,,
