uid,namedLocation,domainID,siteID,plotID,trapID,weighDate,setDate,collectDate,ovenStartDate,ovenEndDate,fieldSampleID,massSampleID,samplingProtocolVersion,functionalGroup,dryMass,qaDryMass,remarks,measuredBy
"41a87e8e-e6b1-4018-89f7-77bbcef7e5d0","NIWO_051.basePlot.ltr","D13","NIWO","NIWO_051","NIWO_051_103","2019-09-30","2018-09-27","2019-09-25","2019-09-25T21:30Z","2019-09-30T20:45Z","NEON.LTR.NIWO051103.20190925","NEON.LTR.NIWO051103.20190925.LVS","NEON.DOC.001710vG","Leaves",0.0000,"N",,
"d5b5fc37-2363-49f5-82c1-957cf96a6d9a","NIWO_064.basePlot.ltr","D13","NIWO","NIWO_064","NIWO_064_159","2019-09-30","2018-09-27","2019-09-25","2019-09-25T21:30Z","2019-09-30T20:45Z","NEON.LTR.NIWO064159.20190925","NEON.LTR.NIWO064159.20190925.WDY","NEON.DOC.001710vG","Woody material",0.0000,"N",,
"aa4f1bb6-d4f9-4de4-a64d-43c55fb5f9f4","NIWO_051.basePlot.ltr","D13","NIWO","NIWO_051","NIWO_051_103","2019-09-30","2018-09-27","2019-09-25","2019-09-25T21:30Z","2019-09-30T20:45Z","NEON.LTR.NIWO051103.20190925","NEON.LTR.NIWO051103.20190925.OTH","NEON.DOC.001710vG","Other",0.0000,"N",,
"4b2be502-067a-4238-96c7-8173f9ee821b","NIWO_051.basePlot.ltr","D13","NIWO","NIWO_051","NIWO_051_103","2019-09-30","2018-09-27","2019-09-25","2019-09-25T21:30Z","2019-09-30T20:45Z","NEON.LTR.NIWO051103.20190925","NEON.LTR.NIWO051103.20190925.MXT","NEON.DOC.001710vG","Mixed",0.0000,"N",,
"07f76fc8-bac6-4dab-8f59-79ab92086f9c","NIWO_051.basePlot.ltr","D13","NIWO","NIWO_051","NIWO_051_103","2019-09-30","2018-09-27","2019-09-25","2019-09-25T21:30Z","2019-09-30T20:45Z","NEON.LTR.NIWO051103.20190925","NEON.LTR.NIWO051103.20190925.TWI","NEON.DOC.001710vG","Twigs/branches",21.1300,"N",,
"b6430802-9b4b-4b56-8aab-4d77b865d39d","NIWO_051.basePlot.ltr","D13","NIWO","NIWO_051","NIWO_051_103","2019-09-30","2018-09-27","2019-09-25","2019-09-25T21:30Z","2019-09-30T20:45Z","NEON.LTR.NIWO051103.20190925","NEON.LTR.NIWO051103.20190925.WDY","NEON.DOC.001710vG","Woody material",0.0000,"N",,
"1dec7062-c03e-47a9-91c4-fd26d4a8fe52","NIWO_064.basePlot.ltr","D13","NIWO","NIWO_064","NIWO_064_159","2019-09-30","2018-09-27","2019-09-25","2019-09-25T21:30Z","2019-09-30T20:45Z","NEON.LTR.NIWO064159.20190925","NEON.LTR.NIWO064159.20190925.MXT","NEON.DOC.001710vG","Mixed",0.0000,"N",,
"d670be1d-39f2-454b-a09a-bb30092bec4e","NIWO_064.basePlot.ltr","D13","NIWO","NIWO_064","NIWO_064_159","2019-09-30","2018-09-27","2019-09-25","2019-09-25T21:30Z","2019-09-30T20:45Z","NEON.LTR.NIWO064159.20190925","NEON.LTR.NIWO064159.20190925.LVS","NEON.DOC.001710vG","Leaves",0.0000,"N",,
"6fa04337-a50a-4874-87a8-2e994ba77382","NIWO_064.basePlot.ltr","D13","NIWO","NIWO_064","NIWO_064_159","2019-09-30","2018-09-27","2019-09-25","2019-09-25T21:30Z","2019-09-30T20:45Z","NEON.LTR.NIWO064159.20190925","NEON.LTR.NIWO064159.20190925.TWI","NEON.DOC.001710vG","Twigs/branches",25.2900,"N",,
"86b7bfb7-4c6b-4e8a-91ff-63a3d9843fb2","NIWO_064.basePlot.ltr","D13","NIWO","NIWO_064","NIWO_064_159","2019-09-30","2018-09-27","2019-09-25","2019-09-25T21:30Z","2019-09-30T20:45Z","NEON.LTR.NIWO064159.20190925","NEON.LTR.NIWO064159.20190925.OTH","NEON.DOC.001710vG","Other",0.0000,"N",,
"a7543e3b-4bd4-4669-8a1a-ac8797286040","NIWO_041.basePlot.ltr","D13","NIWO","NIWO_041","NIWO_041_059","2019-09-30","2019-08-28","2019-09-25","2019-09-25T21:30Z","2019-09-30T20:45Z","NEON.LTR.NIWO041059.20190925","NEON.LTR.NIWO041059.20190925.LVS","NEON.DOC.001710vG","Leaves",0.0000,"N",,
"d29f0b6c-154e-43a3-ad31-af2c26954421","NIWO_041.basePlot.ltr","D13","NIWO","NIWO_041","NIWO_041_059","2019-09-30","2019-08-28","2019-09-25","2019-09-25T21:30Z","2019-09-30T20:45Z","NEON.LTR.NIWO041059.20190925","NEON.LTR.NIWO041059.20190925.FLR","NEON.DOC.001710vG","Flowers",0.0000,"N",,
"2cba6dfc-c409-44fa-b33f-88d76e427ff0","NIWO_062.basePlot.ltr","D13","NIWO","NIWO_062","NIWO_062_050","2019-09-30","2019-08-28","2019-09-25","2019-09-25T21:30Z","2019-09-30T20:45Z","NEON.LTR.NIWO062050.20190925","NEON.LTR.NIWO062050.20190925.FLR","NEON.DOC.001710vG","Flowers",0.0050,"N",,
"ec5d47de-c28e-48a7-82ab-c7295d241d35","NIWO_051.basePlot.ltr","D13","NIWO","NIWO_051","NIWO_051_045","2019-09-30","2019-08-28","2019-09-25","2019-09-25T21:30Z","2019-09-30T20:45Z","NEON.LTR.NIWO051045.20190925","NEON.LTR.NIWO051045.20190925.SDS","NEON.DOC.001710vG","Seeds",0.0050,"N",,
"cb60ca10-044e-41f0-9f7e-64ee4062ea43","NIWO_061.basePlot.ltr","D13","NIWO","NIWO_061","NIWO_061_169","2019-09-30","2019-08-28","2019-09-25","2019-09-25T21:30Z","2019-09-30T20:45Z","NEON.LTR.NIWO061169.20190925","NEON.LTR.NIWO061169.20190925.LVS","NEON.DOC.001710vG","Leaves",0.0000,"N",,
"26665847-e222-4942-93dd-8bf54942fca0","NIWO_051.basePlot.ltr","D13","NIWO","NIWO_051","NIWO_051_045","2019-09-30","2019-08-28","2019-09-25","2019-09-25T21:30Z","2019-09-30T20:45Z","NEON.LTR.NIWO051045.20190925","NEON.LTR.NIWO051045.20190925.NDL","NEON.DOC.001710vG","Needles",0.3100,"N",,
"0b33cb47-bee6-497c-98bb-04e7a8b910af","NIWO_061.basePlot.ltr","D13","NIWO","NIWO_061","NIWO_061_169","2019-09-30","2019-08-28","2019-09-25","2019-09-25T21:30Z","2019-09-30T20:45Z","NEON.LTR.NIWO061169.20190925","NEON.LTR.NIWO061169.20190925.WDY","NEON.DOC.001710vG","Woody material",1.7900,"N",,
"d57569cd-c743-4b15-ae5d-506a871ba0f2","NIWO_058.basePlot.ltr","D13","NIWO","NIWO_058","NIWO_058_101","2019-09-30","2019-08-28","2019-09-25","2019-09-25T21:30Z","2019-09-30T20:45Z","NEON.LTR.NIWO058101.20190925","NEON.LTR.NIWO058101.20190925.WDY","NEON.DOC.001710vG","Woody material",0.0000,"N",,
"4d76dcec-e918-4c94-8b0e-68c1e6fe9578","NIWO_061.basePlot.ltr","D13","NIWO","NIWO_061","NIWO_061_169","2019-09-30","2019-08-28","2019-09-25","2019-09-25T21:30Z","2019-09-30T20:45Z","NEON.LTR.NIWO061169.20190925","NEON.LTR.NIWO061169.20190925.FLR","NEON.DOC.001710vG","Flowers",0.0200,"N",,
"1d3cf5bc-8860-4200-b77c-05e250195d41","NIWO_041.basePlot.ltr","D13","NIWO","NIWO_041","NIWO_041_059","2019-09-30","2019-08-28","2019-09-25","2019-09-25T21:30Z","2019-09-30T20:45Z","NEON.LTR.NIWO041059.20190925","NEON.LTR.NIWO041059.20190925.SDS","NEON.DOC.001710vG","Seeds",0.0000,"N",,
"ac4ddc36-a14e-4a7a-b423-2703127880ce","NIWO_064.basePlot.ltr","D13","NIWO","NIWO_064","NIWO_064_103","2019-09-30","2019-08-28","2019-09-25","2019-09-25T21:30Z","2019-09-30T20:45Z","NEON.LTR.NIWO064103.20190925","NEON.LTR.NIWO064103.20190925.MXT","NEON.DOC.001710vG","Mixed",0.1100,"N",,
"0b567253-8672-4869-9dd6-d1f80222f3f5","NIWO_063.basePlot.ltr","D13","NIWO","NIWO_063","NIWO_063_062","2019-09-30","2019-08-28","2019-09-25","2019-09-25T21:30Z","2019-09-30T20:45Z","NEON.LTR.NIWO063062.20190925","NEON.LTR.NIWO063062.20190925.MXT","NEON.DOC.001710vG","Mixed",0.0050,"N",,
"c449dad0-f38e-459a-b886-c54af1ea1995","NIWO_047.basePlot.ltr","D13","NIWO","NIWO_047","NIWO_047_197","2019-09-30","2019-08-28","2019-09-25","2019-09-25T21:30Z","2019-09-30T20:45Z","NEON.LTR.NIWO047197.20190925","NEON.LTR.NIWO047197.20190925.WDY","NEON.DOC.001710vG","Woody material",0.0000,"N",,
"5d156f46-9222-479c-8fc5-479c904fb23d","NIWO_057.basePlot.ltr","D13","NIWO","NIWO_057","NIWO_057_081","2019-09-30","2019-08-28","2019-09-25","2019-09-25T21:30Z","2019-09-30T20:45Z","NEON.LTR.NIWO057081.20190925","NEON.LTR.NIWO057081.20190925.LVS","NEON.DOC.001710vG","Leaves",0.0000,"N",,
"5d884679-fc17-4ed7-85d1-e4cd73aeba9b","NIWO_051.basePlot.ltr","D13","NIWO","NIWO_051","NIWO_051_045","2019-09-30","2019-08-28","2019-09-25","2019-09-25T21:30Z","2019-09-30T20:45Z","NEON.LTR.NIWO051045.20190925","NEON.LTR.NIWO051045.20190925.FLR","NEON.DOC.001710vG","Flowers",0.0000,"N",,
"fa4afe2e-f2ac-4701-bb57-6d144976f477","NIWO_064.basePlot.ltr","D13","NIWO","NIWO_064","NIWO_064_103","2019-09-30","2019-08-28","2019-09-25","2019-09-25T21:30Z","2019-09-30T20:45Z","NEON.LTR.NIWO064103.20190925","NEON.LTR.NIWO064103.20190925.NDL","NEON.DOC.001710vG","Needles",3.2100,"N",,
"553b8a6a-163a-4722-837c-f6103c0c7f74","NIWO_046.basePlot.ltr","D13","NIWO","NIWO_046","NIWO_046_155","2019-09-30","2019-08-28","2019-09-25","2019-09-25T21:30Z","2019-09-30T20:45Z","NEON.LTR.NIWO046155.20190925","NEON.LTR.NIWO046155.20190925.TWI","NEON.DOC.001710vG","Twigs/branches",0.4700,"Y",,
"07fe0374-ed80-4df1-b986-7f160e921e35","NIWO_047.basePlot.ltr","D13","NIWO","NIWO_047","NIWO_047_197","2019-09-30","2019-08-28","2019-09-25","2019-09-25T21:30Z","2019-09-30T20:45Z","NEON.LTR.NIWO047197.20190925","NEON.LTR.NIWO047197.20190925.TWI","NEON.DOC.001710vG","Twigs/branches",0.0000,"N",,
"4d8e7676-10f9-4252-b0f3-10fe757e5ff2","NIWO_061.basePlot.ltr","D13","NIWO","NIWO_061","NIWO_061_169","2019-09-30","2019-08-28","2019-09-25","2019-09-25T21:30Z","2019-09-30T20:45Z","NEON.LTR.NIWO061169.20190925","NEON.LTR.NIWO061169.20190925.OTH","NEON.DOC.001710vG","Other",0.0000,"N",,
"b5255c64-592b-4273-9746-740d7b46011c","NIWO_058.basePlot.ltr","D13","NIWO","NIWO_058","NIWO_058_101","2019-09-30","2019-08-28","2019-09-25","2019-09-25T21:30Z","2019-09-30T20:45Z","NEON.LTR.NIWO058101.20190925","NEON.LTR.NIWO058101.20190925.TWI","NEON.DOC.001710vG","Twigs/branches",0.0000,"N",,
"265c7226-2704-4ba4-a79f-76ed2fa1aba6","NIWO_057.basePlot.ltr","D13","NIWO","NIWO_057","NIWO_057_081","2019-09-30","2019-08-28","2019-09-25","2019-09-25T21:30Z","2019-09-30T20:45Z","NEON.LTR.NIWO057081.20190925","NEON.LTR.NIWO057081.20190925.MXT","NEON.DOC.001710vG","Mixed",0.4900,"N",,
"0deb2160-a164-4604-b3c0-4c09c6023e16","NIWO_040.basePlot.ltr","D13","NIWO","NIWO_040","NIWO_040_205","2019-09-30","2019-08-28","2019-09-25","2019-09-25T21:30Z","2019-09-30T20:45Z","NEON.LTR.NIWO040205.20190925","NEON.LTR.NIWO040205.20190925.NDL","NEON.DOC.001710vG","Needles",3.5800,"Y",,
"3ba9ed56-5db6-4a0f-a3fa-f6a4d11dd3b3","NIWO_058.basePlot.ltr","D13","NIWO","NIWO_058","NIWO_058_101","2019-09-30","2019-08-28","2019-09-25","2019-09-25T21:30Z","2019-09-30T20:45Z","NEON.LTR.NIWO058101.20190925","NEON.LTR.NIWO058101.20190925.SDS","NEON.DOC.001710vG","Seeds",0.0050,"N",,
"88dd975c-7b5e-49cd-8fcc-8475cc1064e2","NIWO_046.basePlot.ltr","D13","NIWO","NIWO_046","NIWO_046_155","2019-09-30","2019-08-28","2019-09-25","2019-09-25T21:30Z","2019-09-30T20:45Z","NEON.LTR.NIWO046155.20190925","NEON.LTR.NIWO046155.20190925.NDL","NEON.DOC.001710vG","Needles",3.9600,"N",,
"0a4a3583-69e4-4159-a43c-32b8104f8a1a","NIWO_041.basePlot.ltr","D13","NIWO","NIWO_041","NIWO_041_059","2019-09-30","2019-08-28","2019-09-25","2019-09-25T21:30Z","2019-09-30T20:45Z","NEON.LTR.NIWO041059.20190925","NEON.LTR.NIWO041059.20190925.WDY","NEON.DOC.001710vG","Woody material",0.0050,"N",,
"539acee3-3e9d-4786-8074-c74d8b93518e","NIWO_061.basePlot.ltr","D13","NIWO","NIWO_061","NIWO_061_169","2019-09-30","2019-08-28","2019-09-25","2019-09-25T21:30Z","2019-09-30T20:45Z","NEON.LTR.NIWO061169.20190925","NEON.LTR.NIWO061169.20190925.MXT","NEON.DOC.001710vG","Mixed",0.1400,"N",,
"36812925-21cf-452d-b355-12b836fe6413","NIWO_067.basePlot.ltr","D13","NIWO","NIWO_067","NIWO_067_017","2019-09-30","2019-08-28","2019-09-25","2019-09-25T21:30Z","2019-09-30T20:45Z","NEON.LTR.NIWO067017.20190925","NEON.LTR.NIWO067017.20190925.LVS","NEON.DOC.001710vG","Leaves",0.0050,"N",,
"4bfca5ad-f757-4177-a4d6-3b5b6cb9daea","NIWO_063.basePlot.ltr","D13","NIWO","NIWO_063","NIWO_063_062","2019-09-30","2019-08-28","2019-09-25","2019-09-25T21:30Z","2019-09-30T20:45Z","NEON.LTR.NIWO063062.20190925","NEON.LTR.NIWO063062.20190925.FLR","NEON.DOC.001710vG","Flowers",0.0050,"N",,
"9ec3c902-b5d2-4c04-b74e-299c1ae4d4e3","NIWO_058.basePlot.ltr","D13","NIWO","NIWO_058","NIWO_058_101","2019-09-30","2019-08-28","2019-09-25","2019-09-25T21:30Z","2019-09-30T20:45Z","NEON.LTR.NIWO058101.20190925","NEON.LTR.NIWO058101.20190925.NDL","NEON.DOC.001710vG","Needles",3.0400,"N",,
"462af257-c0e9-4a89-ba6c-ba2e40298884","NIWO_051.basePlot.ltr","D13","NIWO","NIWO_051","NIWO_051_045","2019-09-30","2019-08-28","2019-09-25","2019-09-25T21:30Z","2019-09-30T20:45Z","NEON.LTR.NIWO051045.20190925","NEON.LTR.NIWO051045.20190925.LVS","NEON.DOC.001710vG","Leaves",0.0000,"N",,
"f9460b11-c0f1-4a56-adec-3fafca19cffd","NIWO_062.basePlot.ltr","D13","NIWO","NIWO_062","NIWO_062_050","2019-09-30","2019-08-28","2019-09-25","2019-09-25T21:30Z","2019-09-30T20:45Z","NEON.LTR.NIWO062050.20190925","NEON.LTR.NIWO062050.20190925.WDY","NEON.DOC.001710vG","Woody material",0.0000,"N",,
"d8a76adc-ab13-4745-9127-30199f99cdac","NIWO_062.basePlot.ltr","D13","NIWO","NIWO_062","NIWO_062_050","2019-09-30","2019-08-28","2019-09-25","2019-09-25T21:30Z","2019-09-30T20:45Z","NEON.LTR.NIWO062050.20190925","NEON.LTR.NIWO062050.20190925.TWI","NEON.DOC.001710vG","Twigs/branches",0.0000,"N",,
"57dc4a7d-11a5-42ed-a388-83fad6503777","NIWO_063.basePlot.ltr","D13","NIWO","NIWO_063","NIWO_063_062","2019-09-30","2019-08-28","2019-09-25","2019-09-25T21:30Z","2019-09-30T20:45Z","NEON.LTR.NIWO063062.20190925","NEON.LTR.NIWO063062.20190925.WDY","NEON.DOC.001710vG","Woody material",0.0050,"N",,
"ca62d7f3-2dcb-491b-906e-7f02e7fee9ea","NIWO_063.basePlot.ltr","D13","NIWO","NIWO_063","NIWO_063_062","2019-09-30","2019-08-28","2019-09-25","2019-09-25T21:30Z","2019-09-30T20:45Z","NEON.LTR.NIWO063062.20190925","NEON.LTR.NIWO063062.20190925.NDL","NEON.DOC.001710vG","Needles",0.1800,"N",,
"9fa64caf-36e7-49cc-8e14-7509f4ec9fa5","NIWO_062.basePlot.ltr","D13","NIWO","NIWO_062","NIWO_062_050","2019-09-30","2019-08-28","2019-09-25","2019-09-25T21:30Z","2019-09-30T20:45Z","NEON.LTR.NIWO062050.20190925","NEON.LTR.NIWO062050.20190925.NDL","NEON.DOC.001710vG","Needles",1.8500,"N",,
"ec3a84da-0a0f-43f0-b2f1-60dc6c69e3fd","NIWO_067.basePlot.ltr","D13","NIWO","NIWO_067","NIWO_067_017","2019-09-30","2019-08-28","2019-09-25","2019-09-25T21:30Z","2019-09-30T20:45Z","NEON.LTR.NIWO067017.20190925","NEON.LTR.NIWO067017.20190925.MXT","NEON.DOC.001710vG","Mixed",0.0300,"Y",,
"df725b6f-5199-4edb-9f93-9996e6bc37ee","NIWO_051.basePlot.ltr","D13","NIWO","NIWO_051","NIWO_051_045","2019-09-30","2019-08-28","2019-09-25","2019-09-25T21:30Z","2019-09-30T20:45Z","NEON.LTR.NIWO051045.20190925","NEON.LTR.NIWO051045.20190925.TWI","NEON.DOC.001710vG","Twigs/branches",0.0050,"N",,
"c3f4541f-78f4-407a-a5de-5797b95b2fec","NIWO_040.basePlot.ltr","D13","NIWO","NIWO_040","NIWO_040_205","2019-09-30","2019-08-28","2019-09-25","2019-09-25T21:30Z","2019-09-30T20:45Z","NEON.LTR.NIWO040205.20190925","NEON.LTR.NIWO040205.20190925.FLR","NEON.DOC.001710vG","Flowers",0.0200,"N",,
"701201d5-c88c-4b1b-ab74-0bf41c55de6d","NIWO_061.basePlot.ltr","D13","NIWO","NIWO_061","NIWO_061_169","2019-09-30","2019-08-28","2019-09-25","2019-09-25T21:30Z","2019-09-30T20:45Z","NEON.LTR.NIWO061169.20190925","NEON.LTR.NIWO061169.20190925.TWI","NEON.DOC.001710vG","Twigs/branches",0.0500,"N",,
"2ce1c872-1410-4cb7-80b5-ca6c0bdf524a","NIWO_067.basePlot.ltr","D13","NIWO","NIWO_067","NIWO_067_017","2019-09-30","2019-08-28","2019-09-25","2019-09-25T21:30Z","2019-09-30T20:45Z","NEON.LTR.NIWO067017.20190925","NEON.LTR.NIWO067017.20190925.SDS","NEON.DOC.001710vG","Seeds",0.0000,"N",,
"8d3bb0e1-3e2a-483b-a88d-7f276e796e2b","NIWO_041.basePlot.ltr","D13","NIWO","NIWO_041","NIWO_041_059","2019-09-30","2019-08-28","2019-09-25","2019-09-25T21:30Z","2019-09-30T20:45Z","NEON.LTR.NIWO041059.20190925","NEON.LTR.NIWO041059.20190925.NDL","NEON.DOC.001710vG","Needles",4.7600,"N",,
"63bc2857-5a42-4c75-ae30-71cfa51f77c2","NIWO_047.basePlot.ltr","D13","NIWO","NIWO_047","NIWO_047_197","2019-09-30","2019-08-28","2019-09-25","2019-09-25T21:30Z","2019-09-30T20:45Z","NEON.LTR.NIWO047197.20190925","NEON.LTR.NIWO047197.20190925.LVS","NEON.DOC.001710vG","Leaves",0.0050,"N",,
"e959aa8e-94f7-4fd3-9f11-76bb8f703a90","NIWO_067.basePlot.ltr","D13","NIWO","NIWO_067","NIWO_067_017","2019-09-30","2019-08-28","2019-09-25","2019-09-25T21:30Z","2019-09-30T20:45Z","NEON.LTR.NIWO067017.20190925","NEON.LTR.NIWO067017.20190925.NDL","NEON.DOC.001710vG","Needles",1.5400,"N",,
"145f8e8b-86bb-48b1-9faa-a0162e7f0721","NIWO_067.basePlot.ltr","D13","NIWO","NIWO_067","NIWO_067_017","2019-09-30","2019-08-28","2019-09-25","2019-09-25T21:30Z","2019-09-30T20:45Z","NEON.LTR.NIWO067017.20190925","NEON.LTR.NIWO067017.20190925.OTH","NEON.DOC.001710vG","Other",0.0000,"N",,
"d58ec063-d139-447d-b284-5e1fcc4d0582","NIWO_061.basePlot.ltr","D13","NIWO","NIWO_061","NIWO_061_169","2019-09-30","2019-08-28","2019-09-25","2019-09-25T21:30Z","2019-09-30T20:45Z","NEON.LTR.NIWO061169.20190925","NEON.LTR.NIWO061169.20190925.NDL","NEON.DOC.001710vG","Needles",1.8400,"N",,
"1d4776fd-a2ad-4438-9a86-ba2fbec85c8e","NIWO_041.basePlot.ltr","D13","NIWO","NIWO_041","NIWO_041_059","2019-09-30","2019-08-28","2019-09-25","2019-09-25T21:30Z","2019-09-30T20:45Z","NEON.LTR.NIWO041059.20190925","NEON.LTR.NIWO041059.20190925.MXT","NEON.DOC.001710vG","Mixed",0.1100,"N",,
"92d4e277-d257-40bd-b7b9-f1f852d5838e","NIWO_040.basePlot.ltr","D13","NIWO","NIWO_040","NIWO_040_205","2019-09-30","2019-08-28","2019-09-25","2019-09-25T21:30Z","2019-09-30T20:45Z","NEON.LTR.NIWO040205.20190925","NEON.LTR.NIWO040205.20190925.MXT","NEON.DOC.001710vG","Mixed",0.6400,"N",,
"c83bd9ac-79b8-4a16-969e-078c2422fe68","NIWO_047.basePlot.ltr","D13","NIWO","NIWO_047","NIWO_047_197","2019-09-30","2019-08-28","2019-09-25","2019-09-25T21:30Z","2019-09-30T20:45Z","NEON.LTR.NIWO047197.20190925","NEON.LTR.NIWO047197.20190925.OTH","NEON.DOC.001710vG","Other",0.0000,"N",,
"cc85a22f-2a2f-4456-ac9f-1c5a5ef6e972","NIWO_047.basePlot.ltr","D13","NIWO","NIWO_047","NIWO_047_197","2019-09-30","2019-08-28","2019-09-25","2019-09-25T21:30Z","2019-09-30T20:45Z","NEON.LTR.NIWO047197.20190925","NEON.LTR.NIWO047197.20190925.NDL","NEON.DOC.001710vG","Needles",0.1500,"N",,
"5feb924b-6294-42be-8ef2-8f5637850143","NIWO_067.basePlot.ltr","D13","NIWO","NIWO_067","NIWO_067_017","2019-09-30","2019-08-28","2019-09-25","2019-09-25T21:30Z","2019-09-30T20:45Z","NEON.LTR.NIWO067017.20190925","NEON.LTR.NIWO067017.20190925.FLR","NEON.DOC.001710vG","Flowers",0.0000,"N",,
"4a6e018b-e53e-4d2e-9c3f-b4471ba182ad","NIWO_046.basePlot.ltr","D13","NIWO","NIWO_046","NIWO_046_155","2019-09-30","2019-08-28","2019-09-25","2019-09-25T21:30Z","2019-09-30T20:45Z","NEON.LTR.NIWO046155.20190925","NEON.LTR.NIWO046155.20190925.OTH","NEON.DOC.001710vG","Other",0.0000,"N",,
"cced2363-a308-4b5f-ac8c-2d6fe74b8535","NIWO_057.basePlot.ltr","D13","NIWO","NIWO_057","NIWO_057_081","2019-09-30","2019-08-28","2019-09-25","2019-09-25T21:30Z","2019-09-30T20:45Z","NEON.LTR.NIWO057081.20190925","NEON.LTR.NIWO057081.20190925.WDY","NEON.DOC.001710vG","Woody material",0.0050,"N",,
"ca3d33fe-91b8-4be5-8ea3-37aeb011fe56","NIWO_040.basePlot.ltr","D13","NIWO","NIWO_040","NIWO_040_205","2019-09-30","2019-08-28","2019-09-25","2019-09-25T21:30Z","2019-09-30T20:45Z","NEON.LTR.NIWO040205.20190925","NEON.LTR.NIWO040205.20190925.SDS","NEON.DOC.001710vG","Seeds",0.0000,"N",,
"9b812962-60b5-4164-815c-c24893843fb4","NIWO_067.basePlot.ltr","D13","NIWO","NIWO_067","NIWO_067_017","2019-09-30","2019-08-28","2019-09-25","2019-09-25T21:30Z","2019-09-30T20:45Z","NEON.LTR.NIWO067017.20190925","NEON.LTR.NIWO067017.20190925.TWI","NEON.DOC.001710vG","Twigs/branches",0.0050,"N",,
"8ec010d4-1d76-4ba8-9db3-e767e31889c3","NIWO_047.basePlot.ltr","D13","NIWO","NIWO_047","NIWO_047_197","2019-09-30","2019-08-28","2019-09-25","2019-09-25T21:30Z","2019-09-30T20:45Z","NEON.LTR.NIWO047197.20190925","NEON.LTR.NIWO047197.20190925.SDS","NEON.DOC.001710vG","Seeds",0.0050,"N",,
"b29918eb-b861-44cf-93c4-a34548880217","NIWO_064.basePlot.ltr","D13","NIWO","NIWO_064","NIWO_064_103","2019-09-30","2019-08-28","2019-09-25","2019-09-25T21:30Z","2019-09-30T20:45Z","NEON.LTR.NIWO064103.20190925","NEON.LTR.NIWO064103.20190925.OTH","NEON.DOC.001710vG","Other",0.0000,"N",,
"ae652570-1387-419e-8399-6e50f5098487","NIWO_063.basePlot.ltr","D13","NIWO","NIWO_063","NIWO_063_062","2019-09-30","2019-08-28","2019-09-25","2019-09-25T21:30Z","2019-09-30T20:45Z","NEON.LTR.NIWO063062.20190925","NEON.LTR.NIWO063062.20190925.LVS","NEON.DOC.001710vG","Leaves",0.0000,"N",,
"b9e6c23e-10bc-4212-a712-154affa98f9c","NIWO_063.basePlot.ltr","D13","NIWO","NIWO_063","NIWO_063_062","2019-09-30","2019-08-28","2019-09-25","2019-09-25T21:30Z","2019-09-30T20:45Z","NEON.LTR.NIWO063062.20190925","NEON.LTR.NIWO063062.20190925.SDS","NEON.DOC.001710vG","Seeds",0.0000,"N",,
"b4a8fcdc-c94a-4ee4-a29d-3d0d31d58fbc","NIWO_057.basePlot.ltr","D13","NIWO","NIWO_057","NIWO_057_081","2019-09-30","2019-08-28","2019-09-25","2019-09-25T21:30Z","2019-09-30T20:45Z","NEON.LTR.NIWO057081.20190925","NEON.LTR.NIWO057081.20190925.NDL","NEON.DOC.001710vG","Needles",4.2200,"N",,
"f17a4fed-6f61-4e5d-a345-d7aaf0aa9a8e","NIWO_064.basePlot.ltr","D13","NIWO","NIWO_064","NIWO_064_103","2019-09-30","2019-08-28","2019-09-25","2019-09-25T21:30Z","2019-09-30T20:45Z","NEON.LTR.NIWO064103.20190925","NEON.LTR.NIWO064103.20190925.TWI","NEON.DOC.001710vG","Twigs/branches",0.0000,"N",,
"8ac55c35-4922-4625-a30f-56cee01c51a3","NIWO_058.basePlot.ltr","D13","NIWO","NIWO_058","NIWO_058_101","2019-09-30","2019-08-28","2019-09-25","2019-09-25T21:30Z","2019-09-30T20:45Z","NEON.LTR.NIWO058101.20190925","NEON.LTR.NIWO058101.20190925.MXT","NEON.DOC.001710vG","Mixed",0.0050,"N",,
"c9cd5448-4d53-4251-8437-eb11b9f37fd4","NIWO_040.basePlot.ltr","D13","NIWO","NIWO_040","NIWO_040_205","2019-09-30","2019-08-28","2019-09-25","2019-09-25T21:30Z","2019-09-30T20:45Z","NEON.LTR.NIWO040205.20190925","NEON.LTR.NIWO040205.20190925.NDL","NEON.DOC.001710vG","Needles",3.6000,"N",,
"df4d3604-5c0b-4e05-b4bb-113a0824aa34","NIWO_062.basePlot.ltr","D13","NIWO","NIWO_062","NIWO_062_050","2019-09-30","2019-08-28","2019-09-25","2019-09-25T21:30Z","2019-09-30T20:45Z","NEON.LTR.NIWO062050.20190925","NEON.LTR.NIWO062050.20190925.SDS","NEON.DOC.001710vG","Seeds",0.0000,"N",,
"e65d35ec-4103-4b78-8a14-8b4b2f25bf25","NIWO_067.basePlot.ltr","D13","NIWO","NIWO_067","NIWO_067_017","2019-09-30","2019-08-28","2019-09-25","2019-09-25T21:30Z","2019-09-30T20:45Z","NEON.LTR.NIWO067017.20190925","NEON.LTR.NIWO067017.20190925.MXT","NEON.DOC.001710vG","Mixed",0.0300,"N",,
"249b6abe-803f-4952-ba43-2e6a26cb6c2d","NIWO_064.basePlot.ltr","D13","NIWO","NIWO_064","NIWO_064_103","2019-09-30","2019-08-28","2019-09-25","2019-09-25T21:30Z","2019-09-30T20:45Z","NEON.LTR.NIWO064103.20190925","NEON.LTR.NIWO064103.20190925.WDY","NEON.DOC.001710vG","Woody material",0.0050,"N",,
"c1373a51-4dad-4301-b503-ea39fa7199ad","NIWO_046.basePlot.ltr","D13","NIWO","NIWO_046","NIWO_046_155","2019-09-30","2019-08-28","2019-09-25","2019-09-25T21:30Z","2019-09-30T20:45Z","NEON.LTR.NIWO046155.20190925","NEON.LTR.NIWO046155.20190925.SDS","NEON.DOC.001710vG","Seeds",0.0050,"N",,
"3b88bb1f-cb34-4537-b814-069080c2642f","NIWO_051.basePlot.ltr","D13","NIWO","NIWO_051","NIWO_051_045","2019-09-30","2019-08-28","2019-09-25","2019-09-25T21:30Z","2019-09-30T20:45Z","NEON.LTR.NIWO051045.20190925","NEON.LTR.NIWO051045.20190925.OTH","NEON.DOC.001710vG","Other",0.0000,"N",,
"ec6865d4-ae58-4d31-8747-2db05f64a8de","NIWO_041.basePlot.ltr","D13","NIWO","NIWO_041","NIWO_041_059","2019-09-30","2019-08-28","2019-09-25","2019-09-25T21:30Z","2019-09-30T20:45Z","NEON.LTR.NIWO041059.20190925","NEON.LTR.NIWO041059.20190925.TWI","NEON.DOC.001710vG","Twigs/branches",0.1300,"N",,
"7e18c2cb-8960-40e5-8f18-2b87ee8f8193","NIWO_063.basePlot.ltr","D13","NIWO","NIWO_063","NIWO_063_062","2019-09-30","2019-08-28","2019-09-25","2019-09-25T21:30Z","2019-09-30T20:45Z","NEON.LTR.NIWO063062.20190925","NEON.LTR.NIWO063062.20190925.TWI","NEON.DOC.001710vG","Twigs/branches",0.1500,"N",,
"0a1f23cd-d5b5-46d3-975a-3d65ab1b7f74","NIWO_058.basePlot.ltr","D13","NIWO","NIWO_058","NIWO_058_101","2019-09-30","2019-08-28","2019-09-25","2019-09-25T21:30Z","2019-09-30T20:45Z","NEON.LTR.NIWO058101.20190925","NEON.LTR.NIWO058101.20190925.OTH","NEON.DOC.001710vG","Other",0.0000,"N",,
"a48d7430-0b9e-41e6-b552-4ccb1633a225","NIWO_057.basePlot.ltr","D13","NIWO","NIWO_057","NIWO_057_081","2019-09-30","2019-08-28","2019-09-25","2019-09-25T21:30Z","2019-09-30T20:45Z","NEON.LTR.NIWO057081.20190925","NEON.LTR.NIWO057081.20190925.OTH","NEON.DOC.001710vG","Other",0.0000,"N",,
"ccb866ea-c38b-4e0f-870d-7fd1743ad1c9","NIWO_046.basePlot.ltr","D13","NIWO","NIWO_046","NIWO_046_155","2019-09-30","2019-08-28","2019-09-25","2019-09-25T21:30Z","2019-09-30T20:45Z","NEON.LTR.NIWO046155.20190925","NEON.LTR.NIWO046155.20190925.FLR","NEON.DOC.001710vG","Flowers",0.0000,"N",,
"09515d83-7e8d-4e5c-9a55-75228e18c18d","NIWO_062.basePlot.ltr","D13","NIWO","NIWO_062","NIWO_062_050","2019-09-30","2019-08-28","2019-09-25","2019-09-25T21:30Z","2019-09-30T20:45Z","NEON.LTR.NIWO062050.20190925","NEON.LTR.NIWO062050.20190925.OTH","NEON.DOC.001710vG","Other",0.0000,"N",,
"a84aa90e-3505-403d-a51d-0f7f7215bba3","NIWO_046.basePlot.ltr","D13","NIWO","NIWO_046","NIWO_046_155","2019-09-30","2019-08-28","2019-09-25","2019-09-25T21:30Z","2019-09-30T20:45Z","NEON.LTR.NIWO046155.20190925","NEON.LTR.NIWO046155.20190925.LVS","NEON.DOC.001710vG","Leaves",0.0000,"N",,
"7c497a6b-ae47-49a1-bc38-b38b2394decb","NIWO_063.basePlot.ltr","D13","NIWO","NIWO_063","NIWO_063_062","2019-09-30","2019-08-28","2019-09-25","2019-09-25T21:30Z","2019-09-30T20:45Z","NEON.LTR.NIWO063062.20190925","NEON.LTR.NIWO063062.20190925.OTH","NEON.DOC.001710vG","Other",0.0000,"N",,
"8f1f42ee-9a01-402d-a38d-05df74d5b881","NIWO_062.basePlot.ltr","D13","NIWO","NIWO_062","NIWO_062_050","2019-09-30","2019-08-28","2019-09-25","2019-09-25T21:30Z","2019-09-30T20:45Z","NEON.LTR.NIWO062050.20190925","NEON.LTR.NIWO062050.20190925.MXT","NEON.DOC.001710vG","Mixed",0.0400,"N",,
"725d83b6-609b-420e-8f34-85465fce980a","NIWO_064.basePlot.ltr","D13","NIWO","NIWO_064","NIWO_064_103","2019-09-30","2019-08-28","2019-09-25","2019-09-25T21:30Z","2019-09-30T20:45Z","NEON.LTR.NIWO064103.20190925","NEON.LTR.NIWO064103.20190925.FLR","NEON.DOC.001710vG","Flowers",0.0800,"N",,
"1429a559-f0b3-41bc-9f33-307cc804e5a9","NIWO_051.basePlot.ltr","D13","NIWO","NIWO_051","NIWO_051_045","2019-09-30","2019-08-28","2019-09-25","2019-09-25T21:30Z","2019-09-30T20:45Z","NEON.LTR.NIWO051045.20190925","NEON.LTR.NIWO051045.20190925.WDY","NEON.DOC.001710vG","Woody material",0.0050,"N",,
"e1fded16-001b-46ba-8d30-6e4af9918194","NIWO_040.basePlot.ltr","D13","NIWO","NIWO_040","NIWO_040_205","2019-09-30","2019-08-28","2019-09-25","2019-09-25T21:30Z","2019-09-30T20:45Z","NEON.LTR.NIWO040205.20190925","NEON.LTR.NIWO040205.20190925.WDY","NEON.DOC.001710vG","Woody material",0.0500,"N",,
"b2ff7566-7bb0-44f8-82f9-ab352a307b0e","NIWO_047.basePlot.ltr","D13","NIWO","NIWO_047","NIWO_047_197","2019-09-30","2019-08-28","2019-09-25","2019-09-25T21:30Z","2019-09-30T20:45Z","NEON.LTR.NIWO047197.20190925","NEON.LTR.NIWO047197.20190925.MXT","NEON.DOC.001710vG","Mixed",0.0050,"N",,
"887d9893-2e5a-43ec-884a-2afb07918455","NIWO_040.basePlot.ltr","D13","NIWO","NIWO_040","NIWO_040_205","2019-09-30","2019-08-28","2019-09-25","2019-09-25T21:30Z","2019-09-30T20:45Z","NEON.LTR.NIWO040205.20190925","NEON.LTR.NIWO040205.20190925.LVS","NEON.DOC.001710vG","Leaves",0.0050,"N",,
"0d0558d3-4929-408b-9b6b-a27388c7c51d","NIWO_062.basePlot.ltr","D13","NIWO","NIWO_062","NIWO_062_050","2019-09-30","2019-08-28","2019-09-25","2019-09-25T21:30Z","2019-09-30T20:45Z","NEON.LTR.NIWO062050.20190925","NEON.LTR.NIWO062050.20190925.LVS","NEON.DOC.001710vG","Leaves",0.0500,"Y",,
"7c3178fb-9d69-4806-827c-59471d9c7bd0","NIWO_057.basePlot.ltr","D13","NIWO","NIWO_057","NIWO_057_081","2019-09-30","2019-08-28","2019-09-25","2019-09-25T21:30Z","2019-09-30T20:45Z","NEON.LTR.NIWO057081.20190925","NEON.LTR.NIWO057081.20190925.SDS","NEON.DOC.001710vG","Seeds",0.0000,"N",,
"b581efd8-298e-4e68-87b4-c76c127a2e60","NIWO_040.basePlot.ltr","D13","NIWO","NIWO_040","NIWO_040_205","2019-09-30","2019-08-28","2019-09-25","2019-09-25T21:30Z","2019-09-30T20:45Z","NEON.LTR.NIWO040205.20190925","NEON.LTR.NIWO040205.20190925.OTH","NEON.DOC.001710vG","Other",0.0000,"N",,
"b0d4ab00-80e2-435e-b21e-9e823c53ab53","NIWO_047.basePlot.ltr","D13","NIWO","NIWO_047","NIWO_047_197","2019-09-30","2019-08-28","2019-09-25","2019-09-25T21:30Z","2019-09-30T20:45Z","NEON.LTR.NIWO047197.20190925","NEON.LTR.NIWO047197.20190925.FLR","NEON.DOC.001710vG","Flowers",0.0000,"N",,
"8da0281c-7faf-4914-94d1-cc5d1f97ad18","NIWO_046.basePlot.ltr","D13","NIWO","NIWO_046","NIWO_046_155","2019-09-30","2019-08-28","2019-09-25","2019-09-25T21:30Z","2019-09-30T20:45Z","NEON.LTR.NIWO046155.20190925","NEON.LTR.NIWO046155.20190925.TWI","NEON.DOC.001710vG","Twigs/branches",0.4700,"N",,
"4cf91127-45b1-481b-a1b7-9d8b1ca94878","NIWO_046.basePlot.ltr","D13","NIWO","NIWO_046","NIWO_046_155","2019-09-30","2019-08-28","2019-09-25","2019-09-25T21:30Z","2019-09-30T20:45Z","NEON.LTR.NIWO046155.20190925","NEON.LTR.NIWO046155.20190925.MXT","NEON.DOC.001710vG","Mixed",0.1700,"N",,
"9f29f4d8-2028-4a7f-b1df-a1dc982bb5c7","NIWO_064.basePlot.ltr","D13","NIWO","NIWO_064","NIWO_064_103","2019-09-30","2019-08-28","2019-09-25","2019-09-25T21:30Z","2019-09-30T20:45Z","NEON.LTR.NIWO064103.20190925","NEON.LTR.NIWO064103.20190925.LVS","NEON.DOC.001710vG","Leaves",0.0000,"N",,
"c9a52f28-1c66-4b90-9a7f-1fb13655d6e8","NIWO_061.basePlot.ltr","D13","NIWO","NIWO_061","NIWO_061_169","2019-09-30","2019-08-28","2019-09-25","2019-09-25T21:30Z","2019-09-30T20:45Z","NEON.LTR.NIWO061169.20190925","NEON.LTR.NIWO061169.20190925.WDY","NEON.DOC.001710vG","Woody material",1.7800,"Y",,
"bc1cde65-30fd-4b02-ae27-2a4b470547a5","NIWO_057.basePlot.ltr","D13","NIWO","NIWO_057","NIWO_057_081","2019-09-30","2019-08-28","2019-09-25","2019-09-25T21:30Z","2019-09-30T20:45Z","NEON.LTR.NIWO057081.20190925","NEON.LTR.NIWO057081.20190925.FLR","NEON.DOC.001710vG","Flowers",0.0100,"N",,
"e882dce7-ff45-4306-ad40-75310ccdd891","NIWO_047.basePlot.ltr","D13","NIWO","NIWO_047","NIWO_047_197","2019-09-30","2019-08-28","2019-09-25","2019-09-25T21:30Z","2019-09-30T20:45Z","NEON.LTR.NIWO047197.20190925","NEON.LTR.NIWO047197.20190925.LVS","NEON.DOC.001710vG","Leaves",0.0050,"Y",,
"87bee3f8-8d39-48ef-b600-c08092c98655","NIWO_040.basePlot.ltr","D13","NIWO","NIWO_040","NIWO_040_205","2019-09-30","2019-08-28","2019-09-25","2019-09-25T21:30Z","2019-09-30T20:45Z","NEON.LTR.NIWO040205.20190925","NEON.LTR.NIWO040205.20190925.TWI","NEON.DOC.001710vG","Twigs/branches",0.0500,"N",,
"cdc13941-1d34-44b8-acb1-aa18b4b79856","NIWO_064.basePlot.ltr","D13","NIWO","NIWO_064","NIWO_064_103","2019-09-30","2019-08-28","2019-09-25","2019-09-25T21:30Z","2019-09-30T20:45Z","NEON.LTR.NIWO064103.20190925","NEON.LTR.NIWO064103.20190925.SDS","NEON.DOC.001710vG","Seeds",0.0050,"N",,
"28ae4919-2c9a-4070-b2a1-1fb55e865d98","NIWO_062.basePlot.ltr","D13","NIWO","NIWO_062","NIWO_062_050","2019-09-30","2019-08-28","2019-09-25","2019-09-25T21:30Z","2019-09-30T20:45Z","NEON.LTR.NIWO062050.20190925","NEON.LTR.NIWO062050.20190925.LVS","NEON.DOC.001710vG","Leaves",0.0400,"N",,
"fcb8dffd-37ec-4acf-bb07-422d0ad856dd","NIWO_041.basePlot.ltr","D13","NIWO","NIWO_041","NIWO_041_059","2019-09-30","2019-08-28","2019-09-25","2019-09-25T21:30Z","2019-09-30T20:45Z","NEON.LTR.NIWO041059.20190925","NEON.LTR.NIWO041059.20190925.OTH","NEON.DOC.001710vG","Other",0.0000,"N",,
"9975c34b-5787-40f7-8b0b-45affc518af2","NIWO_046.basePlot.ltr","D13","NIWO","NIWO_046","NIWO_046_155","2019-09-30","2019-08-28","2019-09-25","2019-09-25T21:30Z","2019-09-30T20:45Z","NEON.LTR.NIWO046155.20190925","NEON.LTR.NIWO046155.20190925.WDY","NEON.DOC.001710vG","Woody material",0.0100,"N",,
"b3ba8920-2dc0-464d-8b0f-f51ada88b46b","NIWO_067.basePlot.ltr","D13","NIWO","NIWO_067","NIWO_067_017","2019-09-30","2019-08-28","2019-09-25","2019-09-25T21:30Z","2019-09-30T20:45Z","NEON.LTR.NIWO067017.20190925","NEON.LTR.NIWO067017.20190925.WDY","NEON.DOC.001710vG","Woody material",0.0000,"N",,
"f1c56ccd-3870-42ee-8b5e-cb1f3ce9949e","NIWO_058.basePlot.ltr","D13","NIWO","NIWO_058","NIWO_058_101","2019-09-30","2019-08-28","2019-09-25","2019-09-25T21:30Z","2019-09-30T20:45Z","NEON.LTR.NIWO058101.20190925","NEON.LTR.NIWO058101.20190925.LVS","NEON.DOC.001710vG","Leaves",0.0050,"N",,
"2303fc33-639d-43e2-af9b-0de0d6710bab","NIWO_051.basePlot.ltr","D13","NIWO","NIWO_051","NIWO_051_045","2019-09-30","2019-08-28","2019-09-25","2019-09-25T21:30Z","2019-09-30T20:45Z","NEON.LTR.NIWO051045.20190925","NEON.LTR.NIWO051045.20190925.MXT","NEON.DOC.001710vG","Mixed",0.0050,"N",,
"62ebfe56-fe81-44a6-9f9a-ed2af7c0169f","NIWO_057.basePlot.ltr","D13","NIWO","NIWO_057","NIWO_057_081","2019-09-30","2019-08-28","2019-09-25","2019-09-25T21:30Z","2019-09-30T20:45Z","NEON.LTR.NIWO057081.20190925","NEON.LTR.NIWO057081.20190925.TWI","NEON.DOC.001710vG","Twigs/branches",0.0050,"N",,
"09fd7211-c09e-44ef-bb5c-1572090bf4a9","NIWO_058.basePlot.ltr","D13","NIWO","NIWO_058","NIWO_058_101","2019-09-30","2019-08-28","2019-09-25","2019-09-25T21:30Z","2019-09-30T20:45Z","NEON.LTR.NIWO058101.20190925","NEON.LTR.NIWO058101.20190925.FLR","NEON.DOC.001710vG","Flowers",0.0050,"N",,
"760aa889-b7d7-400d-ada6-f0c4fb35f947","NIWO_061.basePlot.ltr","D13","NIWO","NIWO_061","NIWO_061_169","2019-09-30","2019-08-28","2019-09-25","2019-09-25T21:30Z","2019-09-30T20:45Z","NEON.LTR.NIWO061169.20190925","NEON.LTR.NIWO061169.20190925.SDS","NEON.DOC.001710vG","Seeds",0.0050,"N",,
