uid,namedLocation,domainID,siteID,plotID,trapID,weighDate,setDate,collectDate,ovenStartDate,ovenEndDate,fieldSampleID,massSampleID,samplingProtocolVersion,functionalGroup,dryMass,qaDryMass,remarks,measuredBy
"44efa2ac-09ff-4711-8624-ea7f6b1bd3dc","NIWO_063.basePlot.ltr","D13","NIWO","NIWO_063","NIWO_063_062","2019-10-29","2019-09-25","2019-10-23","2019-10-24T19:30Z","2019-10-29T21:03Z","NEON.LTR.NIWO063062.20191023","NEON.LTR.NIWO063062.20191023.MXT","NEON.DOC.001710vG","Mixed",0.0050,"N",,
"39679baf-08a0-4c0a-8f3b-cee3b2f9815c","NIWO_063.basePlot.ltr","D13","NIWO","NIWO_063","NIWO_063_062","2019-10-29","2019-09-25","2019-10-23","2019-10-24T19:30Z","2019-10-29T21:03Z","NEON.LTR.NIWO063062.20191023","NEON.LTR.NIWO063062.20191023.OTH","NEON.DOC.001710vG","Other",0.0000,"N",,
"66e22151-b58b-415f-aae3-e611961ddced","NIWO_063.basePlot.ltr","D13","NIWO","NIWO_063","NIWO_063_062","2019-10-29","2019-09-25","2019-10-23","2019-10-24T19:30Z","2019-10-29T21:03Z","NEON.LTR.NIWO063062.20191023","NEON.LTR.NIWO063062.20191023.TWI","NEON.DOC.001710vG","Twigs/branches",0.1100,"N",,
"c537f1c3-e3f1-49b2-8c4f-e4727e4bc866","NIWO_063.basePlot.ltr","D13","NIWO","NIWO_063","NIWO_063_062","2019-10-29","2019-09-25","2019-10-23","2019-10-24T19:30Z","2019-10-29T21:03Z","NEON.LTR.NIWO063062.20191023","NEON.LTR.NIWO063062.20191023.WDY","NEON.DOC.001710vG","Woody material",0.0050,"N",,
"07ba8070-5875-4399-9c8c-cc6c2d8314d7","NIWO_063.basePlot.ltr","D13","NIWO","NIWO_063","NIWO_063_062","2019-10-29","2019-09-25","2019-10-23","2019-10-24T19:30Z","2019-10-29T21:03Z","NEON.LTR.NIWO063062.20191023","NEON.LTR.NIWO063062.20191023.NDL","NEON.DOC.001710vG","Needles",0.6400,"N",,
"014e845f-9360-49f8-be5e-e940a8ff9dde","NIWO_063.basePlot.ltr","D13","NIWO","NIWO_063","NIWO_063_062","2019-10-29","2019-09-25","2019-10-23","2019-10-24T19:30Z","2019-10-29T21:03Z","NEON.LTR.NIWO063062.20191023","NEON.LTR.NIWO063062.20191023.FLR","NEON.DOC.001710vG","Flowers",0.0000,"N",,
"088f6575-de24-423e-9009-d934a5d6f487","NIWO_063.basePlot.ltr","D13","NIWO","NIWO_063","NIWO_063_062","2019-10-29","2019-09-25","2019-10-23","2019-10-24T19:30Z","2019-10-29T21:03Z","NEON.LTR.NIWO063062.20191023","NEON.LTR.NIWO063062.20191023.LVS","NEON.DOC.001710vG","Leaves",0.0100,"N",,
"79a90d40-eba3-4963-8f9d-841f044f2ca3","NIWO_063.basePlot.ltr","D13","NIWO","NIWO_063","NIWO_063_062","2019-10-29","2019-09-25","2019-10-23","2019-10-24T19:30Z","2019-10-29T21:03Z","NEON.LTR.NIWO063062.20191023","NEON.LTR.NIWO063062.20191023.TWI","NEON.DOC.001710vG","Twigs/branches",0.1200,"Y",,
"b234dafd-2ae1-4d13-8bac-c319e6a5aba4","NIWO_063.basePlot.ltr","D13","NIWO","NIWO_063","NIWO_063_062","2019-10-29","2019-09-25","2019-10-23","2019-10-24T19:30Z","2019-10-29T21:03Z","NEON.LTR.NIWO063062.20191023","NEON.LTR.NIWO063062.20191023.SDS","NEON.DOC.001710vG","Seeds",0.0050,"N",,
