uid,namedLocation,domainID,siteID,plotID,trapID,setDate,collectDate,eventID,trappingDays,fieldSampleID,samplingProtocolVersion,trapCondition,toxicodendronPossible,remarks,measuredBy,recordedBy
"7f50c1eb-cdc0-4e8d-9de2-7c140c2a5488","NIWO_063.basePlot.ltr","D13","NIWO","NIWO_063","NIWO_063_062","2018-07-05","2018-08-02","LTR.2018.NIWO.03",28,"NEON.LTR.NIWO063062.20180802","NEON.DOC.001710vE","OK - Litter collected - Trap in good shape, no issues",,,"szrillo@battelleecology.org","szrillo@battelleecology.org"
"b48dcb29-8340-485f-8ad9-05646232632d","NIWO_046.basePlot.ltr","D13","NIWO","NIWO_046","NIWO_046_155","2018-07-05","2018-08-02","LTR.2018.NIWO.03",28,"NEON.LTR.NIWO046155.20180802","NEON.DOC.001710vE","OK - Litter collected - Trap in good shape, no issues",,,"msligh@battelleecology.org","csmith@battelleecology.org"
"058dea18-410e-4016-a91f-d7b7145990d4","NIWO_057.basePlot.ltr","D13","NIWO","NIWO_057","NIWO_057_081","2018-07-05","2018-08-02","LTR.2018.NIWO.03",28,,"NEON.DOC.001710vE","TT - Litter not collected - trap tilted",,,"msligh@battelleecology.org","csmith@battelleecology.org"
"4a2c60a6-09ad-4ca0-abf3-63c08a763853","NIWO_051.basePlot.ltr","D13","NIWO","NIWO_051","NIWO_051_045","2018-07-05","2018-08-02","LTR.2018.NIWO.03",28,"NEON.LTR.NIWO051045.20180802","NEON.DOC.001710vE","OK - Litter collected - Trap in good shape, no issues",,,"szrillo@battelleecology.org","szrillo@battelleecology.org"
"e0307fea-266a-4e46-b5db-eee3d6dfcafa","NIWO_047.basePlot.ltr","D13","NIWO","NIWO_047","NIWO_047_197","2018-07-05","2018-08-02","LTR.2018.NIWO.03",28,"NEON.LTR.NIWO047197.20180802","NEON.DOC.001710vE","OK - Litter collected - Trap in good shape, no issues",,,"szrillo@battelleecology.org","szrillo@battelleecology.org"
"75d9951f-d060-4be2-bf7d-b87a7d08b1f7","NIWO_041.basePlot.ltr","D13","NIWO","NIWO_041","NIWO_041_059","2018-07-05","2018-08-02","LTR.2018.NIWO.03",28,"NEON.LTR.NIWO041059.20180802","NEON.DOC.001710vE","OK - Litter collected - Trap in good shape, no issues",,,"szrillo@battelleecology.org","szrillo@battelleecology.org"
"3cad21b3-0a9f-46d6-8b92-f5d75b3b4437","NIWO_040.basePlot.ltr","D13","NIWO","NIWO_040","NIWO_040_205","2018-07-05","2018-08-02","LTR.2018.NIWO.03",28,"NEON.LTR.NIWO040205.20180802","NEON.DOC.001710vE","OK - Litter collected - Trap in good shape, no issues",,,"msligh@battelleecology.org","csmith@battelleecology.org"
"c9da6c4a-ed8c-4755-9015-88ca626af449","NIWO_067.basePlot.ltr","D13","NIWO","NIWO_067","NIWO_067_017","2018-07-05","2018-08-02","LTR.2018.NIWO.03",28,"NEON.LTR.NIWO067017.20180802","NEON.DOC.001710vE","OK - Litter collected - Trap in good shape, no issues",,,"szrillo@battelleecology.org","szrillo@battelleecology.org"
"1f961b62-4cfa-4c20-80a7-688e5b20ab91","NIWO_058.basePlot.ltr","D13","NIWO","NIWO_058","NIWO_058_101","2018-07-05","2018-08-02","LTR.2018.NIWO.03",28,"NEON.LTR.NIWO058101.20180802","NEON.DOC.001710vE","OK - Litter collected - Trap in good shape, no issues",,,"msligh@battelleecology.org","csmith@battelleecology.org"
"628bcb20-217e-47f8-bde1-47926ebf036f","NIWO_064.basePlot.ltr","D13","NIWO","NIWO_064","NIWO_064_103","2018-07-05","2018-08-02","LTR.2018.NIWO.03",28,"NEON.LTR.NIWO064103.20180802","NEON.DOC.001710vE","OK - Litter collected - Trap in good shape, no issues",,,"msligh@battelleecology.org","csmith@battelleecology.org"
"8ccb34f4-df01-48d2-892e-9be01fa4decc","NIWO_061.basePlot.ltr","D13","NIWO","NIWO_061","NIWO_061_169","2018-07-05","2018-08-02","LTR.2018.NIWO.03",28,"NEON.LTR.NIWO061169.20180802","NEON.DOC.001710vE","OK - Litter collected - Trap in good shape, no issues",,"Corner folded over. Less than 5 percent of litter missing.","msligh@battelleecology.org","csmith@battelleecology.org"
"fafb64af-8f31-4e73-8623-c2d12d237217","NIWO_062.basePlot.ltr","D13","NIWO","NIWO_062","NIWO_062_050","2018-07-05","2018-08-02","LTR.2018.NIWO.03",28,"NEON.LTR.NIWO062050.20180802","NEON.DOC.001710vE","OK - Litter collected - Trap in good shape, no issues",,,"szrillo@battelleecology.org","szrillo@battelleecology.org"
"4c2da735-7006-4cb0-bbba-913e127ce3de","NIWO_063.basePlot.ltr","D13","NIWO","NIWO_063","NIWO_063_062","2018-08-02","2018-08-30","LTR.2018.NIWO.04",28,"NEON.LTR.NIWO063062.20180830","NEON.DOC.001710vE","OK - Litter collected - Trap in good shape, no issues",,,"szrillo@battelleecology.org","mhughes@battelleecology.org"
"d7500a97-71d5-4c9c-a11a-d93d1a9e0d81","NIWO_051.basePlot.ltr","D13","NIWO","NIWO_051","NIWO_051_045","2018-08-02","2018-08-30","LTR.2018.NIWO.04",28,"NEON.LTR.NIWO051045.20180830","NEON.DOC.001710vE","OK - Litter collected - Trap in good shape, no issues",,,"wmalone@battelleecology.org","dpensinger@battelleecology.org"
"5573d637-eaff-4eba-a331-9aefa07bb015","NIWO_047.basePlot.ltr","D13","NIWO","NIWO_047","NIWO_047_197","2018-08-02","2018-08-30","LTR.2018.NIWO.04",28,"NEON.LTR.NIWO047197.20180830","NEON.DOC.001710vE","OK - Litter collected - Trap in good shape, no issues",,,"szrillo@battelleecology.org","mhughes@battelleecology.org"
"ec7617be-9eac-4dff-a353-65e4d939db09","NIWO_041.basePlot.ltr","D13","NIWO","NIWO_041","NIWO_041_059","2018-08-02","2018-08-30","LTR.2018.NIWO.04",28,"NEON.LTR.NIWO041059.20180830","NEON.DOC.001710vE","OK - Litter collected - Trap in good shape, no issues",,,"szrillo@battelleecology.org","mhughes@battelleecology.org"
"d0f7aba6-15a2-4380-853e-9bdb46b2bf2a","NIWO_040.basePlot.ltr","D13","NIWO","NIWO_040","NIWO_040_205","2018-08-02","2018-08-30","LTR.2018.NIWO.04",28,"NEON.LTR.NIWO040205.20180830","NEON.DOC.001710vE","OK - Litter collected - Trap in good shape, no issues",,,"wmalone@battelleecology.org","dpensinger@battelleecology.org"
"2643494e-ab5d-48e2-91f9-147186422ace","NIWO_057.basePlot.ltr","D13","NIWO","NIWO_057","NIWO_057_081","2018-08-02","2018-08-30","LTR.2018.NIWO.04",28,"NEON.LTR.NIWO057081.20180830","NEON.DOC.001710vE","OK - Litter collected - Trap in good shape, no issues",,,"wmalone@battelleecology.org","dpensinger@battelleecology.org"
"39f15c8d-b66a-4215-817e-c011fdaf3b63","NIWO_058.basePlot.ltr","D13","NIWO","NIWO_058","NIWO_058_101","2018-08-02","2018-08-30","LTR.2018.NIWO.04",28,"NEON.LTR.NIWO058101.20180830","NEON.DOC.001710vE","OK - Litter collected - Trap in good shape, no issues",,,"wmalone@battelleecology.org","dpensinger@battelleecology.org"
"8ffae537-5e5e-4067-b6d5-191931f0c1e6","NIWO_064.basePlot.ltr","D13","NIWO","NIWO_064","NIWO_064_103","2018-08-02","2018-08-30","LTR.2018.NIWO.04",28,"NEON.LTR.NIWO064103.20180830","NEON.DOC.001710vE","OK - Litter collected - Trap in good shape, no issues",,,"wmalone@battelleecology.org","dpensinger@battelleecology.org"
"be2cbda1-9a01-4f92-95df-a091a8bb34dc","NIWO_061.basePlot.ltr","D13","NIWO","NIWO_061","NIWO_061_169","2018-08-02","2018-08-30","LTR.2018.NIWO.04",28,"NEON.LTR.NIWO061169.20180830","NEON.DOC.001710vE","OK - Litter collected - Trap in good shape, no issues",,,"wmalone@battelleecology.org","dpensinger@battelleecology.org"
"f8a4ab36-104a-48ab-90af-5f9d83b1a155","NIWO_062.basePlot.ltr","D13","NIWO","NIWO_062","NIWO_062_050","2018-08-02","2018-08-30","LTR.2018.NIWO.04",28,"NEON.LTR.NIWO062050.20180830","NEON.DOC.001710vE","OK - Litter collected - Trap in good shape, no issues",,,"szrillo@battelleecology.org","mhughes@battelleecology.org"
"8bd62220-58fe-4c40-8761-06bdce8aae25","NIWO_046.basePlot.ltr","D13","NIWO","NIWO_046","NIWO_046_155","2018-08-02","2018-08-30","LTR.2018.NIWO.04",28,"NEON.LTR.NIWO046155.20180830","NEON.DOC.001710vE","OK - Litter collected - Trap in good shape, no issues",,,"wmalone@battelleecology.org","dpensinger@battelleecology.org"
"05fdc77a-58d3-44fd-80ab-bfd1f70dd674","NIWO_067.basePlot.ltr","D13","NIWO","NIWO_067","NIWO_067_017","2018-08-02","2018-08-30","LTR.2018.NIWO.04",28,"NEON.LTR.NIWO067017.20180830","NEON.DOC.001710vE","OK - Litter collected - Trap in good shape, no issues",,,"szrillo@battelleecology.org","mhughes@battelleecology.org"
