uid,namedLocation,domainID,siteID,plotID,trapID,weighDate,setDate,collectDate,ovenStartDate,ovenEndDate,fieldSampleID,massSampleID,samplingProtocolVersion,functionalGroup,dryMass,qaDryMass,remarks,measuredBy
"7f065fec-bcb2-4af9-b742-8e520fab7f6e","NIWO_061.basePlot.ltr","D13","NIWO","NIWO_061","NIWO_061_169","2018-08-06","2018-07-05","2018-08-02","2018-08-02T21:00Z","2018-08-06T18:02Z","NEON.LTR.NIWO061169.20180802","NEON.LTR.NIWO061169.20180802.TWI","NEON.DOC.001710vE","Twigs/branches",0.4000,"N",,"kstyers@battelleecology.org"
"88df210b-1445-4c3f-b19e-5dabd9305c6e","NIWO_061.basePlot.ltr","D13","NIWO","NIWO_061","NIWO_061_169","2018-08-06","2018-07-05","2018-08-02","2018-08-02T21:00Z","2018-08-06T18:02Z","NEON.LTR.NIWO061169.20180802","NEON.LTR.NIWO061169.20180802.SDS","NEON.DOC.001710vE","Seeds",0.0050,"N",,"kstyers@battelleecology.org"
"7f3c549c-1dfa-43bf-a485-c7c2bcb31fd6","NIWO_061.basePlot.ltr","D13","NIWO","NIWO_061","NIWO_061_169","2018-08-06","2018-07-05","2018-08-02","2018-08-02T21:00Z","2018-08-06T18:02Z","NEON.LTR.NIWO061169.20180802","NEON.LTR.NIWO061169.20180802.WDY","NEON.DOC.001710vE","Woody material",0.0400,"Y",,"kstyers@battelleecology.org"
"97806ab5-42d2-49c0-8463-db48cd5eab12","NIWO_061.basePlot.ltr","D13","NIWO","NIWO_061","NIWO_061_169","2018-08-06","2018-07-05","2018-08-02","2018-08-02T21:00Z","2018-08-06T18:02Z","NEON.LTR.NIWO061169.20180802","NEON.LTR.NIWO061169.20180802.FLR","NEON.DOC.001710vE","Flowers",0.0050,"N",,"kstyers@battelleecology.org"
"9d7c89f5-85f8-47b6-b415-1ae208580e6f","NIWO_061.basePlot.ltr","D13","NIWO","NIWO_061","NIWO_061_169","2018-08-06","2018-07-05","2018-08-02","2018-08-02T21:00Z","2018-08-06T18:02Z","NEON.LTR.NIWO061169.20180802","NEON.LTR.NIWO061169.20180802.WDY","NEON.DOC.001710vE","Woody material",0.0700,"N",,"kstyers@battelleecology.org"
"6ca7a3e8-4d9e-4062-91a0-845f23b5b925","NIWO_061.basePlot.ltr","D13","NIWO","NIWO_061","NIWO_061_169","2018-08-06","2018-07-05","2018-08-02","2018-08-02T21:00Z","2018-08-06T18:02Z","NEON.LTR.NIWO061169.20180802","NEON.LTR.NIWO061169.20180802.NDL","NEON.DOC.001710vE","Needles",1.0000,"N",,"kstyers@battelleecology.org"
"a0f02718-2a8e-4f02-beaa-edac27ab1b74","NIWO_061.basePlot.ltr","D13","NIWO","NIWO_061","NIWO_061_169","2018-08-06","2018-07-05","2018-08-02","2018-08-02T21:00Z","2018-08-06T18:02Z","NEON.LTR.NIWO061169.20180802","NEON.LTR.NIWO061169.20180802.OTH","NEON.DOC.001710vE","Other",0.2000,"N",,"kstyers@battelleecology.org"
"500eb7f8-1881-4a10-bd41-cce84f3b3c47","NIWO_061.basePlot.ltr","D13","NIWO","NIWO_061","NIWO_061_169","2018-08-06","2018-07-05","2018-08-02","2018-08-02T21:00Z","2018-08-06T18:02Z","NEON.LTR.NIWO061169.20180802","NEON.LTR.NIWO061169.20180802.LVS","NEON.DOC.001710vE","Leaves",0.0050,"N",,"kstyers@battelleecology.org"
"aa0ce5fb-6c8f-42cb-a325-f8c6ab214cff","NIWO_064.basePlot.ltr","D13","NIWO","NIWO_064","NIWO_064_103","2018-08-06","2018-07-05","2018-08-02","2018-08-02T21:00Z","2018-08-06T18:02Z","NEON.LTR.NIWO064103.20180802","NEON.LTR.NIWO064103.20180802.FLR","NEON.DOC.001710vE","Flowers",0.1900,"N",,"kstyers@battelleecology.org"
"a588a308-b670-4f07-8040-6980d6cfdb72","NIWO_064.basePlot.ltr","D13","NIWO","NIWO_064","NIWO_064_103","2018-08-06","2018-07-05","2018-08-02","2018-08-02T21:00Z","2018-08-06T18:02Z","NEON.LTR.NIWO064103.20180802","NEON.LTR.NIWO064103.20180802.WDY","NEON.DOC.001710vE","Woody material",1.1800,"Y",,"kstyers@battelleecology.org"
"9df0737f-67f3-4d29-a1ec-8eab4ebc2726","NIWO_064.basePlot.ltr","D13","NIWO","NIWO_064","NIWO_064_103","2018-08-06","2018-07-05","2018-08-02","2018-08-02T21:00Z","2018-08-06T18:02Z","NEON.LTR.NIWO064103.20180802","NEON.LTR.NIWO064103.20180802.WDY","NEON.DOC.001710vE","Woody material",1.1800,"N",,"kstyers@battelleecology.org"
"53ec9ef3-bd18-4712-9517-4132649cafe7","NIWO_064.basePlot.ltr","D13","NIWO","NIWO_064","NIWO_064_103","2018-08-06","2018-07-05","2018-08-02","2018-08-02T21:00Z","2018-08-06T18:02Z","NEON.LTR.NIWO064103.20180802","NEON.LTR.NIWO064103.20180802.LVS","NEON.DOC.001710vE","Leaves",0.0000,"N",,"kstyers@battelleecology.org"
"57f5c94c-1655-4ea8-a492-64a660c26803","NIWO_064.basePlot.ltr","D13","NIWO","NIWO_064","NIWO_064_103","2018-08-06","2018-07-05","2018-08-02","2018-08-02T21:00Z","2018-08-06T18:02Z","NEON.LTR.NIWO064103.20180802","NEON.LTR.NIWO064103.20180802.TWI","NEON.DOC.001710vE","Twigs/branches",0.0050,"N",,"kstyers@battelleecology.org"
"65134dbe-0a9d-446c-a600-4740f396c201","NIWO_064.basePlot.ltr","D13","NIWO","NIWO_064","NIWO_064_103","2018-08-06","2018-07-05","2018-08-02","2018-08-02T21:00Z","2018-08-06T18:02Z","NEON.LTR.NIWO064103.20180802","NEON.LTR.NIWO064103.20180802.OTH","NEON.DOC.001710vE","Other",0.3500,"N",,"kstyers@battelleecology.org"
"be43eacf-16e0-4f2b-b928-2bbf0de2f3c1","NIWO_064.basePlot.ltr","D13","NIWO","NIWO_064","NIWO_064_103","2018-08-06","2018-07-05","2018-08-02","2018-08-02T21:00Z","2018-08-06T18:02Z","NEON.LTR.NIWO064103.20180802","NEON.LTR.NIWO064103.20180802.SDS","NEON.DOC.001710vE","Seeds",0.0000,"N",,"kstyers@battelleecology.org"
"836b268d-5e2f-4781-8457-b7b622d13ccd","NIWO_064.basePlot.ltr","D13","NIWO","NIWO_064","NIWO_064_103","2018-08-06","2018-07-05","2018-08-02","2018-08-02T21:00Z","2018-08-06T18:02Z","NEON.LTR.NIWO064103.20180802","NEON.LTR.NIWO064103.20180802.NDL","NEON.DOC.001710vE","Needles",3.0600,"N",,"kstyers@battelleecology.org"
"0fc3a175-47a1-4bd3-9158-96d0ec3815f9","NIWO_067.basePlot.ltr","D13","NIWO","NIWO_067","NIWO_067_017","2018-08-06","2018-07-05","2018-08-02","2018-08-02T21:00Z","2018-08-06T18:02Z","NEON.LTR.NIWO067017.20180802","NEON.LTR.NIWO067017.20180802.LVS","NEON.DOC.001710vE","Leaves",0.0000,"N",,"kstyers@battelleecology.org"
"c9bb4c46-d98f-45de-9f17-8a2c608dfe79","NIWO_067.basePlot.ltr","D13","NIWO","NIWO_067","NIWO_067_017","2018-08-06","2018-07-05","2018-08-02","2018-08-02T21:00Z","2018-08-06T18:02Z","NEON.LTR.NIWO067017.20180802","NEON.LTR.NIWO067017.20180802.FLR","NEON.DOC.001710vE","Flowers",0.0050,"N",,"kstyers@battelleecology.org"
"4e6bbdd4-3151-4a05-8b77-f5757b11531b","NIWO_067.basePlot.ltr","D13","NIWO","NIWO_067","NIWO_067_017","2018-08-06","2018-07-05","2018-08-02","2018-08-02T21:00Z","2018-08-06T18:02Z","NEON.LTR.NIWO067017.20180802","NEON.LTR.NIWO067017.20180802.OTH","NEON.DOC.001710vE","Other",0.0400,"N",,"kstyers@battelleecology.org"
"ebf1432e-c43e-48c1-ad32-ae4ce423808b","NIWO_067.basePlot.ltr","D13","NIWO","NIWO_067","NIWO_067_017","2018-08-06","2018-07-05","2018-08-02","2018-08-02T21:00Z","2018-08-06T18:02Z","NEON.LTR.NIWO067017.20180802","NEON.LTR.NIWO067017.20180802.WDY","NEON.DOC.001710vE","Woody material",0.0050,"N",,"kstyers@battelleecology.org"
"9feeb756-46f9-4bf0-8e94-f2e856728889","NIWO_067.basePlot.ltr","D13","NIWO","NIWO_067","NIWO_067_017","2018-08-06","2018-07-05","2018-08-02","2018-08-02T21:00Z","2018-08-06T18:02Z","NEON.LTR.NIWO067017.20180802","NEON.LTR.NIWO067017.20180802.TWI","NEON.DOC.001710vE","Twigs/branches",0.0050,"N",,"kstyers@battelleecology.org"
"edbee742-9d18-4c23-a097-d695a23a4e30","NIWO_067.basePlot.ltr","D13","NIWO","NIWO_067","NIWO_067_017","2018-08-06","2018-07-05","2018-08-02","2018-08-02T21:00Z","2018-08-06T18:02Z","NEON.LTR.NIWO067017.20180802","NEON.LTR.NIWO067017.20180802.NDL","NEON.DOC.001710vE","Needles",0.9300,"N",,"kstyers@battelleecology.org"
"1537c343-14f2-4a75-b91d-c827dd529b55","NIWO_067.basePlot.ltr","D13","NIWO","NIWO_067","NIWO_067_017","2018-08-06","2018-07-05","2018-08-02","2018-08-02T21:00Z","2018-08-06T18:02Z","NEON.LTR.NIWO067017.20180802","NEON.LTR.NIWO067017.20180802.MXT","NEON.DOC.001710vE","Mixed",0.0000,"N",,"kstyers@battelleecology.org"
"e101681f-57df-44ca-8d24-b14496813e8c","NIWO_067.basePlot.ltr","D13","NIWO","NIWO_067","NIWO_067_017","2018-08-06","2018-07-05","2018-08-02","2018-08-02T21:00Z","2018-08-06T18:02Z","NEON.LTR.NIWO067017.20180802","NEON.LTR.NIWO067017.20180802.SDS","NEON.DOC.001710vE","Seeds",0.0050,"N",,"kstyers@battelleecology.org"
"07780a1e-8af9-4b8a-bb9b-be8add15a1e0","NIWO_040.basePlot.ltr","D13","NIWO","NIWO_040","NIWO_040_205","2018-08-06","2018-07-05","2018-08-02","2018-08-02T21:00Z","2018-08-06T18:02Z","NEON.LTR.NIWO040205.20180802","NEON.LTR.NIWO040205.20180802.OTH","NEON.DOC.001710vE","Other",0.0000,"N",,"kstyers@battelleecology.org"
"4bca72cc-6f04-480b-95c9-4f55345f32bd","NIWO_040.basePlot.ltr","D13","NIWO","NIWO_040","NIWO_040_205","2018-08-06","2018-07-05","2018-08-02","2018-08-02T21:00Z","2018-08-06T18:02Z","NEON.LTR.NIWO040205.20180802","NEON.LTR.NIWO040205.20180802.LVS","NEON.DOC.001710vE","Leaves",0.0000,"N",,"kstyers@battelleecology.org"
"b0be64dc-fb65-41e6-b9fa-30201c94606b","NIWO_040.basePlot.ltr","D13","NIWO","NIWO_040","NIWO_040_205","2018-08-06","2018-07-05","2018-08-02","2018-08-02T21:00Z","2018-08-06T18:02Z","NEON.LTR.NIWO040205.20180802","NEON.LTR.NIWO040205.20180802.TWI","NEON.DOC.001710vE","Twigs/branches",0.7200,"N",,"kstyers@battelleecology.org"
"6856b517-6d05-403c-893a-3dd8a7b30bff","NIWO_040.basePlot.ltr","D13","NIWO","NIWO_040","NIWO_040_205","2018-08-06","2018-07-05","2018-08-02","2018-08-02T21:00Z","2018-08-06T18:02Z","NEON.LTR.NIWO040205.20180802","NEON.LTR.NIWO040205.20180802.MXT","NEON.DOC.001710vE","Mixed",2.1200,"Y",,"kstyers@battelleecology.org"
"ba9800b5-b01d-4ad3-87fb-1e512c8dc17d","NIWO_040.basePlot.ltr","D13","NIWO","NIWO_040","NIWO_040_205","2018-08-06","2018-07-05","2018-08-02","2018-08-02T21:00Z","2018-08-06T18:02Z","NEON.LTR.NIWO040205.20180802","NEON.LTR.NIWO040205.20180802.WDY","NEON.DOC.001710vE","Woody material",0.0000,"N",,"kstyers@battelleecology.org"
"f1a1cf1e-1f74-4500-81e3-d179dabed35c","NIWO_040.basePlot.ltr","D13","NIWO","NIWO_040","NIWO_040_205","2018-08-06","2018-07-05","2018-08-02","2018-08-02T21:00Z","2018-08-06T18:02Z","NEON.LTR.NIWO040205.20180802","NEON.LTR.NIWO040205.20180802.NDL","NEON.DOC.001710vE","Needles",3.2400,"N",,"kstyers@battelleecology.org"
"acf36093-4706-4dcb-be8c-d4d3a845548f","NIWO_040.basePlot.ltr","D13","NIWO","NIWO_040","NIWO_040_205","2018-08-06","2018-07-05","2018-08-02","2018-08-02T21:00Z","2018-08-06T18:02Z","NEON.LTR.NIWO040205.20180802","NEON.LTR.NIWO040205.20180802.FLR","NEON.DOC.001710vE","Flowers",0.2400,"N",,"kstyers@battelleecology.org"
"1475c9b3-a732-4617-bffa-406b072d382e","NIWO_040.basePlot.ltr","D13","NIWO","NIWO_040","NIWO_040_205","2018-08-06","2018-07-05","2018-08-02","2018-08-02T21:00Z","2018-08-06T18:02Z","NEON.LTR.NIWO040205.20180802","NEON.LTR.NIWO040205.20180802.MXT","NEON.DOC.001710vE","Mixed",2.1700,"N",,"kstyers@battelleecology.org"
"0f34060c-fc8a-4c8c-bd71-5836e9bbfb05","NIWO_040.basePlot.ltr","D13","NIWO","NIWO_040","NIWO_040_205","2018-08-06","2018-07-05","2018-08-02","2018-08-02T21:00Z","2018-08-06T18:02Z","NEON.LTR.NIWO040205.20180802","NEON.LTR.NIWO040205.20180802.NDL","NEON.DOC.001710vE","Needles",3.1600,"Y",,"kstyers@battelleecology.org"
"c1b97ed7-ff4e-4982-9e61-a41d0ab8cbbd","NIWO_040.basePlot.ltr","D13","NIWO","NIWO_040","NIWO_040_205","2018-08-06","2018-07-05","2018-08-02","2018-08-02T21:00Z","2018-08-06T18:02Z","NEON.LTR.NIWO040205.20180802","NEON.LTR.NIWO040205.20180802.SDS","NEON.DOC.001710vE","Seeds",0.0000,"N",,"kstyers@battelleecology.org"
"f7577092-93be-4a42-9157-f2ee2b12318f","NIWO_041.basePlot.ltr","D13","NIWO","NIWO_041","NIWO_041_059","2018-08-06","2018-07-05","2018-08-02","2018-08-02T21:00Z","2018-08-06T18:02Z","NEON.LTR.NIWO041059.20180802","NEON.LTR.NIWO041059.20180802.MXT","NEON.DOC.001710vE","Mixed",0.1700,"N",,"kstyers@battelleecology.org"
"99709f0e-3989-412e-a80d-6987d2ac54e9","NIWO_041.basePlot.ltr","D13","NIWO","NIWO_041","NIWO_041_059","2018-08-06","2018-07-05","2018-08-02","2018-08-02T21:00Z","2018-08-06T18:02Z","NEON.LTR.NIWO041059.20180802","NEON.LTR.NIWO041059.20180802.SDS","NEON.DOC.001710vE","Seeds",0.0000,"N",,"kstyers@battelleecology.org"
"4920d35f-624a-45cc-9c75-dac8f9f1d9f8","NIWO_063.basePlot.ltr","D13","NIWO","NIWO_063","NIWO_063_062","2018-08-06","2018-07-05","2018-08-02","2018-08-02T21:00Z","2018-08-06T18:02Z","NEON.LTR.NIWO063062.20180802","NEON.LTR.NIWO063062.20180802.WDY","NEON.DOC.001710vE","Woody material",0.0050,"N",,"kstyers@battelleecology.org"
"a1afcbb7-add9-4dd5-8feb-1b0a5e295fed","NIWO_063.basePlot.ltr","D13","NIWO","NIWO_063","NIWO_063_062","2018-08-06","2018-07-05","2018-08-02","2018-08-02T21:00Z","2018-08-06T18:02Z","NEON.LTR.NIWO063062.20180802","NEON.LTR.NIWO063062.20180802.NDL","NEON.DOC.001710vE","Needles",0.2400,"N",,"kstyers@battelleecology.org"
"9cf0463e-c60b-4619-8658-2ed071ae3dcd","NIWO_063.basePlot.ltr","D13","NIWO","NIWO_063","NIWO_063_062","2018-08-06","2018-07-05","2018-08-02","2018-08-02T21:00Z","2018-08-06T18:02Z","NEON.LTR.NIWO063062.20180802","NEON.LTR.NIWO063062.20180802.TWI","NEON.DOC.001710vE","Twigs/branches",0.0600,"N",,"kstyers@battelleecology.org"
"73a932ba-e4c5-4ca7-9f19-8d34ef1dea5a","NIWO_063.basePlot.ltr","D13","NIWO","NIWO_063","NIWO_063_062","2018-08-06","2018-07-05","2018-08-02","2018-08-02T21:00Z","2018-08-06T18:02Z","NEON.LTR.NIWO063062.20180802","NEON.LTR.NIWO063062.20180802.LVS","NEON.DOC.001710vE","Leaves",0.0000,"N",,"kstyers@battelleecology.org"
"a94addfa-17fc-47cb-8d69-4af3903c8bec","NIWO_063.basePlot.ltr","D13","NIWO","NIWO_063","NIWO_063_062","2018-08-06","2018-07-05","2018-08-02","2018-08-02T21:00Z","2018-08-06T18:02Z","NEON.LTR.NIWO063062.20180802","NEON.LTR.NIWO063062.20180802.SDS","NEON.DOC.001710vE","Seeds",0.0000,"N",,"kstyers@battelleecology.org"
"51b709df-af0d-441c-8835-b4bf2251ac17","NIWO_041.basePlot.ltr","D13","NIWO","NIWO_041","NIWO_041_059","2018-08-06","2018-07-05","2018-08-02","2018-08-02T21:00Z","2018-08-06T18:02Z","NEON.LTR.NIWO041059.20180802","NEON.LTR.NIWO041059.20180802.FLR","NEON.DOC.001710vE","Flowers",0.0050,"N",,"kstyers@battelleecology.org"
"cb0eb445-e514-468e-bcad-b6b4ae52ccba","NIWO_041.basePlot.ltr","D13","NIWO","NIWO_041","NIWO_041_059","2018-08-06","2018-07-05","2018-08-02","2018-08-02T21:00Z","2018-08-06T18:02Z","NEON.LTR.NIWO041059.20180802","NEON.LTR.NIWO041059.20180802.NDL","NEON.DOC.001710vE","Needles",1.7900,"N",,"kstyers@battelleecology.org"
"f7188915-7307-4a91-b71c-7e3ff38f7d0b","NIWO_041.basePlot.ltr","D13","NIWO","NIWO_041","NIWO_041_059","2018-08-06","2018-07-05","2018-08-02","2018-08-02T21:00Z","2018-08-06T18:02Z","NEON.LTR.NIWO041059.20180802","NEON.LTR.NIWO041059.20180802.WDY","NEON.DOC.001710vE","Woody material",0.0050,"N",,"kstyers@battelleecology.org"
"c5b62b0f-e753-40e0-8cf3-e78d8a2c6c8a","NIWO_041.basePlot.ltr","D13","NIWO","NIWO_041","NIWO_041_059","2018-08-06","2018-07-05","2018-08-02","2018-08-02T21:00Z","2018-08-06T18:02Z","NEON.LTR.NIWO041059.20180802","NEON.LTR.NIWO041059.20180802.OTH","NEON.DOC.001710vE","Other",0.0000,"N",,"kstyers@battelleecology.org"
"85a503a8-6817-4513-8a64-d780842d6947","NIWO_041.basePlot.ltr","D13","NIWO","NIWO_041","NIWO_041_059","2018-08-06","2018-07-05","2018-08-02","2018-08-02T21:00Z","2018-08-06T18:02Z","NEON.LTR.NIWO041059.20180802","NEON.LTR.NIWO041059.20180802.TWI","NEON.DOC.001710vE","Twigs/branches",0.0050,"N",,"kstyers@battelleecology.org"
"1b049f51-fbda-4b62-83fb-652da4308f5a","NIWO_041.basePlot.ltr","D13","NIWO","NIWO_041","NIWO_041_059","2018-08-06","2018-07-05","2018-08-02","2018-08-02T21:00Z","2018-08-06T18:02Z","NEON.LTR.NIWO041059.20180802","NEON.LTR.NIWO041059.20180802.LVS","NEON.DOC.001710vE","Leaves",0.0050,"N",,"kstyers@battelleecology.org"
"3f0a9383-16f4-4197-808c-55ac449b952d","NIWO_047.basePlot.ltr","D13","NIWO","NIWO_047","NIWO_047_197","2018-08-06","2018-07-05","2018-08-02","2018-08-02T21:00Z","2018-08-06T18:02Z","NEON.LTR.NIWO047197.20180802","NEON.LTR.NIWO047197.20180802.LVS","NEON.DOC.001710vE","Leaves",0.0050,"Y",,"kstyers@battelleecology.org"
"25fff36f-f181-4f62-8529-b419227909d2","NIWO_047.basePlot.ltr","D13","NIWO","NIWO_047","NIWO_047_197","2018-08-06","2018-07-05","2018-08-02","2018-08-02T21:00Z","2018-08-06T18:02Z","NEON.LTR.NIWO047197.20180802","NEON.LTR.NIWO047197.20180802.WDY","NEON.DOC.001710vE","Woody material",0.0000,"N",,"kstyers@battelleecology.org"
"ce1f0639-26a8-4a90-9df5-39549bfa412b","NIWO_047.basePlot.ltr","D13","NIWO","NIWO_047","NIWO_047_197","2018-08-06","2018-07-05","2018-08-02","2018-08-02T21:00Z","2018-08-06T18:02Z","NEON.LTR.NIWO047197.20180802","NEON.LTR.NIWO047197.20180802.NDL","NEON.DOC.001710vE","Needles",0.0300,"N",,"kstyers@battelleecology.org"
"028eea3d-5c20-4afc-bb7e-a05bab305152","NIWO_047.basePlot.ltr","D13","NIWO","NIWO_047","NIWO_047_197","2018-08-06","2018-07-05","2018-08-02","2018-08-02T21:00Z","2018-08-06T18:02Z","NEON.LTR.NIWO047197.20180802","NEON.LTR.NIWO047197.20180802.FLR","NEON.DOC.001710vE","Flowers",0.0000,"N",,"kstyers@battelleecology.org"
"89f98b92-bbc5-4a43-a852-46db48f6b16f","NIWO_047.basePlot.ltr","D13","NIWO","NIWO_047","NIWO_047_197","2018-08-06","2018-07-05","2018-08-02","2018-08-02T21:00Z","2018-08-06T18:02Z","NEON.LTR.NIWO047197.20180802","NEON.LTR.NIWO047197.20180802.TWI","NEON.DOC.001710vE","Twigs/branches",0.0000,"N",,"kstyers@battelleecology.org"
"fc47bdf8-99aa-4289-9158-6ebe5b4ccb06","NIWO_047.basePlot.ltr","D13","NIWO","NIWO_047","NIWO_047_197","2018-08-06","2018-07-05","2018-08-02","2018-08-02T21:00Z","2018-08-06T18:02Z","NEON.LTR.NIWO047197.20180802","NEON.LTR.NIWO047197.20180802.LVS","NEON.DOC.001710vE","Leaves",0.0050,"N",,"kstyers@battelleecology.org"
"88ae9d88-44fd-4ef3-ba99-bd5c0590b507","NIWO_047.basePlot.ltr","D13","NIWO","NIWO_047","NIWO_047_197","2018-08-06","2018-07-05","2018-08-02","2018-08-02T21:00Z","2018-08-06T18:02Z","NEON.LTR.NIWO047197.20180802","NEON.LTR.NIWO047197.20180802.OTH","NEON.DOC.001710vE","Other",0.0050,"N",,"kstyers@battelleecology.org"
"7dd99eca-b6ef-42f7-8ce1-672c1d4626a5","NIWO_047.basePlot.ltr","D13","NIWO","NIWO_047","NIWO_047_197","2018-08-06","2018-07-05","2018-08-02","2018-08-02T21:00Z","2018-08-06T18:02Z","NEON.LTR.NIWO047197.20180802","NEON.LTR.NIWO047197.20180802.SDS","NEON.DOC.001710vE","Seeds",0.0000,"N",,"kstyers@battelleecology.org"
"0cbcd7ab-3995-49c8-8a36-6361dee82bc6","NIWO_051.basePlot.ltr","D13","NIWO","NIWO_051","NIWO_051_045","2018-08-06","2018-07-05","2018-08-02","2018-08-02T21:00Z","2018-08-06T18:02Z","NEON.LTR.NIWO051045.20180802","NEON.LTR.NIWO051045.20180802.LVS","NEON.DOC.001710vE","Leaves",0.0000,"N",,"kstyers@battelleecology.org"
"2a87c5aa-60ab-4ba1-afe5-24e0b52aa7d8","NIWO_051.basePlot.ltr","D13","NIWO","NIWO_051","NIWO_051_045","2018-08-06","2018-07-05","2018-08-02","2018-08-02T21:00Z","2018-08-06T18:02Z","NEON.LTR.NIWO051045.20180802","NEON.LTR.NIWO051045.20180802.OTH","NEON.DOC.001710vE","Other",0.0050,"N",,"kstyers@battelleecology.org"
"491fba9a-a682-4f7c-ac22-5b01b759f734","NIWO_051.basePlot.ltr","D13","NIWO","NIWO_051","NIWO_051_045","2018-08-06","2018-07-05","2018-08-02","2018-08-02T21:00Z","2018-08-06T18:02Z","NEON.LTR.NIWO051045.20180802","NEON.LTR.NIWO051045.20180802.TWI","NEON.DOC.001710vE","Twigs/branches",0.0500,"N",,"kstyers@battelleecology.org"
"ba4d7a74-4570-4317-bea1-69a81b8083bf","NIWO_051.basePlot.ltr","D13","NIWO","NIWO_051","NIWO_051_045","2018-08-06","2018-07-05","2018-08-02","2018-08-02T21:00Z","2018-08-06T18:02Z","NEON.LTR.NIWO051045.20180802","NEON.LTR.NIWO051045.20180802.NDL","NEON.DOC.001710vE","Needles",0.4700,"N",,"kstyers@battelleecology.org"
"cbf183ba-6177-4afc-88d6-328f37fd57d4","NIWO_051.basePlot.ltr","D13","NIWO","NIWO_051","NIWO_051_045","2018-08-06","2018-07-05","2018-08-02","2018-08-02T21:00Z","2018-08-06T18:02Z","NEON.LTR.NIWO051045.20180802","NEON.LTR.NIWO051045.20180802.WDY","NEON.DOC.001710vE","Woody material",0.0050,"N",,"kstyers@battelleecology.org"
"77a0a09f-c819-4e54-b322-0529fa585d02","NIWO_051.basePlot.ltr","D13","NIWO","NIWO_051","NIWO_051_045","2018-08-06","2018-07-05","2018-08-02","2018-08-02T21:00Z","2018-08-06T18:02Z","NEON.LTR.NIWO051045.20180802","NEON.LTR.NIWO051045.20180802.FLR","NEON.DOC.001710vE","Flowers",0.0050,"N",,"kstyers@battelleecology.org"
"e5bbc4fc-92d5-4fab-b151-3e9655678e65","NIWO_051.basePlot.ltr","D13","NIWO","NIWO_051","NIWO_051_045","2018-08-06","2018-07-05","2018-08-02","2018-08-02T21:00Z","2018-08-06T18:02Z","NEON.LTR.NIWO051045.20180802","NEON.LTR.NIWO051045.20180802.SDS","NEON.DOC.001710vE","Seeds",0.0000,"N",,"kstyers@battelleecology.org"
"0a6cae78-ea42-4e68-98c6-9d929068a38a","NIWO_058.basePlot.ltr","D13","NIWO","NIWO_058","NIWO_058_101","2018-08-06","2018-07-05","2018-08-02","2018-08-02T21:00Z","2018-08-06T18:02Z","NEON.LTR.NIWO058101.20180802","NEON.LTR.NIWO058101.20180802.WDY","NEON.DOC.001710vE","Woody material",0.0050,"N",,"kstyers@battelleecology.org"
"80263145-05ab-4b6c-93d3-b058fd56a044","NIWO_058.basePlot.ltr","D13","NIWO","NIWO_058","NIWO_058_101","2018-08-06","2018-07-05","2018-08-02","2018-08-02T21:00Z","2018-08-06T18:02Z","NEON.LTR.NIWO058101.20180802","NEON.LTR.NIWO058101.20180802.NDL","NEON.DOC.001710vE","Needles",1.6400,"N",,"kstyers@battelleecology.org"
"fe503f47-15a6-497f-b7dc-b865099d0faa","NIWO_058.basePlot.ltr","D13","NIWO","NIWO_058","NIWO_058_101","2018-08-06","2018-07-05","2018-08-02","2018-08-02T21:00Z","2018-08-06T18:02Z","NEON.LTR.NIWO058101.20180802","NEON.LTR.NIWO058101.20180802.TWI","NEON.DOC.001710vE","Twigs/branches",0.0000,"N",,"kstyers@battelleecology.org"
"76676d6a-bdd4-4764-b56f-1e8abd242d62","NIWO_058.basePlot.ltr","D13","NIWO","NIWO_058","NIWO_058_101","2018-08-06","2018-07-05","2018-08-02","2018-08-02T21:00Z","2018-08-06T18:02Z","NEON.LTR.NIWO058101.20180802","NEON.LTR.NIWO058101.20180802.NDL","NEON.DOC.001710vE","Needles",1.6700,"Y",,"kstyers@battelleecology.org"
"3eb148f7-219b-43ba-9d39-7c9ea4c6f569","NIWO_058.basePlot.ltr","D13","NIWO","NIWO_058","NIWO_058_101","2018-08-06","2018-07-05","2018-08-02","2018-08-02T21:00Z","2018-08-06T18:02Z","NEON.LTR.NIWO058101.20180802","NEON.LTR.NIWO058101.20180802.OTH","NEON.DOC.001710vE","Other",0.0050,"N",,"kstyers@battelleecology.org"
"fbc280eb-cd64-41d6-bb82-616d9b11a8a5","NIWO_058.basePlot.ltr","D13","NIWO","NIWO_058","NIWO_058_101","2018-08-06","2018-07-05","2018-08-02","2018-08-02T21:00Z","2018-08-06T18:02Z","NEON.LTR.NIWO058101.20180802","NEON.LTR.NIWO058101.20180802.FLR","NEON.DOC.001710vE","Flowers",0.0000,"N",,"kstyers@battelleecology.org"
"63867744-5cd5-4c61-96f1-e6522ea3ef55","NIWO_058.basePlot.ltr","D13","NIWO","NIWO_058","NIWO_058_101","2018-08-06","2018-07-05","2018-08-02","2018-08-02T21:00Z","2018-08-06T18:02Z","NEON.LTR.NIWO058101.20180802","NEON.LTR.NIWO058101.20180802.LVS","NEON.DOC.001710vE","Leaves",0.0000,"N",,"kstyers@battelleecology.org"
"ea74be18-c9ce-4708-8ad6-513be0e66a22","NIWO_058.basePlot.ltr","D13","NIWO","NIWO_058","NIWO_058_101","2018-08-06","2018-07-05","2018-08-02","2018-08-02T21:00Z","2018-08-06T18:02Z","NEON.LTR.NIWO058101.20180802","NEON.LTR.NIWO058101.20180802.SDS","NEON.DOC.001710vE","Seeds",0.0000,"N",,"kstyers@battelleecology.org"
"3933adbb-6a03-4a7b-b87f-74af1fd92b50","NIWO_058.basePlot.ltr","D13","NIWO","NIWO_058","NIWO_058_101","2018-08-06","2018-07-05","2018-08-02","2018-08-02T21:00Z","2018-08-06T18:02Z","NEON.LTR.NIWO058101.20180802","NEON.LTR.NIWO058101.20180802.OTH","NEON.DOC.001710vE","Other",0.0050,"Y",,"kstyers@battelleecology.org"
"c6a43776-e89f-463b-b27a-fa7b5de8a334","NIWO_063.basePlot.ltr","D13","NIWO","NIWO_063","NIWO_063_062","2018-08-06","2018-07-05","2018-08-02","2018-08-02T21:00Z","2018-08-06T18:02Z","NEON.LTR.NIWO063062.20180802","NEON.LTR.NIWO063062.20180802.OTH","NEON.DOC.001710vE","Other",0.0050,"N",,"kstyers@battelleecology.org"
"b209072a-dc98-480b-b41c-1da05d97a137","NIWO_063.basePlot.ltr","D13","NIWO","NIWO_063","NIWO_063_062","2018-08-06","2018-07-05","2018-08-02","2018-08-02T21:00Z","2018-08-06T18:02Z","NEON.LTR.NIWO063062.20180802","NEON.LTR.NIWO063062.20180802.FLR","NEON.DOC.001710vE","Flowers",0.0000,"N",,"kstyers@battelleecology.org"
"9812f8f1-25bf-4b29-8a51-5762e99b7578","NIWO_046.basePlot.ltr","D13","NIWO","NIWO_046","NIWO_046_155","2018-08-06","2018-07-05","2018-08-02","2018-08-02T21:00Z","2018-08-06T18:02Z","NEON.LTR.NIWO046155.20180802","NEON.LTR.NIWO046155.20180802.NDL","NEON.DOC.001710vE","Needles",3.9200,"Y",,"kstyers@battelleecology.org"
"d2c18392-2022-4984-86e1-290749d371bc","NIWO_046.basePlot.ltr","D13","NIWO","NIWO_046","NIWO_046_155","2018-08-06","2018-07-05","2018-08-02","2018-08-02T21:00Z","2018-08-06T18:02Z","NEON.LTR.NIWO046155.20180802","NEON.LTR.NIWO046155.20180802.LVS","NEON.DOC.001710vE","Leaves",0.0000,"N",,"kstyers@battelleecology.org"
"324775a3-4799-4496-b545-8770724212ed","NIWO_046.basePlot.ltr","D13","NIWO","NIWO_046","NIWO_046_155","2018-08-06","2018-07-05","2018-08-02","2018-08-02T21:00Z","2018-08-06T18:02Z","NEON.LTR.NIWO046155.20180802","NEON.LTR.NIWO046155.20180802.TWI","NEON.DOC.001710vE","Twigs/branches",0.6300,"N",,"kstyers@battelleecology.org"
"47c666c6-577b-4de5-90d1-972eb7dd7820","NIWO_046.basePlot.ltr","D13","NIWO","NIWO_046","NIWO_046_155","2018-08-06","2018-07-05","2018-08-02","2018-08-02T21:00Z","2018-08-06T18:02Z","NEON.LTR.NIWO046155.20180802","NEON.LTR.NIWO046155.20180802.TWI","NEON.DOC.001710vE","Twigs/branches",0.6300,"Y",,"kstyers@battelleecology.org"
"3195d37b-860c-400e-ab26-3cf08f034563","NIWO_046.basePlot.ltr","D13","NIWO","NIWO_046","NIWO_046_155","2018-08-06","2018-07-05","2018-08-02","2018-08-02T21:00Z","2018-08-06T18:02Z","NEON.LTR.NIWO046155.20180802","NEON.LTR.NIWO046155.20180802.MXT","NEON.DOC.001710vE","Mixed",0.0900,"N",,"kstyers@battelleecology.org"
"aa7ef4c5-da6d-4455-8761-730dd4135191","NIWO_046.basePlot.ltr","D13","NIWO","NIWO_046","NIWO_046_155","2018-08-06","2018-07-05","2018-08-02","2018-08-02T21:00Z","2018-08-06T18:02Z","NEON.LTR.NIWO046155.20180802","NEON.LTR.NIWO046155.20180802.OTH","NEON.DOC.001710vE","Other",0.0000,"N",,"kstyers@battelleecology.org"
"38e221c3-5011-4d73-aa99-8127154ddd0c","NIWO_046.basePlot.ltr","D13","NIWO","NIWO_046","NIWO_046_155","2018-08-06","2018-07-05","2018-08-02","2018-08-02T21:00Z","2018-08-06T18:02Z","NEON.LTR.NIWO046155.20180802","NEON.LTR.NIWO046155.20180802.NDL","NEON.DOC.001710vE","Needles",3.9200,"N",,"kstyers@battelleecology.org"
"f8ef9082-9281-4c65-862c-f2696da58e2a","NIWO_046.basePlot.ltr","D13","NIWO","NIWO_046","NIWO_046_155","2018-08-06","2018-07-05","2018-08-02","2018-08-02T21:00Z","2018-08-06T18:02Z","NEON.LTR.NIWO046155.20180802","NEON.LTR.NIWO046155.20180802.WDY","NEON.DOC.001710vE","Woody material",0.0300,"N",,"kstyers@battelleecology.org"
"b6582d1e-b9c3-4a0d-bb37-aac749b1642e","NIWO_046.basePlot.ltr","D13","NIWO","NIWO_046","NIWO_046_155","2018-08-06","2018-07-05","2018-08-02","2018-08-02T21:00Z","2018-08-06T18:02Z","NEON.LTR.NIWO046155.20180802","NEON.LTR.NIWO046155.20180802.FLR","NEON.DOC.001710vE","Flowers",0.0200,"N",,"kstyers@battelleecology.org"
"3e567fbb-9616-444f-9d13-da894718ecf1","NIWO_046.basePlot.ltr","D13","NIWO","NIWO_046","NIWO_046_155","2018-08-06","2018-07-05","2018-08-02","2018-08-02T21:00Z","2018-08-06T18:02Z","NEON.LTR.NIWO046155.20180802","NEON.LTR.NIWO046155.20180802.SDS","NEON.DOC.001710vE","Seeds",0.0000,"N",,"kstyers@battelleecology.org"
"8c02f879-d03e-4903-9ca8-5d4dbcacac57","NIWO_062.basePlot.ltr","D13","NIWO","NIWO_062","NIWO_062_050","2018-08-06","2018-07-05","2018-08-02","2018-08-02T21:00Z","2018-08-06T18:02Z","NEON.LTR.NIWO062050.20180802","NEON.LTR.NIWO062050.20180802.SDS","NEON.DOC.001710vE","Seeds",0.0000,"N",,"kstyers@battelleecology.org"
"d1dc46e9-052d-4638-bdfd-840a9dc51f44","NIWO_062.basePlot.ltr","D13","NIWO","NIWO_062","NIWO_062_050","2018-08-06","2018-07-05","2018-08-02","2018-08-02T21:00Z","2018-08-06T18:02Z","NEON.LTR.NIWO062050.20180802","NEON.LTR.NIWO062050.20180802.TWI","NEON.DOC.001710vE","Twigs/branches",0.0000,"N",,"kstyers@battelleecology.org"
"33aa6853-b3fd-4321-b8f0-9aa144867d6b","NIWO_062.basePlot.ltr","D13","NIWO","NIWO_062","NIWO_062_050","2018-08-06","2018-07-05","2018-08-02","2018-08-02T21:00Z","2018-08-06T18:02Z","NEON.LTR.NIWO062050.20180802","NEON.LTR.NIWO062050.20180802.FLR","NEON.DOC.001710vE","Flowers",0.0000,"N",,"kstyers@battelleecology.org"
"78c8dd41-483f-4f1d-9d35-0b775d0901f2","NIWO_062.basePlot.ltr","D13","NIWO","NIWO_062","NIWO_062_050","2018-08-06","2018-07-05","2018-08-02","2018-08-02T21:00Z","2018-08-06T18:02Z","NEON.LTR.NIWO062050.20180802","NEON.LTR.NIWO062050.20180802.LVS","NEON.DOC.001710vE","Leaves",0.0000,"N",,"kstyers@battelleecology.org"
"9a6bc315-d122-49a6-9817-8288703b1277","NIWO_062.basePlot.ltr","D13","NIWO","NIWO_062","NIWO_062_050","2018-08-06","2018-07-05","2018-08-02","2018-08-02T21:00Z","2018-08-06T18:02Z","NEON.LTR.NIWO062050.20180802","NEON.LTR.NIWO062050.20180802.OTH","NEON.DOC.001710vE","Other",0.0800,"N",,"kstyers@battelleecology.org"
"250f0c64-4927-4999-aae6-0d58b1dd7cbf","NIWO_062.basePlot.ltr","D13","NIWO","NIWO_062","NIWO_062_050","2018-08-06","2018-07-05","2018-08-02","2018-08-02T21:00Z","2018-08-06T18:02Z","NEON.LTR.NIWO062050.20180802","NEON.LTR.NIWO062050.20180802.NDL","NEON.DOC.001710vE","Needles",0.3200,"N",,"kstyers@battelleecology.org"
"11d4f1e8-a7d2-4bb6-b25c-ad8296689ba5","NIWO_062.basePlot.ltr","D13","NIWO","NIWO_062","NIWO_062_050","2018-08-06","2018-07-05","2018-08-02","2018-08-02T21:00Z","2018-08-06T18:02Z","NEON.LTR.NIWO062050.20180802","NEON.LTR.NIWO062050.20180802.WDY","NEON.DOC.001710vE","Woody material",0.0050,"N",,"kstyers@battelleecology.org"
"1ec020ef-5c48-4b39-b6a7-f94f6a739987","NIWO_061.basePlot.ltr","D13","NIWO","NIWO_061","NIWO_061_169","2018-08-06","2018-07-05","2018-08-02","2018-08-02T21:00Z","2018-08-06T18:02Z","NEON.LTR.NIWO061169.20180802","NEON.LTR.NIWO061169.20180802.NDL","NEON.DOC.001710vE","Needles",1.0000,"Y",,"kstyers@battelleecology.org"
"ca636d0d-d049-4e76-be36-4a355a107b6a","NIWO_040.basePlot.ltr","D13","NIWO","NIWO_040","NIWO_040_205","2018-09-05","2018-08-02","2018-08-30","2018-08-30T22:30Z","2018-09-05T19:30Z","NEON.LTR.NIWO040205.20180830","NEON.LTR.NIWO040205.20180830.MXT","NEON.DOC.001710vE","Mixed",0.6100,"Y",,"szrillo@battelleecology.org"
"84f9566d-5364-4af7-9981-b94a494dc892","NIWO_041.basePlot.ltr","D13","NIWO","NIWO_041","NIWO_041_059","2018-09-05","2018-08-02","2018-08-30","2018-08-30T22:30Z","2018-09-05T19:30Z","NEON.LTR.NIWO041059.20180830","NEON.LTR.NIWO041059.20180830.LVS","NEON.DOC.001710vE","Leaves",0.0000,"N",,"szrillo@battelleecology.org"
"89a7b052-f348-4967-b79b-bccfb428d44f","NIWO_041.basePlot.ltr","D13","NIWO","NIWO_041","NIWO_041_059","2018-09-05","2018-08-02","2018-08-30","2018-08-30T22:30Z","2018-09-05T19:30Z","NEON.LTR.NIWO041059.20180830","NEON.LTR.NIWO041059.20180830.NDL","NEON.DOC.001710vE","Needles",8.6300,"Y",,"szrillo@battelleecology.org"
"61d57643-995d-482b-ba4a-2fa58d064555","NIWO_041.basePlot.ltr","D13","NIWO","NIWO_041","NIWO_041_059","2018-09-05","2018-08-02","2018-08-30","2018-08-30T22:30Z","2018-09-05T19:30Z","NEON.LTR.NIWO041059.20180830","NEON.LTR.NIWO041059.20180830.FLR","NEON.DOC.001710vE","Flowers",0.0050,"N",,"szrillo@battelleecology.org"
"6785dc11-9504-4fd0-9bbe-9bef31f51218","NIWO_041.basePlot.ltr","D13","NIWO","NIWO_041","NIWO_041_059","2018-09-05","2018-08-02","2018-08-30","2018-08-30T22:30Z","2018-09-05T19:30Z","NEON.LTR.NIWO041059.20180830","NEON.LTR.NIWO041059.20180830.SDS","NEON.DOC.001710vE","Seeds",0.0050,"N",,"szrillo@battelleecology.org"
"0ae1c621-387e-42a9-bcf3-7ad1c9b97ab4","NIWO_041.basePlot.ltr","D13","NIWO","NIWO_041","NIWO_041_059","2018-09-05","2018-08-02","2018-08-30","2018-08-30T22:30Z","2018-09-05T19:30Z","NEON.LTR.NIWO041059.20180830","NEON.LTR.NIWO041059.20180830.MXT","NEON.DOC.001710vE","Mixed",1.9100,"Y",,"szrillo@battelleecology.org"
"be20875b-99a3-452e-9102-8a80d59fe527","NIWO_041.basePlot.ltr","D13","NIWO","NIWO_041","NIWO_041_059","2018-09-05","2018-08-02","2018-08-30","2018-08-30T22:30Z","2018-09-05T19:30Z","NEON.LTR.NIWO041059.20180830","NEON.LTR.NIWO041059.20180830.OTH","NEON.DOC.001710vE","Other",0.0000,"N",,"szrillo@battelleecology.org"
"e923388d-bcb1-40ad-b48b-514951f98a94","NIWO_041.basePlot.ltr","D13","NIWO","NIWO_041","NIWO_041_059","2018-09-05","2018-08-02","2018-08-30","2018-08-30T22:30Z","2018-09-05T19:30Z","NEON.LTR.NIWO041059.20180830","NEON.LTR.NIWO041059.20180830.MXT","NEON.DOC.001710vE","Mixed",1.9000,"N",,"szrillo@battelleecology.org"
"f67211cc-cfdf-446b-a470-34801aed6539","NIWO_041.basePlot.ltr","D13","NIWO","NIWO_041","NIWO_041_059","2018-09-05","2018-08-02","2018-08-30","2018-08-30T22:30Z","2018-09-05T19:30Z","NEON.LTR.NIWO041059.20180830","NEON.LTR.NIWO041059.20180830.WDY","NEON.DOC.001710vE","Woody material",0.1400,"N",,"szrillo@battelleecology.org"
"30b7312e-690a-41ed-9aa2-4510769172db","NIWO_041.basePlot.ltr","D13","NIWO","NIWO_041","NIWO_041_059","2018-09-05","2018-08-02","2018-08-30","2018-08-30T22:30Z","2018-09-05T19:30Z","NEON.LTR.NIWO041059.20180830","NEON.LTR.NIWO041059.20180830.TWI","NEON.DOC.001710vE","Twigs/branches",0.3400,"Y",,"szrillo@battelleecology.org"
"68becebd-7288-4060-86a4-d0d8bfe8967b","NIWO_041.basePlot.ltr","D13","NIWO","NIWO_041","NIWO_041_059","2018-09-05","2018-08-02","2018-08-30","2018-08-30T22:30Z","2018-09-05T19:30Z","NEON.LTR.NIWO041059.20180830","NEON.LTR.NIWO041059.20180830.NDL","NEON.DOC.001710vE","Needles",8.6200,"N",,"szrillo@battelleecology.org"
"81c5d213-3ed3-44c6-a250-6365b405aaab","NIWO_041.basePlot.ltr","D13","NIWO","NIWO_041","NIWO_041_059","2018-09-05","2018-08-02","2018-08-30","2018-08-30T22:30Z","2018-09-05T19:30Z","NEON.LTR.NIWO041059.20180830","NEON.LTR.NIWO041059.20180830.TWI","NEON.DOC.001710vE","Twigs/branches",0.3400,"N",,"szrillo@battelleecology.org"
"a8f15620-bac0-4c39-8d1d-3351d5647165","NIWO_047.basePlot.ltr","D13","NIWO","NIWO_047","NIWO_047_197","2018-09-05","2018-08-02","2018-08-30","2018-08-30T22:30Z","2018-09-05T19:30Z","NEON.LTR.NIWO047197.20180830","NEON.LTR.NIWO047197.20180830.OTH","NEON.DOC.001710vE","Other",0.0050,"N",,"szrillo@battelleecology.org"
"94c59c93-b569-495f-adca-9f711a2a6eb3","NIWO_047.basePlot.ltr","D13","NIWO","NIWO_047","NIWO_047_197","2018-09-05","2018-08-02","2018-08-30","2018-08-30T22:30Z","2018-09-05T19:30Z","NEON.LTR.NIWO047197.20180830","NEON.LTR.NIWO047197.20180830.SDS","NEON.DOC.001710vE","Seeds",0.0000,"N",,"szrillo@battelleecology.org"
"94b4a3e9-bb28-48ee-9098-fb99a22f82aa","NIWO_047.basePlot.ltr","D13","NIWO","NIWO_047","NIWO_047_197","2018-09-05","2018-08-02","2018-08-30","2018-08-30T22:30Z","2018-09-05T19:30Z","NEON.LTR.NIWO047197.20180830","NEON.LTR.NIWO047197.20180830.LVS","NEON.DOC.001710vE","Leaves",0.0000,"N",,"szrillo@battelleecology.org"
"b481266c-37f9-462b-b810-51984d506c8d","NIWO_047.basePlot.ltr","D13","NIWO","NIWO_047","NIWO_047_197","2018-09-05","2018-08-02","2018-08-30","2018-08-30T22:30Z","2018-09-05T19:30Z","NEON.LTR.NIWO047197.20180830","NEON.LTR.NIWO047197.20180830.FLR","NEON.DOC.001710vE","Flowers",0.0000,"N",,"szrillo@battelleecology.org"
"51a2740a-009c-4262-be1f-b8142eebabfc","NIWO_047.basePlot.ltr","D13","NIWO","NIWO_047","NIWO_047_197","2018-09-05","2018-08-02","2018-08-30","2018-08-30T22:30Z","2018-09-05T19:30Z","NEON.LTR.NIWO047197.20180830","NEON.LTR.NIWO047197.20180830.NDL","NEON.DOC.001710vE","Needles",0.4200,"N",,"szrillo@battelleecology.org"
"65bbf249-f8e4-419a-b5fd-0b597900d074","NIWO_047.basePlot.ltr","D13","NIWO","NIWO_047","NIWO_047_197","2018-09-05","2018-08-02","2018-08-30","2018-08-30T22:30Z","2018-09-05T19:30Z","NEON.LTR.NIWO047197.20180830","NEON.LTR.NIWO047197.20180830.TWI","NEON.DOC.001710vE","Twigs/branches",0.0000,"N",,"szrillo@battelleecology.org"
"a6f6ad8c-3de1-4723-81f0-0e11b98c5b02","NIWO_047.basePlot.ltr","D13","NIWO","NIWO_047","NIWO_047_197","2018-09-05","2018-08-02","2018-08-30","2018-08-30T22:30Z","2018-09-05T19:30Z","NEON.LTR.NIWO047197.20180830","NEON.LTR.NIWO047197.20180830.WDY","NEON.DOC.001710vE","Woody material",0.0050,"N",,"szrillo@battelleecology.org"
"06789d7b-b742-41d9-8556-79d23c193dc0","NIWO_051.basePlot.ltr","D13","NIWO","NIWO_051","NIWO_051_045","2018-09-05","2018-08-02","2018-08-30","2018-08-30T22:30Z","2018-09-05T19:30Z","NEON.LTR.NIWO051045.20180830","NEON.LTR.NIWO051045.20180830.SDS","NEON.DOC.001710vE","Seeds",0.0000,"N",,"szrillo@battelleecology.org"
"bc63b722-e358-486c-9505-9b0bf85dfef4","NIWO_051.basePlot.ltr","D13","NIWO","NIWO_051","NIWO_051_045","2018-09-05","2018-08-02","2018-08-30","2018-08-30T22:30Z","2018-09-05T19:30Z","NEON.LTR.NIWO051045.20180830","NEON.LTR.NIWO051045.20180830.OTH","NEON.DOC.001710vE","Other",0.0100,"N",,"szrillo@battelleecology.org"
"81014f97-1cda-49f0-adfc-52b93890bba2","NIWO_051.basePlot.ltr","D13","NIWO","NIWO_051","NIWO_051_045","2018-09-05","2018-08-02","2018-08-30","2018-08-30T22:30Z","2018-09-05T19:30Z","NEON.LTR.NIWO051045.20180830","NEON.LTR.NIWO051045.20180830.NDL","NEON.DOC.001710vE","Needles",0.9000,"N",,"szrillo@battelleecology.org"
"14b12019-d75f-47e7-a9b9-933a63701168","NIWO_051.basePlot.ltr","D13","NIWO","NIWO_051","NIWO_051_045","2018-09-05","2018-08-02","2018-08-30","2018-08-30T22:30Z","2018-09-05T19:30Z","NEON.LTR.NIWO051045.20180830","NEON.LTR.NIWO051045.20180830.TWI","NEON.DOC.001710vE","Twigs/branches",0.0200,"N",,"szrillo@battelleecology.org"
"5fb584f4-e59e-488d-8337-8495e43f3fc0","NIWO_051.basePlot.ltr","D13","NIWO","NIWO_051","NIWO_051_045","2018-09-05","2018-08-02","2018-08-30","2018-08-30T22:30Z","2018-09-05T19:30Z","NEON.LTR.NIWO051045.20180830","NEON.LTR.NIWO051045.20180830.LVS","NEON.DOC.001710vE","Leaves",0.0000,"N",,"szrillo@battelleecology.org"
"1868228c-b789-4ed1-a688-d6b19fcdcf31","NIWO_051.basePlot.ltr","D13","NIWO","NIWO_051","NIWO_051_045","2018-09-05","2018-08-02","2018-08-30","2018-08-30T22:30Z","2018-09-05T19:30Z","NEON.LTR.NIWO051045.20180830","NEON.LTR.NIWO051045.20180830.WDY","NEON.DOC.001710vE","Woody material",0.0050,"N",,"szrillo@battelleecology.org"
"74cde2d3-9540-4012-bc2a-341b5385d59e","NIWO_051.basePlot.ltr","D13","NIWO","NIWO_051","NIWO_051_045","2018-09-05","2018-08-02","2018-08-30","2018-08-30T22:30Z","2018-09-05T19:30Z","NEON.LTR.NIWO051045.20180830","NEON.LTR.NIWO051045.20180830.FLR","NEON.DOC.001710vE","Flowers",0.0000,"N",,"szrillo@battelleecology.org"
"c13adcbc-da15-4a50-a2ee-fcc81c3722cf","NIWO_058.basePlot.ltr","D13","NIWO","NIWO_058","NIWO_058_101","2018-09-05","2018-08-02","2018-08-30","2018-08-30T22:30Z","2018-09-05T19:30Z","NEON.LTR.NIWO058101.20180830","NEON.LTR.NIWO058101.20180830.WDY","NEON.DOC.001710vE","Woody material",0.0000,"N",,"szrillo@battelleecology.org"
"1ec4b7ae-7690-48b8-8524-ee1e1ab18992","NIWO_058.basePlot.ltr","D13","NIWO","NIWO_058","NIWO_058_101","2018-09-05","2018-08-02","2018-08-30","2018-08-30T22:30Z","2018-09-05T19:30Z","NEON.LTR.NIWO058101.20180830","NEON.LTR.NIWO058101.20180830.OTH","NEON.DOC.001710vE","Other",0.0050,"N",,"szrillo@battelleecology.org"
"1ac9e884-e1f8-4138-919b-d295cfa1a215","NIWO_058.basePlot.ltr","D13","NIWO","NIWO_058","NIWO_058_101","2018-09-05","2018-08-02","2018-08-30","2018-08-30T22:30Z","2018-09-05T19:30Z","NEON.LTR.NIWO058101.20180830","NEON.LTR.NIWO058101.20180830.SDS","NEON.DOC.001710vE","Seeds",0.0000,"N",,"szrillo@battelleecology.org"
"7ccd74d3-fee9-4ff9-8fdb-6aaa11ae857b","NIWO_058.basePlot.ltr","D13","NIWO","NIWO_058","NIWO_058_101","2018-09-05","2018-08-02","2018-08-30","2018-08-30T22:30Z","2018-09-05T19:30Z","NEON.LTR.NIWO058101.20180830","NEON.LTR.NIWO058101.20180830.FLR","NEON.DOC.001710vE","Flowers",0.0300,"N",,"szrillo@battelleecology.org"
"36f4f5c4-4a49-43f7-bb4f-4290361e5674","NIWO_058.basePlot.ltr","D13","NIWO","NIWO_058","NIWO_058_101","2018-09-05","2018-08-02","2018-08-30","2018-08-30T22:30Z","2018-09-05T19:30Z","NEON.LTR.NIWO058101.20180830","NEON.LTR.NIWO058101.20180830.NDL","NEON.DOC.001710vE","Needles",2.8200,"N",,"szrillo@battelleecology.org"
"f52fb766-633a-4141-bd66-fb13dbfdbd0a","NIWO_058.basePlot.ltr","D13","NIWO","NIWO_058","NIWO_058_101","2018-09-05","2018-08-02","2018-08-30","2018-08-30T22:30Z","2018-09-05T19:30Z","NEON.LTR.NIWO058101.20180830","NEON.LTR.NIWO058101.20180830.LVS","NEON.DOC.001710vE","Leaves",0.0000,"N",,"szrillo@battelleecology.org"
"dd4fb81c-682e-47b5-b698-2186bc1e01be","NIWO_058.basePlot.ltr","D13","NIWO","NIWO_058","NIWO_058_101","2018-09-05","2018-08-02","2018-08-30","2018-08-30T22:30Z","2018-09-05T19:30Z","NEON.LTR.NIWO058101.20180830","NEON.LTR.NIWO058101.20180830.TWI","NEON.DOC.001710vE","Twigs/branches",0.0000,"N",,"szrillo@battelleecology.org"
"e79a0db0-a9da-47bb-9cce-fd50084e1edc","NIWO_063.basePlot.ltr","D13","NIWO","NIWO_063","NIWO_063_062","2018-09-05","2018-08-02","2018-08-30","2018-08-30T22:30Z","2018-09-05T19:30Z","NEON.LTR.NIWO063062.20180830","NEON.LTR.NIWO063062.20180830.SDS","NEON.DOC.001710vE","Seeds",0.0000,"N",,"szrillo@battelleecology.org"
"32bd2f37-1274-4c59-95f6-2c7a7c04c814","NIWO_063.basePlot.ltr","D13","NIWO","NIWO_063","NIWO_063_062","2018-09-05","2018-08-02","2018-08-30","2018-08-30T22:30Z","2018-09-05T19:30Z","NEON.LTR.NIWO063062.20180830","NEON.LTR.NIWO063062.20180830.NDL","NEON.DOC.001710vE","Needles",0.3000,"N",,"szrillo@battelleecology.org"
"72d1615a-c544-4165-9bdc-dfafa6914a76","NIWO_063.basePlot.ltr","D13","NIWO","NIWO_063","NIWO_063_062","2018-09-05","2018-08-02","2018-08-30","2018-08-30T22:30Z","2018-09-05T19:30Z","NEON.LTR.NIWO063062.20180830","NEON.LTR.NIWO063062.20180830.LVS","NEON.DOC.001710vE","Leaves",0.0050,"N",,"szrillo@battelleecology.org"
"aa743782-0a16-4ae8-9891-8c82ee443fc0","NIWO_063.basePlot.ltr","D13","NIWO","NIWO_063","NIWO_063_062","2018-09-05","2018-08-02","2018-08-30","2018-08-30T22:30Z","2018-09-05T19:30Z","NEON.LTR.NIWO063062.20180830","NEON.LTR.NIWO063062.20180830.FLR","NEON.DOC.001710vE","Flowers",0.0050,"N",,"szrillo@battelleecology.org"
"b57cc043-c38c-44ab-9b74-722a5a6bef98","NIWO_063.basePlot.ltr","D13","NIWO","NIWO_063","NIWO_063_062","2018-09-05","2018-08-02","2018-08-30","2018-08-30T22:30Z","2018-09-05T19:30Z","NEON.LTR.NIWO063062.20180830","NEON.LTR.NIWO063062.20180830.WDY","NEON.DOC.001710vE","Woody material",0.0000,"N",,"szrillo@battelleecology.org"
"ff27be98-6c8e-440b-8bc6-6b2aae7414d9","NIWO_063.basePlot.ltr","D13","NIWO","NIWO_063","NIWO_063_062","2018-09-05","2018-08-02","2018-08-30","2018-08-30T22:30Z","2018-09-05T19:30Z","NEON.LTR.NIWO063062.20180830","NEON.LTR.NIWO063062.20180830.TWI","NEON.DOC.001710vE","Twigs/branches",0.2000,"N",,"szrillo@battelleecology.org"
"cd691903-631f-40bf-9e89-f895e6e81ca0","NIWO_063.basePlot.ltr","D13","NIWO","NIWO_063","NIWO_063_062","2018-09-05","2018-08-02","2018-08-30","2018-08-30T22:30Z","2018-09-05T19:30Z","NEON.LTR.NIWO063062.20180830","NEON.LTR.NIWO063062.20180830.OTH","NEON.DOC.001710vE","Other",0.0000,"N",,"szrillo@battelleecology.org"
"480726a3-d83f-4144-a35d-ab986c85512c","NIWO_046.basePlot.ltr","D13","NIWO","NIWO_046","NIWO_046_155","2018-09-05","2018-08-02","2018-08-30","2018-08-30T22:30Z","2018-09-05T19:30Z","NEON.LTR.NIWO046155.20180830","NEON.LTR.NIWO046155.20180830.LVS","NEON.DOC.001710vE","Leaves",0.0000,"N",,"szrillo@battelleecology.org"
"f0e67fb7-03a9-477a-af89-43e1b4f80a8b","NIWO_046.basePlot.ltr","D13","NIWO","NIWO_046","NIWO_046_155","2018-09-05","2018-08-02","2018-08-30","2018-08-30T22:30Z","2018-09-05T19:30Z","NEON.LTR.NIWO046155.20180830","NEON.LTR.NIWO046155.20180830.NDL","NEON.DOC.001710vE","Needles",7.0000,"N",,"szrillo@battelleecology.org"
"1de997a7-2d93-4d99-950d-b374cc71d64d","NIWO_046.basePlot.ltr","D13","NIWO","NIWO_046","NIWO_046_155","2018-09-05","2018-08-02","2018-08-30","2018-08-30T22:30Z","2018-09-05T19:30Z","NEON.LTR.NIWO046155.20180830","NEON.LTR.NIWO046155.20180830.OTH","NEON.DOC.001710vE","Other",0.1100,"N",,"szrillo@battelleecology.org"
"1fb74156-86e2-4b59-a8ab-ff0a1dcd4e45","NIWO_046.basePlot.ltr","D13","NIWO","NIWO_046","NIWO_046_155","2018-09-05","2018-08-02","2018-08-30","2018-08-30T22:30Z","2018-09-05T19:30Z","NEON.LTR.NIWO046155.20180830","NEON.LTR.NIWO046155.20180830.WDY","NEON.DOC.001710vE","Woody material",0.0900,"N",,"szrillo@battelleecology.org"
"86301cd8-7886-421c-aaad-56f49a09d9c7","NIWO_046.basePlot.ltr","D13","NIWO","NIWO_046","NIWO_046_155","2018-09-05","2018-08-02","2018-08-30","2018-08-30T22:30Z","2018-09-05T19:30Z","NEON.LTR.NIWO046155.20180830","NEON.LTR.NIWO046155.20180830.SDS","NEON.DOC.001710vE","Seeds",0.0000,"N",,"szrillo@battelleecology.org"
"e61dcc1c-13b6-4b3e-b5b7-ca845eb2a661","NIWO_046.basePlot.ltr","D13","NIWO","NIWO_046","NIWO_046_155","2018-09-05","2018-08-02","2018-08-30","2018-08-30T22:30Z","2018-09-05T19:30Z","NEON.LTR.NIWO046155.20180830","NEON.LTR.NIWO046155.20180830.TWI","NEON.DOC.001710vE","Twigs/branches",1.0500,"Y",,"szrillo@battelleecology.org"
"d89bb8fd-6cae-4089-9d08-091a608c21a3","NIWO_046.basePlot.ltr","D13","NIWO","NIWO_046","NIWO_046_155","2018-09-05","2018-08-02","2018-08-30","2018-08-30T22:30Z","2018-09-05T19:30Z","NEON.LTR.NIWO046155.20180830","NEON.LTR.NIWO046155.20180830.FLR","NEON.DOC.001710vE","Flowers",0.0050,"N",,"szrillo@battelleecology.org"
"c33d2042-6a5b-4c47-8f7f-e516f1781539","NIWO_046.basePlot.ltr","D13","NIWO","NIWO_046","NIWO_046_155","2018-09-05","2018-08-02","2018-08-30","2018-08-30T22:30Z","2018-09-05T19:30Z","NEON.LTR.NIWO046155.20180830","NEON.LTR.NIWO046155.20180830.TWI","NEON.DOC.001710vE","Twigs/branches",1.0500,"N",,"szrillo@battelleecology.org"
"652a84e7-5004-465f-afd5-c42a5690c7c8","NIWO_062.basePlot.ltr","D13","NIWO","NIWO_062","NIWO_062_050","2018-09-05","2018-08-02","2018-08-30","2018-08-30T22:30Z","2018-09-05T19:30Z","NEON.LTR.NIWO062050.20180830","NEON.LTR.NIWO062050.20180830.SDS","NEON.DOC.001710vE","Seeds",0.0050,"N",,"szrillo@battelleecology.org"
"8b4b0878-e627-44a6-97d7-be404cc3c1f3","NIWO_062.basePlot.ltr","D13","NIWO","NIWO_062","NIWO_062_050","2018-09-05","2018-08-02","2018-08-30","2018-08-30T22:30Z","2018-09-05T19:30Z","NEON.LTR.NIWO062050.20180830","NEON.LTR.NIWO062050.20180830.FLR","NEON.DOC.001710vE","Flowers",0.0050,"N",,"szrillo@battelleecology.org"
"86071f09-1d00-44b8-a6d5-506d0fdc0571","NIWO_062.basePlot.ltr","D13","NIWO","NIWO_062","NIWO_062_050","2018-09-05","2018-08-02","2018-08-30","2018-08-30T22:30Z","2018-09-05T19:30Z","NEON.LTR.NIWO062050.20180830","NEON.LTR.NIWO062050.20180830.LVS","NEON.DOC.001710vE","Leaves",0.0600,"N",,"szrillo@battelleecology.org"
"368a8fb4-4955-4547-833a-3113f8e0a37a","NIWO_062.basePlot.ltr","D13","NIWO","NIWO_062","NIWO_062_050","2018-09-05","2018-08-02","2018-08-30","2018-08-30T22:30Z","2018-09-05T19:30Z","NEON.LTR.NIWO062050.20180830","NEON.LTR.NIWO062050.20180830.WDY","NEON.DOC.001710vE","Woody material",0.0500,"N",,"szrillo@battelleecology.org"
"0b274782-8e52-4f6a-bb17-36daa821f929","NIWO_062.basePlot.ltr","D13","NIWO","NIWO_062","NIWO_062_050","2018-09-05","2018-08-02","2018-08-30","2018-08-30T22:30Z","2018-09-05T19:30Z","NEON.LTR.NIWO062050.20180830","NEON.LTR.NIWO062050.20180830.OTH","NEON.DOC.001710vE","Other",0.0900,"N",,"szrillo@battelleecology.org"
"3edbccc1-9e9c-4af9-8ff4-89f05ca76309","NIWO_062.basePlot.ltr","D13","NIWO","NIWO_062","NIWO_062_050","2018-09-05","2018-08-02","2018-08-30","2018-08-30T22:30Z","2018-09-05T19:30Z","NEON.LTR.NIWO062050.20180830","NEON.LTR.NIWO062050.20180830.TWI","NEON.DOC.001710vE","Twigs/branches",0.0000,"N",,"szrillo@battelleecology.org"
"abcfac6e-f18e-422b-82e7-26680263d098","NIWO_062.basePlot.ltr","D13","NIWO","NIWO_062","NIWO_062_050","2018-09-05","2018-08-02","2018-08-30","2018-08-30T22:30Z","2018-09-05T19:30Z","NEON.LTR.NIWO062050.20180830","NEON.LTR.NIWO062050.20180830.NDL","NEON.DOC.001710vE","Needles",3.9800,"N",,"szrillo@battelleecology.org"
"8301d028-dff9-4927-a898-e305352d4867","NIWO_061.basePlot.ltr","D13","NIWO","NIWO_061","NIWO_061_169","2018-09-05","2018-08-02","2018-08-30","2018-08-30T22:30Z","2018-09-05T19:30Z","NEON.LTR.NIWO061169.20180830","NEON.LTR.NIWO061169.20180830.OTH","NEON.DOC.001710vE","Other",0.1100,"N",,"szrillo@battelleecology.org"
"4a0a0228-b65f-43fc-893d-8b09408fe851","NIWO_061.basePlot.ltr","D13","NIWO","NIWO_061","NIWO_061_169","2018-09-05","2018-08-02","2018-08-30","2018-08-30T22:30Z","2018-09-05T19:30Z","NEON.LTR.NIWO061169.20180830","NEON.LTR.NIWO061169.20180830.TWI","NEON.DOC.001710vE","Twigs/branches",0.0600,"Y",,"szrillo@battelleecology.org"
"63cb6b0a-d92c-4628-a66a-30fca548598a","NIWO_061.basePlot.ltr","D13","NIWO","NIWO_061","NIWO_061_169","2018-09-05","2018-08-02","2018-08-30","2018-08-30T22:30Z","2018-09-05T19:30Z","NEON.LTR.NIWO061169.20180830","NEON.LTR.NIWO061169.20180830.WDY","NEON.DOC.001710vE","Woody material",0.1500,"N",,"szrillo@battelleecology.org"
"e11be8c9-5bae-4b59-ae17-73d6361d13c6","NIWO_061.basePlot.ltr","D13","NIWO","NIWO_061","NIWO_061_169","2018-09-05","2018-08-02","2018-08-30","2018-08-30T22:30Z","2018-09-05T19:30Z","NEON.LTR.NIWO061169.20180830","NEON.LTR.NIWO061169.20180830.FLR","NEON.DOC.001710vE","Flowers",0.0600,"N",,"szrillo@battelleecology.org"
"894b404a-36b3-4ac1-b174-04fca02ae9c8","NIWO_061.basePlot.ltr","D13","NIWO","NIWO_061","NIWO_061_169","2018-09-05","2018-08-02","2018-08-30","2018-08-30T22:30Z","2018-09-05T19:30Z","NEON.LTR.NIWO061169.20180830","NEON.LTR.NIWO061169.20180830.TWI","NEON.DOC.001710vE","Twigs/branches",0.0200,"N",,"szrillo@battelleecology.org"
"ca411347-6a76-46a7-a649-1d4c8437ae6e","NIWO_061.basePlot.ltr","D13","NIWO","NIWO_061","NIWO_061_169","2018-09-05","2018-08-02","2018-08-30","2018-08-30T22:30Z","2018-09-05T19:30Z","NEON.LTR.NIWO061169.20180830","NEON.LTR.NIWO061169.20180830.SDS","NEON.DOC.001710vE","Seeds",0.0000,"N",,"szrillo@battelleecology.org"
"6bafe7ec-7b7a-4fb7-b5e4-8c416631dbf0","NIWO_061.basePlot.ltr","D13","NIWO","NIWO_061","NIWO_061_169","2018-09-05","2018-08-02","2018-08-30","2018-08-30T22:30Z","2018-09-05T19:30Z","NEON.LTR.NIWO061169.20180830","NEON.LTR.NIWO061169.20180830.LVS","NEON.DOC.001710vE","Leaves",0.0000,"N",,"szrillo@battelleecology.org"
"8983b717-6a35-4990-98e1-662d19bc50a4","NIWO_061.basePlot.ltr","D13","NIWO","NIWO_061","NIWO_061_169","2018-09-05","2018-08-02","2018-08-30","2018-08-30T22:30Z","2018-09-05T19:30Z","NEON.LTR.NIWO061169.20180830","NEON.LTR.NIWO061169.20180830.NDL","NEON.DOC.001710vE","Needles",1.5300,"N",,"szrillo@battelleecology.org"
"647d3e0c-5479-4dc6-80ff-a421e58d4892","NIWO_064.basePlot.ltr","D13","NIWO","NIWO_064","NIWO_064_103","2018-09-05","2018-08-02","2018-08-30","2018-08-30T22:30Z","2018-09-05T19:30Z","NEON.LTR.NIWO064103.20180830","NEON.LTR.NIWO064103.20180830.WDY","NEON.DOC.001710vE","Woody material",0.0100,"Y",,"szrillo@battelleecology.org"
"58b99e74-2267-4f04-99a5-1d5850502a7b","NIWO_064.basePlot.ltr","D13","NIWO","NIWO_064","NIWO_064_103","2018-09-05","2018-08-02","2018-08-30","2018-08-30T22:30Z","2018-09-05T19:30Z","NEON.LTR.NIWO064103.20180830","NEON.LTR.NIWO064103.20180830.WDY","NEON.DOC.001710vE","Woody material",0.0100,"N",,"szrillo@battelleecology.org"
"1ace6e31-6078-413a-9ccf-97ab249f2469","NIWO_064.basePlot.ltr","D13","NIWO","NIWO_064","NIWO_064_103","2018-09-05","2018-08-02","2018-08-30","2018-08-30T22:30Z","2018-09-05T19:30Z","NEON.LTR.NIWO064103.20180830","NEON.LTR.NIWO064103.20180830.LVS","NEON.DOC.001710vE","Leaves",0.0050,"N",,"szrillo@battelleecology.org"
"f1a11408-0c9d-4071-813e-3f03d71a98d7","NIWO_064.basePlot.ltr","D13","NIWO","NIWO_064","NIWO_064_103","2018-09-05","2018-08-02","2018-08-30","2018-08-30T22:30Z","2018-09-05T19:30Z","NEON.LTR.NIWO064103.20180830","NEON.LTR.NIWO064103.20180830.FLR","NEON.DOC.001710vE","Flowers",0.1100,"N",,"szrillo@battelleecology.org"
"f96bad2d-73b0-4319-82be-d8a180d0ef72","NIWO_064.basePlot.ltr","D13","NIWO","NIWO_064","NIWO_064_103","2018-09-05","2018-08-02","2018-08-30","2018-08-30T22:30Z","2018-09-05T19:30Z","NEON.LTR.NIWO064103.20180830","NEON.LTR.NIWO064103.20180830.SDS","NEON.DOC.001710vE","Seeds",0.0000,"N",,"szrillo@battelleecology.org"
"28e788d5-7b1f-4873-b173-79582bdc73b4","NIWO_064.basePlot.ltr","D13","NIWO","NIWO_064","NIWO_064_103","2018-09-05","2018-08-02","2018-08-30","2018-08-30T22:30Z","2018-09-05T19:30Z","NEON.LTR.NIWO064103.20180830","NEON.LTR.NIWO064103.20180830.OTH","NEON.DOC.001710vE","Other",0.0800,"N",,"szrillo@battelleecology.org"
"e4a1d2cd-0eb4-4e7c-8dab-925ee15e7c97","NIWO_064.basePlot.ltr","D13","NIWO","NIWO_064","NIWO_064_103","2018-09-05","2018-08-02","2018-08-30","2018-08-30T22:30Z","2018-09-05T19:30Z","NEON.LTR.NIWO064103.20180830","NEON.LTR.NIWO064103.20180830.NDL","NEON.DOC.001710vE","Needles",2.8200,"N",,"szrillo@battelleecology.org"
"c847a531-666b-4271-9675-b3e6a4a9ebb4","NIWO_064.basePlot.ltr","D13","NIWO","NIWO_064","NIWO_064_103","2018-09-05","2018-08-02","2018-08-30","2018-08-30T22:30Z","2018-09-05T19:30Z","NEON.LTR.NIWO064103.20180830","NEON.LTR.NIWO064103.20180830.TWI","NEON.DOC.001710vE","Twigs/branches",0.0000,"N",,"szrillo@battelleecology.org"
"729390b7-45a6-4b78-a568-ac5b2d01fd6d","NIWO_057.basePlot.ltr","D13","NIWO","NIWO_057","NIWO_057_081","2018-09-05","2018-08-02","2018-08-30","2018-08-30T22:30Z","2018-09-05T19:30Z","NEON.LTR.NIWO057081.20180830","NEON.LTR.NIWO057081.20180830.NDL","NEON.DOC.001710vE","Needles",4.0900,"N",,"szrillo@battelleecology.org"
"a424b04b-bdd7-4432-96be-1c4f7618c5a3","NIWO_057.basePlot.ltr","D13","NIWO","NIWO_057","NIWO_057_081","2018-09-05","2018-08-02","2018-08-30","2018-08-30T22:30Z","2018-09-05T19:30Z","NEON.LTR.NIWO057081.20180830","NEON.LTR.NIWO057081.20180830.FLR","NEON.DOC.001710vE","Flowers",0.0700,"N",,"szrillo@battelleecology.org"
"3803299c-3849-4efe-8b58-1944a97dbbf1","NIWO_057.basePlot.ltr","D13","NIWO","NIWO_057","NIWO_057_081","2018-09-05","2018-08-02","2018-08-30","2018-08-30T22:30Z","2018-09-05T19:30Z","NEON.LTR.NIWO057081.20180830","NEON.LTR.NIWO057081.20180830.SDS","NEON.DOC.001710vE","Seeds",0.0000,"N",,"szrillo@battelleecology.org"
"424d28fc-f70d-4e33-b540-89d1dcfe61aa","NIWO_057.basePlot.ltr","D13","NIWO","NIWO_057","NIWO_057_081","2018-09-05","2018-08-02","2018-08-30","2018-08-30T22:30Z","2018-09-05T19:30Z","NEON.LTR.NIWO057081.20180830","NEON.LTR.NIWO057081.20180830.OTH","NEON.DOC.001710vE","Other",0.2900,"N",,"szrillo@battelleecology.org"
"a06569ed-afbc-4cb5-9a62-c3d03ed10f0c","NIWO_057.basePlot.ltr","D13","NIWO","NIWO_057","NIWO_057_081","2018-09-05","2018-08-02","2018-08-30","2018-08-30T22:30Z","2018-09-05T19:30Z","NEON.LTR.NIWO057081.20180830","NEON.LTR.NIWO057081.20180830.LVS","NEON.DOC.001710vE","Leaves",0.0000,"N",,"szrillo@battelleecology.org"
"50ebc822-1a19-4741-81ca-93ce060c8381","NIWO_057.basePlot.ltr","D13","NIWO","NIWO_057","NIWO_057_081","2018-09-05","2018-08-02","2018-08-30","2018-08-30T22:30Z","2018-09-05T19:30Z","NEON.LTR.NIWO057081.20180830","NEON.LTR.NIWO057081.20180830.TWI","NEON.DOC.001710vE","Twigs/branches",5.8400,"N",,"szrillo@battelleecology.org"
"efeba585-efea-4fda-9b26-5c47c2725f8d","NIWO_057.basePlot.ltr","D13","NIWO","NIWO_057","NIWO_057_081","2018-09-05","2018-08-02","2018-08-30","2018-08-30T22:30Z","2018-09-05T19:30Z","NEON.LTR.NIWO057081.20180830","NEON.LTR.NIWO057081.20180830.TWI","NEON.DOC.001710vE","Twigs/branches",5.8700,"Y",,"szrillo@battelleecology.org"
"55afd7c2-ebf7-4581-a4c2-76af701a13da","NIWO_057.basePlot.ltr","D13","NIWO","NIWO_057","NIWO_057_081","2018-09-05","2018-08-02","2018-08-30","2018-08-30T22:30Z","2018-09-05T19:30Z","NEON.LTR.NIWO057081.20180830","NEON.LTR.NIWO057081.20180830.WDY","NEON.DOC.001710vE","Woody material",0.3200,"N",,"szrillo@battelleecology.org"
"e5e3eb9e-5813-448d-8b62-160d50634251","NIWO_067.basePlot.ltr","D13","NIWO","NIWO_067","NIWO_067_017","2018-09-05","2018-08-02","2018-08-30","2018-08-30T22:30Z","2018-09-05T19:30Z","NEON.LTR.NIWO067017.20180830","NEON.LTR.NIWO067017.20180830.NDL","NEON.DOC.001710vE","Needles",2.2800,"N",,"szrillo@battelleecology.org"
"62b2bb98-cf97-4444-ba3e-b608c799e378","NIWO_067.basePlot.ltr","D13","NIWO","NIWO_067","NIWO_067_017","2018-09-05","2018-08-02","2018-08-30","2018-08-30T22:30Z","2018-09-05T19:30Z","NEON.LTR.NIWO067017.20180830","NEON.LTR.NIWO067017.20180830.OTH","NEON.DOC.001710vE","Other",0.0000,"N",,"szrillo@battelleecology.org"
"1c833228-0664-4237-abed-ecfbe4fc14f8","NIWO_067.basePlot.ltr","D13","NIWO","NIWO_067","NIWO_067_017","2018-09-05","2018-08-02","2018-08-30","2018-08-30T22:30Z","2018-09-05T19:30Z","NEON.LTR.NIWO067017.20180830","NEON.LTR.NIWO067017.20180830.LVS","NEON.DOC.001710vE","Leaves",0.0000,"N",,"szrillo@battelleecology.org"
"dfd5b756-bfed-457f-af58-fbcc88d67690","NIWO_067.basePlot.ltr","D13","NIWO","NIWO_067","NIWO_067_017","2018-09-05","2018-08-02","2018-08-30","2018-08-30T22:30Z","2018-09-05T19:30Z","NEON.LTR.NIWO067017.20180830","NEON.LTR.NIWO067017.20180830.WDY","NEON.DOC.001710vE","Woody material",0.0050,"N",,"szrillo@battelleecology.org"
"adee8e06-a895-4eb8-9dfd-baaf7198efbc","NIWO_067.basePlot.ltr","D13","NIWO","NIWO_067","NIWO_067_017","2018-09-05","2018-08-02","2018-08-30","2018-08-30T22:30Z","2018-09-05T19:30Z","NEON.LTR.NIWO067017.20180830","NEON.LTR.NIWO067017.20180830.NDL","NEON.DOC.001710vE","Needles",2.2900,"Y",,"szrillo@battelleecology.org"
"b4b0d964-8f8a-499c-b741-bf370d598fcc","NIWO_067.basePlot.ltr","D13","NIWO","NIWO_067","NIWO_067_017","2018-09-05","2018-08-02","2018-08-30","2018-08-30T22:30Z","2018-09-05T19:30Z","NEON.LTR.NIWO067017.20180830","NEON.LTR.NIWO067017.20180830.FLR","NEON.DOC.001710vE","Flowers",0.0050,"N",,"szrillo@battelleecology.org"
"a839c806-7344-4727-b36f-24a109589729","NIWO_067.basePlot.ltr","D13","NIWO","NIWO_067","NIWO_067_017","2018-09-05","2018-08-02","2018-08-30","2018-08-30T22:30Z","2018-09-05T19:30Z","NEON.LTR.NIWO067017.20180830","NEON.LTR.NIWO067017.20180830.SDS","NEON.DOC.001710vE","Seeds",0.0000,"N",,"szrillo@battelleecology.org"
"e48b40e8-f16c-4dd6-bea9-7c64efe27202","NIWO_067.basePlot.ltr","D13","NIWO","NIWO_067","NIWO_067_017","2018-09-05","2018-08-02","2018-08-30","2018-08-30T22:30Z","2018-09-05T19:30Z","NEON.LTR.NIWO067017.20180830","NEON.LTR.NIWO067017.20180830.TWI","NEON.DOC.001710vE","Twigs/branches",0.1500,"N",,"szrillo@battelleecology.org"
"f6aaf2c1-9555-41ca-9101-5eaea74d6639","NIWO_067.basePlot.ltr","D13","NIWO","NIWO_067","NIWO_067_017","2018-09-05","2018-08-02","2018-08-30","2018-08-30T22:30Z","2018-09-05T19:30Z","NEON.LTR.NIWO067017.20180830","NEON.LTR.NIWO067017.20180830.MXT","NEON.DOC.001710vE","Mixed",0.0700,"N",,"szrillo@battelleecology.org"
"7cda3549-f9e6-4f46-8f5c-f16406a52b50","NIWO_040.basePlot.ltr","D13","NIWO","NIWO_040","NIWO_040_205","2018-09-05","2018-08-02","2018-08-30","2018-08-30T22:30Z","2018-09-05T19:30Z","NEON.LTR.NIWO040205.20180830","NEON.LTR.NIWO040205.20180830.SDS","NEON.DOC.001710vE","Seeds",0.0050,"N",,"szrillo@battelleecology.org"
"68e8292f-b86a-4efb-88d1-7820c853fe15","NIWO_040.basePlot.ltr","D13","NIWO","NIWO_040","NIWO_040_205","2018-09-05","2018-08-02","2018-08-30","2018-08-30T22:30Z","2018-09-05T19:30Z","NEON.LTR.NIWO040205.20180830","NEON.LTR.NIWO040205.20180830.WDY","NEON.DOC.001710vE","Woody material",0.9800,"N",,"szrillo@battelleecology.org"
"89f1d431-0743-4504-9e5e-be3b39c44875","NIWO_040.basePlot.ltr","D13","NIWO","NIWO_040","NIWO_040_205","2018-09-05","2018-08-02","2018-08-30","2018-08-30T22:30Z","2018-09-05T19:30Z","NEON.LTR.NIWO040205.20180830","NEON.LTR.NIWO040205.20180830.OTH","NEON.DOC.001710vE","Other",0.0000,"N",,"szrillo@battelleecology.org"
"ebeec5a0-815d-4f3d-a94f-759cca792b11","NIWO_040.basePlot.ltr","D13","NIWO","NIWO_040","NIWO_040_205","2018-09-05","2018-08-02","2018-08-30","2018-08-30T22:30Z","2018-09-05T19:30Z","NEON.LTR.NIWO040205.20180830","NEON.LTR.NIWO040205.20180830.LVS","NEON.DOC.001710vE","Leaves",0.0000,"N",,"szrillo@battelleecology.org"
"d91a07ab-0da7-4182-9e61-a04d01612f83","NIWO_040.basePlot.ltr","D13","NIWO","NIWO_040","NIWO_040_205","2018-09-05","2018-08-02","2018-08-30","2018-08-30T22:30Z","2018-09-05T19:30Z","NEON.LTR.NIWO040205.20180830","NEON.LTR.NIWO040205.20180830.NDL","NEON.DOC.001710vE","Needles",4.5500,"Y",,"szrillo@battelleecology.org"
"cc4285fd-d7cf-40b1-9f67-27aa04b502c3","NIWO_040.basePlot.ltr","D13","NIWO","NIWO_040","NIWO_040_205","2018-09-05","2018-08-02","2018-08-30","2018-08-30T22:30Z","2018-09-05T19:30Z","NEON.LTR.NIWO040205.20180830","NEON.LTR.NIWO040205.20180830.TWI","NEON.DOC.001710vE","Twigs/branches",0.0000,"N",,"szrillo@battelleecology.org"
"93f8312d-c181-4613-80af-4d081b29bf0d","NIWO_040.basePlot.ltr","D13","NIWO","NIWO_040","NIWO_040_205","2018-09-05","2018-08-02","2018-08-30","2018-08-30T22:30Z","2018-09-05T19:30Z","NEON.LTR.NIWO040205.20180830","NEON.LTR.NIWO040205.20180830.MXT","NEON.DOC.001710vE","Mixed",0.6100,"N",,"szrillo@battelleecology.org"
"5b7c6e0e-40c8-4bc6-b509-a760cbe1a5e4","NIWO_040.basePlot.ltr","D13","NIWO","NIWO_040","NIWO_040_205","2018-09-05","2018-08-02","2018-08-30","2018-08-30T22:30Z","2018-09-05T19:30Z","NEON.LTR.NIWO040205.20180830","NEON.LTR.NIWO040205.20180830.NDL","NEON.DOC.001710vE","Needles",4.5300,"N",,"szrillo@battelleecology.org"
"6de90fcf-901c-44c1-88b9-424c92df8c06","NIWO_040.basePlot.ltr","D13","NIWO","NIWO_040","NIWO_040_205","2018-09-05","2018-08-02","2018-08-30","2018-08-30T22:30Z","2018-09-05T19:30Z","NEON.LTR.NIWO040205.20180830","NEON.LTR.NIWO040205.20180830.FLR","NEON.DOC.001710vE","Flowers",0.1500,"N",,"szrillo@battelleecology.org"
